ArchStructures_H.RISCV64_H.arch_kernel_object_type.typerep_arch_kernel_object_type_IITN_arch_kernel_object_type_inst.typerep_arch_kernel_object_type_IITN_arch_kernel_object_type	ExecSpec.ArchStructures_H	RISCV64_H.arch_kernel_object_type.arch_kernel_object_type_IITN_arch_kernel_object_type itself \<Rightarrow> typerep
ArchRetypeDecls_H.RISCV64_H.asidcontrol_invocation.typerep_asidcontrol_invocation_IITN_asidcontrol_invocation_inst.typerep_asidcontrol_invocation_IITN_asidcontrol_invocation	ExecSpec.ArchRetypeDecls_H	RISCV64_H.asidcontrol_invocation.asidcontrol_invocation_IITN_asidcontrol_invocation itself \<Rightarrow> typerep
ArchInvocationLabels_H.RISCV64_H.arch_invocation_label.typerep_arch_invocation_label_IITN_arch_invocation_label_inst.typerep_arch_invocation_label_IITN_arch_invocation_label	ExecSpec.ArchInvocationLabels_H	RISCV64_H.arch_invocation_label.arch_invocation_label_IITN_arch_invocation_label itself \<Rightarrow> typerep
ArchRetypeDecls_H.RISCV64_H.asidcontrol_invocation.typerep_asidcontrol_invocation_pre_asidcontrol_invocation_inst.typerep_asidcontrol_invocation_pre_asidcontrol_invocation	ExecSpec.ArchRetypeDecls_H	RISCV64_H.asidcontrol_invocation_pre_asidcontrol_invocation itself \<Rightarrow> typerep
ArchInvocationLabels_H.RISCV64_H.arch_invocation_label.typerep_arch_invocation_label_pre_arch_invocation_label_inst.typerep_arch_invocation_label_pre_arch_invocation_label	ExecSpec.ArchInvocationLabels_H	RISCV64_H.arch_invocation_label_pre_arch_invocation_label itself \<Rightarrow> typerep
Arch_Structs_B.RISCV64_H.riscvvspace_region_use.typerep_riscvvspace_region_use_IITN_riscvvspace_region_use_inst.typerep_riscvvspace_region_use_IITN_riscvvspace_region_use	ExecSpec.Arch_Structs_B	RISCV64_H.riscvvspace_region_use.riscvvspace_region_use_IITN_riscvvspace_region_use itself \<Rightarrow> typerep
Arch_Structs_B.RISCV64_H.riscvvspace_region_use.typerep_riscvvspace_region_use_pre_riscvvspace_region_use_inst.typerep_riscvvspace_region_use_pre_riscvvspace_region_use	ExecSpec.Arch_Structs_B	RISCV64_H.riscvvspace_region_use_pre_riscvvspace_region_use itself \<Rightarrow> typerep
ArchRetypeDecls_H.RISCV64_H.page_table_invocation.typerep_page_table_invocation_IITN_page_table_invocation_inst.typerep_page_table_invocation_IITN_page_table_invocation	ExecSpec.ArchRetypeDecls_H	RISCV64_H.page_table_invocation.page_table_invocation_IITN_page_table_invocation itself \<Rightarrow> typerep
ArchRetypeDecls_H.RISCV64_H.irqcontrol_invocation.typerep_irqcontrol_invocation_IITN_irqcontrol_invocation_inst.typerep_irqcontrol_invocation_IITN_irqcontrol_invocation	ExecSpec.ArchRetypeDecls_H	RISCV64_H.irqcontrol_invocation.irqcontrol_invocation_IITN_irqcontrol_invocation itself \<Rightarrow> typerep
ArchRetypeDecls_H.RISCV64_H.page_table_invocation.typerep_page_table_invocation_pre_page_table_invocation_inst.typerep_page_table_invocation_pre_page_table_invocation	ExecSpec.ArchRetypeDecls_H	RISCV64_H.page_table_invocation_pre_page_table_invocation itself \<Rightarrow> typerep
ArchRetypeDecls_H.RISCV64_H.irqcontrol_invocation.typerep_irqcontrol_invocation_pre_irqcontrol_invocation_inst.typerep_irqcontrol_invocation_pre_irqcontrol_invocation	ExecSpec.ArchRetypeDecls_H	RISCV64_H.irqcontrol_invocation_pre_irqcontrol_invocation itself \<Rightarrow> typerep
ArchStructures_H.RISCV64_H.arch_kernel_object_type.arch_kernel_object_type_IITN_arch_kernel_object_type.Rep_arch_kernel_object_type_IITN_arch_kernel_object_type	ExecSpec.ArchStructures_H	RISCV64_H.arch_kernel_object_type.arch_kernel_object_type_IITN_arch_kernel_object_type \<Rightarrow> ((nat + unit + unit) set \<Rightarrow> bool) set \<times>               (unit + unit                \<Rightarrow> (nat + unit + unit) set \<Rightarrow> bool)
ArchStructures_H.RISCV64_H.arch_kernel_object_type.arch_kernel_object_type_IITN_arch_kernel_object_type.Abs_arch_kernel_object_type_IITN_arch_kernel_object_type	ExecSpec.ArchStructures_H	((nat + unit + unit) set \<Rightarrow> bool) set \<times> (unit + unit \<Rightarrow> (nat + unit + unit) set \<Rightarrow> bool) \<Rightarrow> RISCV64_H.arch_kernel_object_type.arch_kernel_object_type_IITN_arch_kernel_object_type
InvocationLabels_H.gen_invocation_labels.typerep_gen_invocation_labels_IITN_gen_invocation_labels_inst.typerep_gen_invocation_labels_IITN_gen_invocation_labels	ExecSpec.InvocationLabels_H	gen_invocation_labels.gen_invocation_labels_IITN_gen_invocation_labels itself \<Rightarrow> typerep
ArchRetypeDecls_H.RISCV64_H.asidpool_invocation.typerep_asidpool_invocation_IITN_asidpool_invocation_inst.typerep_asidpool_invocation_IITN_asidpool_invocation	ExecSpec.ArchRetypeDecls_H	RISCV64_H.asidpool_invocation.asidpool_invocation_IITN_asidpool_invocation itself \<Rightarrow> typerep
InvocationLabels_H.gen_invocation_labels.typerep_gen_invocation_labels_pre_gen_invocation_labels_inst.typerep_gen_invocation_labels_pre_gen_invocation_labels	ExecSpec.InvocationLabels_H	gen_invocation_labels_pre_gen_invocation_labels itself \<Rightarrow> typerep
ArchRetypeDecls_H.RISCV64_H.asidpool_invocation.typerep_asidpool_invocation_pre_asidpool_invocation_inst.typerep_asidpool_invocation_pre_asidpool_invocation	ExecSpec.ArchRetypeDecls_H	RISCV64_H.asidpool_invocation_pre_asidpool_invocation itself \<Rightarrow> typerep
ArchRetypeDecls_H.RISCV64_H.asidcontrol_invocation.asidcontrol_invocation_IITN_asidcontrol_invocation.Rep_asidcontrol_invocation_IITN_asidcontrol_invocation	ExecSpec.ArchRetypeDecls_H	RISCV64_H.asidcontrol_invocation.asidcontrol_invocation_IITN_asidcontrol_invocation \<Rightarrow> ((nat +                 RISCV64_H.asidcontrol_invocation_pre_asidcontrol_invocation) set                \<Rightarrow> bool) set \<times>               (RISCV64_H.asidcontrol_invocation_pre_asidcontrol_invocation                \<Rightarrow> (nat +                               RISCV64_H.asidcontrol_invocation_pre_asidcontrol_invocation) set                              \<Rightarrow> bool)
ArchRetypeDecls_H.RISCV64_H.asidcontrol_invocation.asidcontrol_invocation_IITN_asidcontrol_invocation.Abs_asidcontrol_invocation_IITN_asidcontrol_invocation	ExecSpec.ArchRetypeDecls_H	((nat + RISCV64_H.asidcontrol_invocation_pre_asidcontrol_invocation) set  \<Rightarrow> bool) set \<times> (RISCV64_H.asidcontrol_invocation_pre_asidcontrol_invocation  \<Rightarrow> (nat +                 RISCV64_H.asidcontrol_invocation_pre_asidcontrol_invocation) set                \<Rightarrow> bool) \<Rightarrow> RISCV64_H.asidcontrol_invocation.asidcontrol_invocation_IITN_asidcontrol_invocation
ArchInvocationLabels_H.RISCV64_H.arch_invocation_label.arch_invocation_label_IITN_arch_invocation_label.Rep_arch_invocation_label_IITN_arch_invocation_label	ExecSpec.ArchInvocationLabels_H	RISCV64_H.arch_invocation_label.arch_invocation_label_IITN_arch_invocation_label \<Rightarrow> ((nat +                 RISCV64_H.arch_invocation_label_pre_arch_invocation_label) set                \<Rightarrow> bool) set \<times>               (RISCV64_H.arch_invocation_label_pre_arch_invocation_label                \<Rightarrow> (nat +                               RISCV64_H.arch_invocation_label_pre_arch_invocation_label) set                              \<Rightarrow> bool)
ArchInvocationLabels_H.RISCV64_H.arch_invocation_label.arch_invocation_label_IITN_arch_invocation_label.Abs_arch_invocation_label_IITN_arch_invocation_label	ExecSpec.ArchInvocationLabels_H	((nat + RISCV64_H.arch_invocation_label_pre_arch_invocation_label) set  \<Rightarrow> bool) set \<times> (RISCV64_H.arch_invocation_label_pre_arch_invocation_label  \<Rightarrow> (nat +                 RISCV64_H.arch_invocation_label_pre_arch_invocation_label) set                \<Rightarrow> bool) \<Rightarrow> RISCV64_H.arch_invocation_label.arch_invocation_label_IITN_arch_invocation_label
Invocations_H.irqhandler_invocation.typerep_irqhandler_invocation_IITN_irqhandler_invocation_inst.typerep_irqhandler_invocation_IITN_irqhandler_invocation	ExecSpec.Invocations_H	irqhandler_invocation.irqhandler_invocation_IITN_irqhandler_invocation itself \<Rightarrow> typerep
Invocations_H.irqcontrol_invocation.typerep_irqcontrol_invocation_IITN_irqcontrol_invocation_inst.typerep_irqcontrol_invocation_IITN_irqcontrol_invocation	ExecSpec.Invocations_H	irqcontrol_invocation.irqcontrol_invocation_IITN_irqcontrol_invocation itself \<Rightarrow> typerep
ArchRetypeDecls_H.RISCV64_H.asidcontrol_invocation.asidcontrol_invocation_pre_asidcontrol_invocation.Rep_asidcontrol_invocation_pre_asidcontrol_invocation	ExecSpec.ArchRetypeDecls_H	RISCV64_H.asidcontrol_invocation_pre_asidcontrol_invocation \<Rightarrow> (64 word \<times> 64 word) \<times> 64 word \<times> 64 word
ArchRetypeDecls_H.RISCV64_H.asidcontrol_invocation.asidcontrol_invocation_pre_asidcontrol_invocation.Abs_asidcontrol_invocation_pre_asidcontrol_invocation	ExecSpec.ArchRetypeDecls_H	(64 word \<times> 64 word) \<times> 64 word \<times> 64 word \<Rightarrow> RISCV64_H.asidcontrol_invocation_pre_asidcontrol_invocation
ArchInvocationLabels_H.RISCV64_H.arch_invocation_label.arch_invocation_label_pre_arch_invocation_label.Rep_arch_invocation_label_pre_arch_invocation_label	ExecSpec.ArchInvocationLabels_H	RISCV64_H.arch_invocation_label_pre_arch_invocation_label \<Rightarrow> ((unit + unit) + unit + unit) + (unit + unit) + unit + unit
ArchInvocationLabels_H.RISCV64_H.arch_invocation_label.arch_invocation_label_pre_arch_invocation_label.Abs_arch_invocation_label_pre_arch_invocation_label	ExecSpec.ArchInvocationLabels_H	((unit + unit) + unit + unit) + (unit + unit) + unit + unit \<Rightarrow> RISCV64_H.arch_invocation_label_pre_arch_invocation_label
Arch_Structs_B.RISCV64_H.riscvvspace_region_use.riscvvspace_region_use_IITN_riscvvspace_region_use.Rep_riscvvspace_region_use_IITN_riscvvspace_region_use	ExecSpec.Arch_Structs_B	RISCV64_H.riscvvspace_region_use.riscvvspace_region_use_IITN_riscvvspace_region_use \<Rightarrow> ((nat +                 RISCV64_H.riscvvspace_region_use_pre_riscvvspace_region_use) set                \<Rightarrow> bool) set \<times>               (RISCV64_H.riscvvspace_region_use_pre_riscvvspace_region_use                \<Rightarrow> (nat +                               RISCV64_H.riscvvspace_region_use_pre_riscvvspace_region_use) set                              \<Rightarrow> bool)
Arch_Structs_B.RISCV64_H.riscvvspace_region_use.riscvvspace_region_use_IITN_riscvvspace_region_use.Abs_riscvvspace_region_use_IITN_riscvvspace_region_use	ExecSpec.Arch_Structs_B	((nat + RISCV64_H.riscvvspace_region_use_pre_riscvvspace_region_use) set  \<Rightarrow> bool) set \<times> (RISCV64_H.riscvvspace_region_use_pre_riscvvspace_region_use  \<Rightarrow> (nat +                 RISCV64_H.riscvvspace_region_use_pre_riscvvspace_region_use) set                \<Rightarrow> bool) \<Rightarrow> RISCV64_H.riscvvspace_region_use.riscvvspace_region_use_IITN_riscvvspace_region_use
ArchRetypeDecls_H.RISCV64_H.copy_register_sets.typerep_copy_register_sets_IITN_copy_register_sets_inst.typerep_copy_register_sets_IITN_copy_register_sets	ExecSpec.ArchRetypeDecls_H	RISCV64_H.copy_register_sets.copy_register_sets_IITN_copy_register_sets itself \<Rightarrow> typerep
Invocations_H.irqhandler_invocation.typerep_irqhandler_invocation_pre_irqhandler_invocation_inst.typerep_irqhandler_invocation_pre_irqhandler_invocation	ExecSpec.Invocations_H	irqhandler_invocation_pre_irqhandler_invocation itself \<Rightarrow> typerep
Invocations_H.irqcontrol_invocation.typerep_irqcontrol_invocation_pre_irqcontrol_invocation_inst.typerep_irqcontrol_invocation_pre_irqcontrol_invocation	ExecSpec.Invocations_H	irqcontrol_invocation_pre_irqcontrol_invocation itself \<Rightarrow> typerep
ArchStructures_H.RISCV64_H.arch_kernel_object.typerep_arch_kernel_object_IITN_arch_kernel_object_inst.typerep_arch_kernel_object_IITN_arch_kernel_object	ExecSpec.ArchStructures_H	RISCV64_H.arch_kernel_object.arch_kernel_object_IITN_arch_kernel_object itself \<Rightarrow> typerep
Arch_Structs_B.RISCV64_H.riscvvspace_region_use.riscvvspace_region_use_pre_riscvvspace_region_use.Rep_riscvvspace_region_use_pre_riscvvspace_region_use	ExecSpec.Arch_Structs_B	RISCV64_H.riscvvspace_region_use_pre_riscvvspace_region_use \<Rightarrow> (unit + unit) + unit + unit + unit
Arch_Structs_B.RISCV64_H.riscvvspace_region_use.riscvvspace_region_use_pre_riscvvspace_region_use.Abs_riscvvspace_region_use_pre_riscvvspace_region_use	ExecSpec.Arch_Structs_B	(unit + unit) + unit + unit + unit \<Rightarrow> RISCV64_H.riscvvspace_region_use_pre_riscvvspace_region_use
ArchRetypeDecls_H.RISCV64_H.page_table_invocation.page_table_invocation_IITN_page_table_invocation.Rep_page_table_invocation_IITN_page_table_invocation	ExecSpec.ArchRetypeDecls_H	RISCV64_H.page_table_invocation.page_table_invocation_IITN_page_table_invocation \<Rightarrow> ((nat +                 RISCV64_H.page_table_invocation_pre_page_table_invocation) set                \<Rightarrow> bool) set \<times>               (RISCV64_H.page_table_invocation_pre_page_table_invocation                \<Rightarrow> (nat +                               RISCV64_H.page_table_invocation_pre_page_table_invocation) set                              \<Rightarrow> bool)
ArchRetypeDecls_H.RISCV64_H.page_table_invocation.page_table_invocation_IITN_page_table_invocation.Abs_page_table_invocation_IITN_page_table_invocation	ExecSpec.ArchRetypeDecls_H	((nat + RISCV64_H.page_table_invocation_pre_page_table_invocation) set  \<Rightarrow> bool) set \<times> (RISCV64_H.page_table_invocation_pre_page_table_invocation  \<Rightarrow> (nat +                 RISCV64_H.page_table_invocation_pre_page_table_invocation) set                \<Rightarrow> bool) \<Rightarrow> RISCV64_H.page_table_invocation.page_table_invocation_IITN_page_table_invocation
ArchRetypeDecls_H.RISCV64_H.irqcontrol_invocation.irqcontrol_invocation_IITN_irqcontrol_invocation.Rep_irqcontrol_invocation_IITN_irqcontrol_invocation	ExecSpec.ArchRetypeDecls_H	RISCV64_H.irqcontrol_invocation.irqcontrol_invocation_IITN_irqcontrol_invocation \<Rightarrow> ((nat +                 RISCV64_H.irqcontrol_invocation_pre_irqcontrol_invocation) set                \<Rightarrow> bool) set \<times>               (RISCV64_H.irqcontrol_invocation_pre_irqcontrol_invocation                \<Rightarrow> (nat +                               RISCV64_H.irqcontrol_invocation_pre_irqcontrol_invocation) set                              \<Rightarrow> bool)
ArchRetypeDecls_H.RISCV64_H.irqcontrol_invocation.irqcontrol_invocation_IITN_irqcontrol_invocation.Abs_irqcontrol_invocation_IITN_irqcontrol_invocation	ExecSpec.ArchRetypeDecls_H	((nat + RISCV64_H.irqcontrol_invocation_pre_irqcontrol_invocation) set  \<Rightarrow> bool) set \<times> (RISCV64_H.irqcontrol_invocation_pre_irqcontrol_invocation  \<Rightarrow> (nat +                 RISCV64_H.irqcontrol_invocation_pre_irqcontrol_invocation) set                \<Rightarrow> bool) \<Rightarrow> RISCV64_H.irqcontrol_invocation.irqcontrol_invocation_IITN_irqcontrol_invocation
ArchRetypeDecls_H.RISCV64_H.page_table_invocation.page_table_invocation_pre_page_table_invocation.Rep_page_table_invocation_pre_page_table_invocation	ExecSpec.ArchRetypeDecls_H	RISCV64_H.page_table_invocation_pre_page_table_invocation \<Rightarrow> arch_capability \<times> 64 word +               (capability \<times> 64 word) \<times>               RISCV64_H.pte \<times> 64 word
ArchRetypeDecls_H.RISCV64_H.page_table_invocation.page_table_invocation_pre_page_table_invocation.Abs_page_table_invocation_pre_page_table_invocation	ExecSpec.ArchRetypeDecls_H	arch_capability \<times> 64 word + (capability \<times> 64 word) \<times> RISCV64_H.pte \<times> 64 word \<Rightarrow> RISCV64_H.page_table_invocation_pre_page_table_invocation
ArchRetypeDecls_H.RISCV64_H.irqcontrol_invocation.irqcontrol_invocation_pre_irqcontrol_invocation.Rep_irqcontrol_invocation_pre_irqcontrol_invocation	ExecSpec.ArchRetypeDecls_H	RISCV64_H.irqcontrol_invocation_pre_irqcontrol_invocation \<Rightarrow> (6 word \<times> 64 word) \<times> 64 word \<times> bool
ArchRetypeDecls_H.RISCV64_H.irqcontrol_invocation.irqcontrol_invocation_pre_irqcontrol_invocation.Abs_irqcontrol_invocation_pre_irqcontrol_invocation	ExecSpec.ArchRetypeDecls_H	(6 word \<times> 64 word) \<times> 64 word \<times> bool \<Rightarrow> RISCV64_H.irqcontrol_invocation_pre_irqcontrol_invocation
PSpaceStorable_H.kernel_object_type.typerep_kernel_object_type_IITN_kernel_object_type_inst.typerep_kernel_object_type_IITN_kernel_object_type	ExecSpec.PSpaceStorable_H	kernel_object_type.kernel_object_type_IITN_kernel_object_type itself \<Rightarrow> typerep
InvocationLabels_H.gen_invocation_labels.gen_invocation_labels_IITN_gen_invocation_labels.Rep_gen_invocation_labels_IITN_gen_invocation_labels	ExecSpec.InvocationLabels_H	gen_invocation_labels.gen_invocation_labels_IITN_gen_invocation_labels \<Rightarrow> ((nat + gen_invocation_labels_pre_gen_invocation_labels) set                \<Rightarrow> bool) set \<times>               (gen_invocation_labels_pre_gen_invocation_labels                \<Rightarrow> (nat +                               gen_invocation_labels_pre_gen_invocation_labels) set                              \<Rightarrow> bool)
InvocationLabels_H.gen_invocation_labels.gen_invocation_labels_IITN_gen_invocation_labels.Abs_gen_invocation_labels_IITN_gen_invocation_labels	ExecSpec.InvocationLabels_H	((nat + gen_invocation_labels_pre_gen_invocation_labels) set  \<Rightarrow> bool) set \<times> (gen_invocation_labels_pre_gen_invocation_labels  \<Rightarrow> (nat + gen_invocation_labels_pre_gen_invocation_labels) set                \<Rightarrow> bool) \<Rightarrow> gen_invocation_labels.gen_invocation_labels_IITN_gen_invocation_labels
ArchRetypeDecls_H.RISCV64_H.asidpool_invocation.asidpool_invocation_IITN_asidpool_invocation.Rep_asidpool_invocation_IITN_asidpool_invocation	ExecSpec.ArchRetypeDecls_H	RISCV64_H.asidpool_invocation.asidpool_invocation_IITN_asidpool_invocation \<Rightarrow> ((nat +                 RISCV64_H.asidpool_invocation_pre_asidpool_invocation) set                \<Rightarrow> bool) set \<times>               (RISCV64_H.asidpool_invocation_pre_asidpool_invocation                \<Rightarrow> (nat +                               RISCV64_H.asidpool_invocation_pre_asidpool_invocation) set                              \<Rightarrow> bool)
ArchRetypeDecls_H.RISCV64_H.asidpool_invocation.asidpool_invocation_IITN_asidpool_invocation.Abs_asidpool_invocation_IITN_asidpool_invocation	ExecSpec.ArchRetypeDecls_H	((nat + RISCV64_H.asidpool_invocation_pre_asidpool_invocation) set  \<Rightarrow> bool) set \<times> (RISCV64_H.asidpool_invocation_pre_asidpool_invocation  \<Rightarrow> (nat +                 RISCV64_H.asidpool_invocation_pre_asidpool_invocation) set                \<Rightarrow> bool) \<Rightarrow> RISCV64_H.asidpool_invocation.asidpool_invocation_IITN_asidpool_invocation
PSpaceStorable_H.kernel_object_type.typerep_kernel_object_type_pre_kernel_object_type_inst.typerep_kernel_object_type_pre_kernel_object_type	ExecSpec.PSpaceStorable_H	kernel_object_type_pre_kernel_object_type itself \<Rightarrow> typerep
InvocationLabels_H.gen_invocation_labels.gen_invocation_labels_pre_gen_invocation_labels.Rep_gen_invocation_labels_pre_gen_invocation_labels	ExecSpec.InvocationLabels_H	gen_invocation_labels_pre_gen_invocation_labels \<Rightarrow> ((((unit + unit) + unit + unit) +                 (unit + unit) + unit + unit) +                ((unit + unit) + unit + unit) +                (unit + unit) + unit + unit) +               (((unit + unit) + unit + unit) +                (unit + unit) + unit + unit) +               ((unit + unit) + unit + unit) +               (unit + unit) + unit + unit + unit
InvocationLabels_H.gen_invocation_labels.gen_invocation_labels_pre_gen_invocation_labels.Abs_gen_invocation_labels_pre_gen_invocation_labels	ExecSpec.InvocationLabels_H	((((unit + unit) + unit + unit) + (unit + unit) + unit + unit) +  ((unit + unit) + unit + unit) + (unit + unit) + unit + unit) + (((unit + unit) + unit + unit) + (unit + unit) + unit + unit) + ((unit + unit) + unit + unit) + (unit + unit) + unit + unit + unit \<Rightarrow> gen_invocation_labels_pre_gen_invocation_labels
Invocations_H.untyped_invocation.typerep_untyped_invocation_IITN_untyped_invocation_inst.typerep_untyped_invocation_IITN_untyped_invocation	ExecSpec.Invocations_H	untyped_invocation.untyped_invocation_IITN_untyped_invocation itself \<Rightarrow> typerep
ArchRetypeDecls_H.RISCV64_H.asidpool_invocation.asidpool_invocation_pre_asidpool_invocation.Rep_asidpool_invocation_pre_asidpool_invocation	ExecSpec.ArchRetypeDecls_H	RISCV64_H.asidpool_invocation_pre_asidpool_invocation \<Rightarrow> 64 word \<times> 64 word \<times> 64 word
ArchRetypeDecls_H.RISCV64_H.asidpool_invocation.asidpool_invocation_pre_asidpool_invocation.Abs_asidpool_invocation_pre_asidpool_invocation	ExecSpec.ArchRetypeDecls_H	64 word \<times> 64 word \<times> 64 word \<Rightarrow> RISCV64_H.asidpool_invocation_pre_asidpool_invocation
ArchRetypeDecls_H.RISCV64_H.page_invocation.typerep_page_invocation_IITN_page_invocation_inst.typerep_page_invocation_IITN_page_invocation	ExecSpec.ArchRetypeDecls_H	RISCV64_H.page_invocation.page_invocation_IITN_page_invocation itself \<Rightarrow> typerep
Invocations_H.untyped_invocation.typerep_untyped_invocation_pre_untyped_invocation_inst.typerep_untyped_invocation_pre_untyped_invocation	ExecSpec.Invocations_H	untyped_invocation_pre_untyped_invocation itself \<Rightarrow> typerep
Invocations_H.irqhandler_invocation.irqhandler_invocation_IITN_irqhandler_invocation.Rep_irqhandler_invocation_IITN_irqhandler_invocation	ExecSpec.Invocations_H	irqhandler_invocation.irqhandler_invocation_IITN_irqhandler_invocation \<Rightarrow> ((nat + irqhandler_invocation_pre_irqhandler_invocation) set                \<Rightarrow> bool) set \<times>               (irqhandler_invocation_pre_irqhandler_invocation                \<Rightarrow> (nat +                               irqhandler_invocation_pre_irqhandler_invocation) set                              \<Rightarrow> bool)
Invocations_H.irqhandler_invocation.irqhandler_invocation_IITN_irqhandler_invocation.Abs_irqhandler_invocation_IITN_irqhandler_invocation	ExecSpec.Invocations_H	((nat + irqhandler_invocation_pre_irqhandler_invocation) set  \<Rightarrow> bool) set \<times> (irqhandler_invocation_pre_irqhandler_invocation  \<Rightarrow> (nat + irqhandler_invocation_pre_irqhandler_invocation) set                \<Rightarrow> bool) \<Rightarrow> irqhandler_invocation.irqhandler_invocation_IITN_irqhandler_invocation
Invocations_H.irqcontrol_invocation.irqcontrol_invocation_IITN_irqcontrol_invocation.Rep_irqcontrol_invocation_IITN_irqcontrol_invocation	ExecSpec.Invocations_H	irqcontrol_invocation.irqcontrol_invocation_IITN_irqcontrol_invocation \<Rightarrow> ((nat + irqcontrol_invocation_pre_irqcontrol_invocation) set                \<Rightarrow> bool) set \<times>               (irqcontrol_invocation_pre_irqcontrol_invocation                \<Rightarrow> (nat +                               irqcontrol_invocation_pre_irqcontrol_invocation) set                              \<Rightarrow> bool)
Invocations_H.irqcontrol_invocation.irqcontrol_invocation_IITN_irqcontrol_invocation.Abs_irqcontrol_invocation_IITN_irqcontrol_invocation	ExecSpec.Invocations_H	((nat + irqcontrol_invocation_pre_irqcontrol_invocation) set  \<Rightarrow> bool) set \<times> (irqcontrol_invocation_pre_irqcontrol_invocation  \<Rightarrow> (nat + irqcontrol_invocation_pre_irqcontrol_invocation) set                \<Rightarrow> bool) \<Rightarrow> irqcontrol_invocation.irqcontrol_invocation_IITN_irqcontrol_invocation
ArchStructures_H.RISCV64_H.arch_capability.typerep_arch_capability_IITN_arch_capability_inst.typerep_arch_capability_IITN_arch_capability	ExecSpec.ArchStructures_H	RISCV64_H.arch_capability.arch_capability_IITN_arch_capability itself \<Rightarrow> typerep
ArchRetypeDecls_H.RISCV64_H.page_invocation.typerep_page_invocation_pre_page_invocation_inst.typerep_page_invocation_pre_page_invocation	ExecSpec.ArchRetypeDecls_H	RISCV64_H.page_invocation_pre_page_invocation itself \<Rightarrow> typerep
ArchRetypeDecls_H.RISCV64_H.copy_register_sets.copy_register_sets_IITN_copy_register_sets.Rep_copy_register_sets_IITN_copy_register_sets	ExecSpec.ArchRetypeDecls_H	RISCV64_H.copy_register_sets.copy_register_sets_IITN_copy_register_sets \<Rightarrow> ((nat + unit) set \<Rightarrow> bool) set \<times>               (unit \<Rightarrow> (nat + unit) set \<Rightarrow> bool)
ArchRetypeDecls_H.RISCV64_H.copy_register_sets.copy_register_sets_IITN_copy_register_sets.Abs_copy_register_sets_IITN_copy_register_sets	ExecSpec.ArchRetypeDecls_H	((nat + unit) set \<Rightarrow> bool) set \<times> (unit \<Rightarrow> (nat + unit) set \<Rightarrow> bool) \<Rightarrow> RISCV64_H.copy_register_sets.copy_register_sets_IITN_copy_register_sets
Invocations_H.irqhandler_invocation.irqhandler_invocation_pre_irqhandler_invocation.Rep_irqhandler_invocation_pre_irqhandler_invocation	ExecSpec.Invocations_H	irqhandler_invocation_pre_irqhandler_invocation \<Rightarrow> 6 word + 6 word + 6 word \<times> capability \<times> 64 word
Invocations_H.irqhandler_invocation.irqhandler_invocation_pre_irqhandler_invocation.Abs_irqhandler_invocation_pre_irqhandler_invocation	ExecSpec.Invocations_H	6 word + 6 word + 6 word \<times> capability \<times> 64 word \<Rightarrow> irqhandler_invocation_pre_irqhandler_invocation
Invocations_H.irqcontrol_invocation.irqcontrol_invocation_pre_irqcontrol_invocation.Rep_irqcontrol_invocation_pre_irqcontrol_invocation	ExecSpec.Invocations_H	irqcontrol_invocation_pre_irqcontrol_invocation \<Rightarrow> Arch.irqcontrol_invocation +               6 word \<times> 64 word \<times> 64 word
Invocations_H.irqcontrol_invocation.irqcontrol_invocation_pre_irqcontrol_invocation.Abs_irqcontrol_invocation_pre_irqcontrol_invocation	ExecSpec.Invocations_H	Arch.irqcontrol_invocation + 6 word \<times> 64 word \<times> 64 word \<Rightarrow> irqcontrol_invocation_pre_irqcontrol_invocation
ArchStructures_H.RISCV64_H.arch_kernel_object.arch_kernel_object_IITN_arch_kernel_object.Rep_arch_kernel_object_IITN_arch_kernel_object	ExecSpec.ArchStructures_H	RISCV64_H.arch_kernel_object.arch_kernel_object_IITN_arch_kernel_object \<Rightarrow> ((nat + RISCV64_H.asidpool + RISCV64_H.pte) set                \<Rightarrow> bool) set \<times>               (RISCV64_H.asidpool + RISCV64_H.pte                \<Rightarrow> (nat + RISCV64_H.asidpool + RISCV64_H.pte) set                              \<Rightarrow> bool)
ArchStructures_H.RISCV64_H.arch_kernel_object.arch_kernel_object_IITN_arch_kernel_object.Abs_arch_kernel_object_IITN_arch_kernel_object	ExecSpec.ArchStructures_H	((nat + RISCV64_H.asidpool + RISCV64_H.pte) set  \<Rightarrow> bool) set \<times> (RISCV64_H.asidpool + RISCV64_H.pte  \<Rightarrow> (nat + RISCV64_H.asidpool + RISCV64_H.pte) set                \<Rightarrow> bool) \<Rightarrow> RISCV64_H.arch_kernel_object.arch_kernel_object_IITN_arch_kernel_object
ArchStructures_H.RISCV64_H.arch_capability.typerep_arch_capability_pre_arch_capability_inst.typerep_arch_capability_pre_arch_capability	ExecSpec.ArchStructures_H	RISCV64_H.arch_capability_pre_arch_capability itself \<Rightarrow> typerep
Invocations_H.domain_invocation.typerep_domain_invocation_IITN_domain_invocation_inst.typerep_domain_invocation_IITN_domain_invocation	ExecSpec.Invocations_H	domain_invocation.domain_invocation_IITN_domain_invocation itself \<Rightarrow> typerep
InvocationLabels_H.invocation_label.typerep_invocation_label_IITN_invocation_label_inst.typerep_invocation_label_IITN_invocation_label	ExecSpec.InvocationLabels_H	invocation_label.invocation_label_IITN_invocation_label itself \<Rightarrow> typerep
Invocations_H.domain_invocation.typerep_domain_invocation_pre_domain_invocation_inst.typerep_domain_invocation_pre_domain_invocation	ExecSpec.Invocations_H	domain_invocation_pre_domain_invocation itself \<Rightarrow> typerep
Invocations_H.cnode_invocation.typerep_cnode_invocation_IITN_cnode_invocation_inst.typerep_cnode_invocation_IITN_cnode_invocation	ExecSpec.Invocations_H	cnode_invocation.cnode_invocation_IITN_cnode_invocation itself \<Rightarrow> typerep
Structures_H.user_data_device.typerep_user_data_device_IITN_user_data_device_inst.typerep_user_data_device_IITN_user_data_device	ExecSpec.Structures_H	user_data_device.user_data_device_IITN_user_data_device itself \<Rightarrow> typerep
Structures_H.scheduler_action.typerep_scheduler_action_IITN_scheduler_action_inst.typerep_scheduler_action_IITN_scheduler_action	ExecSpec.Structures_H	scheduler_action.scheduler_action_IITN_scheduler_action itself \<Rightarrow> typerep
Invocations_H.cnode_invocation.typerep_cnode_invocation_pre_cnode_invocation_inst.typerep_cnode_invocation_pre_cnode_invocation	ExecSpec.Invocations_H	cnode_invocation_pre_cnode_invocation itself \<Rightarrow> typerep
Structures_H.scheduler_action.typerep_scheduler_action_pre_scheduler_action_inst.typerep_scheduler_action_pre_scheduler_action	ExecSpec.Structures_H	scheduler_action_pre_scheduler_action itself \<Rightarrow> typerep
MachineTypes.RISCV64.hyp_fault_type.typerep_hyp_fault_type_IITN_hyp_fault_type_inst.typerep_hyp_fault_type_IITN_hyp_fault_type	ExecSpec.MachineTypes	RISCV64.hyp_fault_type.hyp_fault_type_IITN_hyp_fault_type itself \<Rightarrow> typerep
PSpaceStorable_H.kernel_object_type.kernel_object_type_IITN_kernel_object_type.Rep_kernel_object_type_IITN_kernel_object_type	ExecSpec.PSpaceStorable_H	kernel_object_type.kernel_object_type_IITN_kernel_object_type \<Rightarrow> ((nat + kernel_object_type_pre_kernel_object_type) set                \<Rightarrow> bool) set \<times>               (kernel_object_type_pre_kernel_object_type                \<Rightarrow> (nat +                               kernel_object_type_pre_kernel_object_type) set                              \<Rightarrow> bool)
PSpaceStorable_H.kernel_object_type.kernel_object_type_IITN_kernel_object_type.Abs_kernel_object_type_IITN_kernel_object_type	ExecSpec.PSpaceStorable_H	((nat + kernel_object_type_pre_kernel_object_type) set  \<Rightarrow> bool) set \<times> (kernel_object_type_pre_kernel_object_type  \<Rightarrow> (nat + kernel_object_type_pre_kernel_object_type) set                \<Rightarrow> bool) \<Rightarrow> kernel_object_type.kernel_object_type_IITN_kernel_object_type
Structures_H.interrupt_state.typerep_interrupt_state_IITN_interrupt_state_inst.typerep_interrupt_state_IITN_interrupt_state	ExecSpec.Structures_H	interrupt_state.interrupt_state_IITN_interrupt_state itself \<Rightarrow> typerep
PSpaceStorable_H.kernel_object_type.kernel_object_type_pre_kernel_object_type.Rep_kernel_object_type_pre_kernel_object_type	ExecSpec.PSpaceStorable_H	kernel_object_type_pre_kernel_object_type \<Rightarrow> ((unit + unit) + unit + unit) +               (unit + unit) + unit + arch_kernel_object_type
PSpaceStorable_H.kernel_object_type.kernel_object_type_pre_kernel_object_type.Abs_kernel_object_type_pre_kernel_object_type	ExecSpec.PSpaceStorable_H	((unit + unit) + unit + unit) + (unit + unit) + unit + arch_kernel_object_type \<Rightarrow> kernel_object_type_pre_kernel_object_type
Invocations_H.untyped_invocation.untyped_invocation_IITN_untyped_invocation.Rep_untyped_invocation_IITN_untyped_invocation	ExecSpec.Invocations_H	untyped_invocation.untyped_invocation_IITN_untyped_invocation \<Rightarrow> ((nat + untyped_invocation_pre_untyped_invocation) set                \<Rightarrow> bool) set \<times>               (untyped_invocation_pre_untyped_invocation                \<Rightarrow> (nat +                               untyped_invocation_pre_untyped_invocation) set                              \<Rightarrow> bool)
Invocations_H.untyped_invocation.untyped_invocation_IITN_untyped_invocation.Abs_untyped_invocation_IITN_untyped_invocation	ExecSpec.Invocations_H	((nat + untyped_invocation_pre_untyped_invocation) set  \<Rightarrow> bool) set \<times> (untyped_invocation_pre_untyped_invocation  \<Rightarrow> (nat + untyped_invocation_pre_untyped_invocation) set                \<Rightarrow> bool) \<Rightarrow> untyped_invocation.untyped_invocation_IITN_untyped_invocation
Structures_H.interrupt_state.typerep_interrupt_state_pre_interrupt_state_inst.typerep_interrupt_state_pre_interrupt_state	ExecSpec.Structures_H	interrupt_state_pre_interrupt_state itself \<Rightarrow> typerep
ArchStateData_H.RISCV64_H.kernel_state.typerep_kernel_state_IITN_kernel_state_inst.typerep_kernel_state_IITN_kernel_state	ExecSpec.ArchStateData_H	RISCV64_H.kernel_state.kernel_state_IITN_kernel_state itself \<Rightarrow> typerep
ArchRetypeDecls_H.RISCV64_H.page_invocation.page_invocation_IITN_page_invocation.Rep_page_invocation_IITN_page_invocation	ExecSpec.ArchRetypeDecls_H	RISCV64_H.page_invocation.page_invocation_IITN_page_invocation \<Rightarrow> ((nat + RISCV64_H.page_invocation_pre_page_invocation) set                \<Rightarrow> bool) set \<times>               (RISCV64_H.page_invocation_pre_page_invocation                \<Rightarrow> (nat +                               RISCV64_H.page_invocation_pre_page_invocation) set                              \<Rightarrow> bool)
ArchRetypeDecls_H.RISCV64_H.page_invocation.page_invocation_IITN_page_invocation.Abs_page_invocation_IITN_page_invocation	ExecSpec.ArchRetypeDecls_H	((nat + RISCV64_H.page_invocation_pre_page_invocation) set  \<Rightarrow> bool) set \<times> (RISCV64_H.page_invocation_pre_page_invocation  \<Rightarrow> (nat + RISCV64_H.page_invocation_pre_page_invocation) set                \<Rightarrow> bool) \<Rightarrow> RISCV64_H.page_invocation.page_invocation_IITN_page_invocation
Invocations_H.untyped_invocation.untyped_invocation_pre_untyped_invocation.Rep_untyped_invocation_pre_untyped_invocation	ExecSpec.Invocations_H	untyped_invocation_pre_untyped_invocation \<Rightarrow> ((64 word \<times> bool) \<times>                64 word \<times> 64 word) \<times>               (object_type \<times> nat) \<times> 64 word list \<times> bool
Invocations_H.untyped_invocation.untyped_invocation_pre_untyped_invocation.Abs_untyped_invocation_pre_untyped_invocation	ExecSpec.Invocations_H	((64 word \<times> bool) \<times> 64 word \<times> 64 word) \<times> (object_type \<times> nat) \<times> 64 word list \<times> bool \<Rightarrow> untyped_invocation_pre_untyped_invocation
ArchStructures_H.RISCV64_H.arch_capability.arch_capability_IITN_arch_capability.Rep_arch_capability_IITN_arch_capability	ExecSpec.ArchStructures_H	RISCV64_H.arch_capability.arch_capability_IITN_arch_capability \<Rightarrow> ((nat + RISCV64_H.arch_capability_pre_arch_capability) set                \<Rightarrow> bool) set \<times>               (RISCV64_H.arch_capability_pre_arch_capability                \<Rightarrow> (nat +                               RISCV64_H.arch_capability_pre_arch_capability) set                              \<Rightarrow> bool)
ArchStructures_H.RISCV64_H.arch_capability.arch_capability_IITN_arch_capability.Abs_arch_capability_IITN_arch_capability	ExecSpec.ArchStructures_H	((nat + RISCV64_H.arch_capability_pre_arch_capability) set  \<Rightarrow> bool) set \<times> (RISCV64_H.arch_capability_pre_arch_capability  \<Rightarrow> (nat + RISCV64_H.arch_capability_pre_arch_capability) set                \<Rightarrow> bool) \<Rightarrow> RISCV64_H.arch_capability.arch_capability_IITN_arch_capability
ArchStateData_H.RISCV64_H.kernel_state.typerep_kernel_state_pre_kernel_state_inst.typerep_kernel_state_pre_kernel_state	ExecSpec.ArchStateData_H	RISCV64_H.kernel_state_pre_kernel_state itself \<Rightarrow> typerep
ArchRetypeDecls_H.RISCV64_H.page_invocation.page_invocation_pre_page_invocation.Rep_page_invocation_pre_page_invocation	ExecSpec.ArchRetypeDecls_H	RISCV64_H.page_invocation_pre_page_invocation \<Rightarrow> 64 word +               capability \<times>               64 word \<times> RISCV64_H.pte \<times> 64 word +               arch_capability \<times> 64 word
ArchRetypeDecls_H.RISCV64_H.page_invocation.page_invocation_pre_page_invocation.Abs_page_invocation_pre_page_invocation	ExecSpec.ArchRetypeDecls_H	64 word + capability \<times> 64 word \<times> RISCV64_H.pte \<times> 64 word + arch_capability \<times> 64 word \<Rightarrow> RISCV64_H.page_invocation_pre_page_invocation
Types_H.bidevice_region.typerep_bidevice_region_IITN_bidevice_region_inst.typerep_bidevice_region_IITN_bidevice_region	ExecSpec.Types_H	bidevice_region.bidevice_region_IITN_bidevice_region itself \<Rightarrow> typerep
ArchStructures_H.RISCV64_H.arch_capability.arch_capability_pre_arch_capability.Rep_arch_capability_pre_arch_capability	ExecSpec.ArchStructures_H	RISCV64_H.arch_capability_pre_arch_capability \<Rightarrow> (unit + 64 word \<times> 64 word) +               (64 word \<times> vmrights) \<times>               vmpage_size \<times>               bool \<times> (64 word \<times> 64 word) option +               64 word \<times> (64 word \<times> 64 word) option
ArchStructures_H.RISCV64_H.arch_capability.arch_capability_pre_arch_capability.Abs_arch_capability_pre_arch_capability	ExecSpec.ArchStructures_H	(unit + 64 word \<times> 64 word) + (64 word \<times> vmrights) \<times> vmpage_size \<times> bool \<times> (64 word \<times> 64 word) option + 64 word \<times> (64 word \<times> 64 word) option \<Rightarrow> RISCV64_H.arch_capability_pre_arch_capability
Invocations_H.domain_invocation.domain_invocation_IITN_domain_invocation.Rep_domain_invocation_IITN_domain_invocation	ExecSpec.Invocations_H	domain_invocation.domain_invocation_IITN_domain_invocation \<Rightarrow> ((nat + domain_invocation_pre_domain_invocation) set                \<Rightarrow> bool) set \<times>               (domain_invocation_pre_domain_invocation                \<Rightarrow> (nat +                               domain_invocation_pre_domain_invocation) set                              \<Rightarrow> bool)
Invocations_H.domain_invocation.domain_invocation_IITN_domain_invocation.Abs_domain_invocation_IITN_domain_invocation	ExecSpec.Invocations_H	((nat + domain_invocation_pre_domain_invocation) set  \<Rightarrow> bool) set \<times> (domain_invocation_pre_domain_invocation  \<Rightarrow> (nat + domain_invocation_pre_domain_invocation) set                \<Rightarrow> bool) \<Rightarrow> domain_invocation.domain_invocation_IITN_domain_invocation
InvocationLabels_H.invocation_label.invocation_label_IITN_invocation_label.Rep_invocation_label_IITN_invocation_label	ExecSpec.InvocationLabels_H	invocation_label.invocation_label_IITN_invocation_label \<Rightarrow> ((nat + gen_invocation_labels + arch_invocation_label) set                \<Rightarrow> bool) set \<times>               (gen_invocation_labels + arch_invocation_label                \<Rightarrow> (nat +                               gen_invocation_labels +                               arch_invocation_label) set                              \<Rightarrow> bool)
InvocationLabels_H.invocation_label.invocation_label_IITN_invocation_label.Abs_invocation_label_IITN_invocation_label	ExecSpec.InvocationLabels_H	((nat + gen_invocation_labels + arch_invocation_label) set  \<Rightarrow> bool) set \<times> (gen_invocation_labels + arch_invocation_label  \<Rightarrow> (nat + gen_invocation_labels + arch_invocation_label) set                \<Rightarrow> bool) \<Rightarrow> invocation_label.invocation_label_IITN_invocation_label
ArchTypes_H.apiobject_type.typerep_apiobject_type_IITN_apiobject_type_inst.typerep_apiobject_type_IITN_apiobject_type	ExecSpec.ArchTypes_H	apiobject_type.apiobject_type_IITN_apiobject_type itself \<Rightarrow> typerep
Types_H.bidevice_region.typerep_bidevice_region_pre_bidevice_region_inst.typerep_bidevice_region_pre_bidevice_region	ExecSpec.Types_H	bidevice_region_pre_bidevice_region itself \<Rightarrow> typerep
MachineTypes.RISCV64.vmfault_type.typerep_vmfault_type_IITN_vmfault_type_inst.typerep_vmfault_type_IITN_vmfault_type	ExecSpec.MachineTypes	RISCV64.vmfault_type.vmfault_type_IITN_vmfault_type itself \<Rightarrow> typerep
Invocations_H.domain_invocation.domain_invocation_pre_domain_invocation.Rep_domain_invocation_pre_domain_invocation	ExecSpec.Invocations_H	domain_invocation_pre_domain_invocation \<Rightarrow> 64 word \<times> 8 word +               nat + nat \<times> 8 word \<times> 64 word
Invocations_H.domain_invocation.domain_invocation_pre_domain_invocation.Abs_domain_invocation_pre_domain_invocation	ExecSpec.Invocations_H	64 word \<times> 8 word + nat + nat \<times> 8 word \<times> 64 word \<Rightarrow> domain_invocation_pre_domain_invocation
ArchTypes_H.apiobject_type.typerep_apiobject_type_pre_apiobject_type_inst.typerep_apiobject_type_pre_apiobject_type	ExecSpec.ArchTypes_H	apiobject_type_pre_apiobject_type itself \<Rightarrow> typerep
MachineTypes.RISCV64.vmfault_type.typerep_vmfault_type_pre_vmfault_type_inst.typerep_vmfault_type_pre_vmfault_type	ExecSpec.MachineTypes	RISCV64.vmfault_type_pre_vmfault_type itself \<Rightarrow> typerep
MachineOps.RISCV64.user_context.typerep_user_context_IITN_user_context_inst.typerep_user_context_IITN_user_context	ExecSpec.MachineOps	RISCV64.user_context.user_context_IITN_user_context itself \<Rightarrow> typerep
Invocations_H.tcbinvocation.typerep_tcbinvocation_IITN_tcbinvocation_inst.typerep_tcbinvocation_IITN_tcbinvocation	ExecSpec.Invocations_H	tcbinvocation.tcbinvocation_IITN_tcbinvocation itself \<Rightarrow> typerep
Structures_H.kernel_object.typerep_kernel_object_IITN_kernel_object_inst.typerep_kernel_object_IITN_kernel_object	ExecSpec.Structures_H	kernel_object.kernel_object_IITN_kernel_object itself \<Rightarrow> typerep
Fault_H.lookup_failure.typerep_lookup_failure_IITN_lookup_failure_inst.typerep_lookup_failure_IITN_lookup_failure	ExecSpec.Fault_H	lookup_failure.lookup_failure_IITN_lookup_failure itself \<Rightarrow> typerep
ArchRetypeDecls_H.RISCV64_H.invocation.typerep_invocation_IITN_invocation_inst.typerep_invocation_IITN_invocation	ExecSpec.ArchRetypeDecls_H	RISCV64_H.invocation.invocation_IITN_invocation itself \<Rightarrow> typerep
ArchInvocationLabels_H.RISCV64_H.full_exhaustive_arch_invocation_label_inst.full_exhaustive_arch_invocation_label	ExecSpec.ArchInvocationLabels_H	(arch_invocation_label \<times> (unit \<Rightarrow> term)  \<Rightarrow> (bool \<times> term list) option) \<Rightarrow> natural \<Rightarrow> (bool \<times> term list) option
MachineOps.RISCV64.user_context.typerep_user_context_pre_user_context_inst.typerep_user_context_pre_user_context	ExecSpec.MachineOps	RISCV64.user_context_pre_user_context itself \<Rightarrow> typerep
Invocations_H.tcbinvocation.typerep_tcbinvocation_pre_tcbinvocation_inst.typerep_tcbinvocation_pre_tcbinvocation	ExecSpec.Invocations_H	tcbinvocation_pre_tcbinvocation itself \<Rightarrow> typerep
Invocations_H.cnode_invocation.cnode_invocation_IITN_cnode_invocation.Rep_cnode_invocation_IITN_cnode_invocation	ExecSpec.Invocations_H	cnode_invocation.cnode_invocation_IITN_cnode_invocation \<Rightarrow> ((nat + cnode_invocation_pre_cnode_invocation) set                \<Rightarrow> bool) set \<times>               (cnode_invocation_pre_cnode_invocation                \<Rightarrow> (nat +                               cnode_invocation_pre_cnode_invocation) set                              \<Rightarrow> bool)
Invocations_H.cnode_invocation.cnode_invocation_IITN_cnode_invocation.Abs_cnode_invocation_IITN_cnode_invocation	ExecSpec.Invocations_H	((nat + cnode_invocation_pre_cnode_invocation) set  \<Rightarrow> bool) set \<times> (cnode_invocation_pre_cnode_invocation  \<Rightarrow> (nat + cnode_invocation_pre_cnode_invocation) set                \<Rightarrow> bool) \<Rightarrow> cnode_invocation.cnode_invocation_IITN_cnode_invocation
ArchTypes_H.RISCV64_H.object_type.typerep_object_type_IITN_object_type_inst.typerep_object_type_IITN_object_type	ExecSpec.ArchTypes_H	RISCV64_H.object_type.object_type_IITN_object_type itself \<Rightarrow> typerep
Structures_H.user_data_device.user_data_device_IITN_user_data_device.Rep_user_data_device_IITN_user_data_device	ExecSpec.Structures_H	user_data_device.user_data_device_IITN_user_data_device \<Rightarrow> ((nat + unit) set \<Rightarrow> bool) set \<times>               (unit \<Rightarrow> (nat + unit) set \<Rightarrow> bool)
Structures_H.user_data_device.user_data_device_IITN_user_data_device.Abs_user_data_device_IITN_user_data_device	ExecSpec.Structures_H	((nat + unit) set \<Rightarrow> bool) set \<times> (unit \<Rightarrow> (nat + unit) set \<Rightarrow> bool) \<Rightarrow> user_data_device.user_data_device_IITN_user_data_device
Structures_H.scheduler_action.scheduler_action_IITN_scheduler_action.Rep_scheduler_action_IITN_scheduler_action	ExecSpec.Structures_H	scheduler_action.scheduler_action_IITN_scheduler_action \<Rightarrow> ((nat + scheduler_action_pre_scheduler_action) set                \<Rightarrow> bool) set \<times>               (scheduler_action_pre_scheduler_action                \<Rightarrow> (nat +                               scheduler_action_pre_scheduler_action) set                              \<Rightarrow> bool)
Structures_H.scheduler_action.scheduler_action_IITN_scheduler_action.Abs_scheduler_action_IITN_scheduler_action	ExecSpec.Structures_H	((nat + scheduler_action_pre_scheduler_action) set  \<Rightarrow> bool) set \<times> (scheduler_action_pre_scheduler_action  \<Rightarrow> (nat + scheduler_action_pre_scheduler_action) set                \<Rightarrow> bool) \<Rightarrow> scheduler_action.scheduler_action_IITN_scheduler_action
Structures_H.kernel_object.typerep_kernel_object_pre_kernel_object_inst.typerep_kernel_object_pre_kernel_object	ExecSpec.Structures_H	kernel_object_pre_kernel_object itself \<Rightarrow> typerep
MachineTypes.RISCV64.vmpage_size.typerep_vmpage_size_IITN_vmpage_size_inst.typerep_vmpage_size_IITN_vmpage_size	ExecSpec.MachineTypes	RISCV64.vmpage_size.vmpage_size_IITN_vmpage_size itself \<Rightarrow> typerep
Fault_H.lookup_failure.typerep_lookup_failure_pre_lookup_failure_inst.typerep_lookup_failure_pre_lookup_failure	ExecSpec.Fault_H	lookup_failure_pre_lookup_failure itself \<Rightarrow> typerep
ArchStructures_H.RISCV64_H.pre_arch_kernel_object_type.arch_kernel_object_type.pred_pre_arch_kernel_object_type	ExecSpec.ArchStructures_H	('a \<Rightarrow> bool) \<Rightarrow> unit + unit \<Rightarrow> bool
ArchStructures_H.RISCV64_H.full_exhaustive_arch_kernel_object_type_inst.full_exhaustive_arch_kernel_object_type	ExecSpec.ArchStructures_H	(arch_kernel_object_type \<times> (unit \<Rightarrow> term)  \<Rightarrow> (bool \<times> term list) option) \<Rightarrow> natural \<Rightarrow> (bool \<times> term list) option
ArchRetypeDecls_H.RISCV64_H.invocation.typerep_invocation_pre_invocation_inst.typerep_invocation_pre_invocation	ExecSpec.ArchRetypeDecls_H	RISCV64_H.invocation_pre_invocation itself \<Rightarrow> typerep
ArchInvocationLabels_H.RISCV64_H.pre_arch_invocation_label.arch_invocation_label.pred_pre_arch_invocation_label	ExecSpec.ArchInvocationLabels_H	('a \<Rightarrow> bool) \<Rightarrow> RISCV64_H.arch_invocation_label_pre_arch_invocation_label               \<Rightarrow> bool
Invocations_H.cnode_invocation.cnode_invocation_pre_cnode_invocation.Rep_cnode_invocation_pre_cnode_invocation	ExecSpec.Invocations_H	cnode_invocation_pre_cnode_invocation \<Rightarrow> (capability \<times> 64 word \<times> 64 word +                (capability \<times> capability) \<times>                64 word \<times> 64 word \<times> 64 word +                64 word) +               (capability \<times> 64 word \<times> 64 word + capability) +               64 word + 64 word
Invocations_H.cnode_invocation.cnode_invocation_pre_cnode_invocation.Abs_cnode_invocation_pre_cnode_invocation	ExecSpec.Invocations_H	(capability \<times> 64 word \<times> 64 word +  (capability \<times> capability) \<times>  64 word \<times> 64 word \<times> 64 word +  64 word) + (capability \<times> 64 word \<times> 64 word + capability) + 64 word + 64 word \<Rightarrow> cnode_invocation_pre_cnode_invocation
ArchTypes_H.RISCV64_H.object_type.typerep_object_type_pre_object_type_inst.typerep_object_type_pre_object_type	ExecSpec.ArchTypes_H	RISCV64_H.object_type_pre_object_type itself \<Rightarrow> typerep
ArchStructures_H.RISCV64_H.pre_arch_kernel_object_type.arch_kernel_object_type.wit_pre_arch_kernel_object_type	ExecSpec.ArchStructures_H	unit + unit
ArchStructures_H.RISCV64_H.pre_arch_kernel_object_type.arch_kernel_object_type.set_pre_arch_kernel_object_type	ExecSpec.ArchStructures_H	unit + unit \<Rightarrow> 'a set
ArchStructures_H.RISCV64_H.pre_arch_kernel_object_type.arch_kernel_object_type.rel_pre_arch_kernel_object_type	ExecSpec.ArchStructures_H	('a \<Rightarrow> 'b \<Rightarrow> bool) \<Rightarrow> unit + unit \<Rightarrow> unit + unit \<Rightarrow> bool
ArchStructures_H.RISCV64_H.pre_arch_kernel_object_type.arch_kernel_object_type.map_pre_arch_kernel_object_type	ExecSpec.ArchStructures_H	('a \<Rightarrow> 'b) \<Rightarrow> unit + unit \<Rightarrow> unit + unit
ArchRetypeDecls_H.RISCV64_H.full_exhaustive_asidcontrol_invocation_inst.full_exhaustive_asidcontrol_invocation	ExecSpec.ArchRetypeDecls_H	(RISCV64_H.asidcontrol_invocation \<times> (unit \<Rightarrow> term)  \<Rightarrow> (bool \<times> term list) option) \<Rightarrow> natural \<Rightarrow> (bool \<times> term list) option
ArchInvocationLabels_H.RISCV64_H.pre_arch_invocation_label.arch_invocation_label.wit_pre_arch_invocation_label	ExecSpec.ArchInvocationLabels_H	RISCV64_H.arch_invocation_label_pre_arch_invocation_label
ArchInvocationLabels_H.RISCV64_H.pre_arch_invocation_label.arch_invocation_label.set_pre_arch_invocation_label	ExecSpec.ArchInvocationLabels_H	RISCV64_H.arch_invocation_label_pre_arch_invocation_label \<Rightarrow> 'a set
ArchInvocationLabels_H.RISCV64_H.pre_arch_invocation_label.arch_invocation_label.rel_pre_arch_invocation_label	ExecSpec.ArchInvocationLabels_H	('a \<Rightarrow> 'b \<Rightarrow> bool) \<Rightarrow> RISCV64_H.arch_invocation_label_pre_arch_invocation_label               \<Rightarrow> RISCV64_H.arch_invocation_label_pre_arch_invocation_label                             \<Rightarrow> bool
ArchInvocationLabels_H.RISCV64_H.pre_arch_invocation_label.arch_invocation_label.map_pre_arch_invocation_label	ExecSpec.ArchInvocationLabels_H	('a \<Rightarrow> 'b) \<Rightarrow> RISCV64_H.arch_invocation_label_pre_arch_invocation_label               \<Rightarrow> RISCV64_H.arch_invocation_label_pre_arch_invocation_label
Structures_H.scheduler_action.scheduler_action_pre_scheduler_action.Rep_scheduler_action_pre_scheduler_action	ExecSpec.Structures_H	scheduler_action_pre_scheduler_action \<Rightarrow> unit + unit + 64 word
Structures_H.scheduler_action.scheduler_action_pre_scheduler_action.Abs_scheduler_action_pre_scheduler_action	ExecSpec.Structures_H	unit + unit + 64 word \<Rightarrow> scheduler_action_pre_scheduler_action
MachineTypes.RISCV64.hyp_fault_type.hyp_fault_type_IITN_hyp_fault_type.Rep_hyp_fault_type_IITN_hyp_fault_type	ExecSpec.MachineTypes	RISCV64.hyp_fault_type.hyp_fault_type_IITN_hyp_fault_type \<Rightarrow> ((nat + unit) set \<Rightarrow> bool) set \<times>               (unit \<Rightarrow> (nat + unit) set \<Rightarrow> bool)
MachineTypes.RISCV64.hyp_fault_type.hyp_fault_type_IITN_hyp_fault_type.Abs_hyp_fault_type_IITN_hyp_fault_type	ExecSpec.MachineTypes	((nat + unit) set \<Rightarrow> bool) set \<times> (unit \<Rightarrow> (nat + unit) set \<Rightarrow> bool) \<Rightarrow> RISCV64.hyp_fault_type.hyp_fault_type_IITN_hyp_fault_type
ArchRetypeDecls_H.RISCV64_H.pre_asidcontrol_invocation.asidcontrol_invocation.pred_pre_asidcontrol_invocation	ExecSpec.ArchRetypeDecls_H	('a \<Rightarrow> bool) \<Rightarrow> RISCV64_H.asidcontrol_invocation_pre_asidcontrol_invocation               \<Rightarrow> bool
Structures_H.thread_state.typerep_thread_state_IITN_thread_state_inst.typerep_thread_state_IITN_thread_state	ExecSpec.Structures_H	thread_state.thread_state_IITN_thread_state itself \<Rightarrow> typerep
Structures_H.notification.typerep_notification_IITN_notification_inst.typerep_notification_IITN_notification	ExecSpec.Structures_H	notification.notification_IITN_notification itself \<Rightarrow> typerep
Fault_H.syscall_error.typerep_syscall_error_IITN_syscall_error_inst.typerep_syscall_error_IITN_syscall_error	ExecSpec.Fault_H	syscall_error.syscall_error_IITN_syscall_error itself \<Rightarrow> typerep
ArchRetypeDecls_H.RISCV64_H.pre_asidcontrol_invocation.asidcontrol_invocation.wit_pre_asidcontrol_invocation	ExecSpec.ArchRetypeDecls_H	RISCV64_H.asidcontrol_invocation_pre_asidcontrol_invocation
ArchRetypeDecls_H.RISCV64_H.pre_asidcontrol_invocation.asidcontrol_invocation.set_pre_asidcontrol_invocation	ExecSpec.ArchRetypeDecls_H	RISCV64_H.asidcontrol_invocation_pre_asidcontrol_invocation \<Rightarrow> 'a set
ArchRetypeDecls_H.RISCV64_H.pre_asidcontrol_invocation.asidcontrol_invocation.rel_pre_asidcontrol_invocation	ExecSpec.ArchRetypeDecls_H	('a \<Rightarrow> 'b \<Rightarrow> bool) \<Rightarrow> RISCV64_H.asidcontrol_invocation_pre_asidcontrol_invocation               \<Rightarrow> RISCV64_H.asidcontrol_invocation_pre_asidcontrol_invocation                             \<Rightarrow> bool
ArchRetypeDecls_H.RISCV64_H.pre_asidcontrol_invocation.asidcontrol_invocation.map_pre_asidcontrol_invocation	ExecSpec.ArchRetypeDecls_H	('a \<Rightarrow> 'b) \<Rightarrow> RISCV64_H.asidcontrol_invocation_pre_asidcontrol_invocation               \<Rightarrow> RISCV64_H.asidcontrol_invocation_pre_asidcontrol_invocation
ArchRetypeDecls_H.RISCV64_H.full_exhaustive_page_table_invocation_inst.full_exhaustive_page_table_invocation	ExecSpec.ArchRetypeDecls_H	(RISCV64_H.page_table_invocation \<times> (unit \<Rightarrow> term)  \<Rightarrow> (bool \<times> term list) option) \<Rightarrow> natural \<Rightarrow> (bool \<times> term list) option
ArchRetypeDecls_H.RISCV64_H.full_exhaustive_irqcontrol_invocation_inst.full_exhaustive_irqcontrol_invocation	ExecSpec.ArchRetypeDecls_H	(Arch.irqcontrol_invocation \<times> (unit \<Rightarrow> term)  \<Rightarrow> (bool \<times> term list) option) \<Rightarrow> natural \<Rightarrow> (bool \<times> term list) option
Arch_Structs_B.RISCV64_H.full_exhaustive_riscvvspace_region_use_inst.full_exhaustive_riscvvspace_region_use	ExecSpec.Arch_Structs_B	(RISCV64_H.riscvvspace_region_use \<times> (unit \<Rightarrow> term)  \<Rightarrow> (bool \<times> term list) option) \<Rightarrow> natural \<Rightarrow> (bool \<times> term list) option
ArchFault_H.RISCV64_H.arch_fault.typerep_arch_fault_IITN_arch_fault_inst.typerep_arch_fault_IITN_arch_fault	ExecSpec.ArchFault_H	RISCV64_H.arch_fault.arch_fault_IITN_arch_fault itself \<Rightarrow> typerep
Structures_H.thread_state.typerep_thread_state_pre_thread_state_inst.typerep_thread_state_pre_thread_state	ExecSpec.Structures_H	thread_state_pre_thread_state itself \<Rightarrow> typerep
Structures_H.notification.typerep_notification_pre_notification_inst.typerep_notification_pre_notification	ExecSpec.Structures_H	notification_pre_notification itself \<Rightarrow> typerep
Structures_H.interrupt_state.interrupt_state_IITN_interrupt_state.Rep_interrupt_state_IITN_interrupt_state	ExecSpec.Structures_H	interrupt_state.interrupt_state_IITN_interrupt_state \<Rightarrow> ((nat + interrupt_state_pre_interrupt_state) set                \<Rightarrow> bool) set \<times>               (interrupt_state_pre_interrupt_state                \<Rightarrow> (nat + interrupt_state_pre_interrupt_state) set                              \<Rightarrow> bool)
Structures_H.interrupt_state.interrupt_state_IITN_interrupt_state.Abs_interrupt_state_IITN_interrupt_state	ExecSpec.Structures_H	((nat + interrupt_state_pre_interrupt_state) set  \<Rightarrow> bool) set \<times> (interrupt_state_pre_interrupt_state  \<Rightarrow> (nat + interrupt_state_pre_interrupt_state) set                \<Rightarrow> bool) \<Rightarrow> interrupt_state.interrupt_state_IITN_interrupt_state
Fault_H.syscall_error.typerep_syscall_error_pre_syscall_error_inst.typerep_syscall_error_pre_syscall_error	ExecSpec.Fault_H	syscall_error_pre_syscall_error itself \<Rightarrow> typerep
Arch_Structs_B.RISCV64_H.pre_riscvvspace_region_use.riscvvspace_region_use.pred_pre_riscvvspace_region_use	ExecSpec.Arch_Structs_B	('a \<Rightarrow> bool) \<Rightarrow> RISCV64_H.riscvvspace_region_use_pre_riscvvspace_region_use               \<Rightarrow> bool
ArchRetypeDecls_H.RISCV64_H.pre_page_table_invocation.page_table_invocation.pred_pre_page_table_invocation	ExecSpec.ArchRetypeDecls_H	('a \<Rightarrow> bool) \<Rightarrow> RISCV64_H.page_table_invocation_pre_page_table_invocation               \<Rightarrow> bool
ArchRetypeDecls_H.RISCV64_H.pre_irqcontrol_invocation.irqcontrol_invocation.pred_pre_irqcontrol_invocation	ExecSpec.ArchRetypeDecls_H	('a \<Rightarrow> bool) \<Rightarrow> RISCV64_H.irqcontrol_invocation_pre_irqcontrol_invocation               \<Rightarrow> bool
Arch_Structs_B.RISCV64_H.pre_riscvvspace_region_use.riscvvspace_region_use.wit_pre_riscvvspace_region_use	ExecSpec.Arch_Structs_B	RISCV64_H.riscvvspace_region_use_pre_riscvvspace_region_use
Arch_Structs_B.RISCV64_H.pre_riscvvspace_region_use.riscvvspace_region_use.set_pre_riscvvspace_region_use	ExecSpec.Arch_Structs_B	RISCV64_H.riscvvspace_region_use_pre_riscvvspace_region_use \<Rightarrow> 'a set
Arch_Structs_B.RISCV64_H.pre_riscvvspace_region_use.riscvvspace_region_use.rel_pre_riscvvspace_region_use	ExecSpec.Arch_Structs_B	('a \<Rightarrow> 'b \<Rightarrow> bool) \<Rightarrow> RISCV64_H.riscvvspace_region_use_pre_riscvvspace_region_use               \<Rightarrow> RISCV64_H.riscvvspace_region_use_pre_riscvvspace_region_use                             \<Rightarrow> bool
Arch_Structs_B.RISCV64_H.pre_riscvvspace_region_use.riscvvspace_region_use.map_pre_riscvvspace_region_use	ExecSpec.Arch_Structs_B	('a \<Rightarrow> 'b) \<Rightarrow> RISCV64_H.riscvvspace_region_use_pre_riscvvspace_region_use               \<Rightarrow> RISCV64_H.riscvvspace_region_use_pre_riscvvspace_region_use
ArchRetypeDecls_H.RISCV64_H.pre_page_table_invocation.page_table_invocation.wit_pre_page_table_invocation	ExecSpec.ArchRetypeDecls_H	RISCV64_H.page_table_invocation_pre_page_table_invocation
ArchRetypeDecls_H.RISCV64_H.pre_page_table_invocation.page_table_invocation.set_pre_page_table_invocation	ExecSpec.ArchRetypeDecls_H	RISCV64_H.page_table_invocation_pre_page_table_invocation \<Rightarrow> 'a set
ArchRetypeDecls_H.RISCV64_H.pre_page_table_invocation.page_table_invocation.rel_pre_page_table_invocation	ExecSpec.ArchRetypeDecls_H	('a \<Rightarrow> 'b \<Rightarrow> bool) \<Rightarrow> RISCV64_H.page_table_invocation_pre_page_table_invocation               \<Rightarrow> RISCV64_H.page_table_invocation_pre_page_table_invocation                             \<Rightarrow> bool
ArchRetypeDecls_H.RISCV64_H.pre_page_table_invocation.page_table_invocation.map_pre_page_table_invocation	ExecSpec.ArchRetypeDecls_H	('a \<Rightarrow> 'b) \<Rightarrow> RISCV64_H.page_table_invocation_pre_page_table_invocation               \<Rightarrow> RISCV64_H.page_table_invocation_pre_page_table_invocation
ArchRetypeDecls_H.RISCV64_H.pre_irqcontrol_invocation.irqcontrol_invocation.wit_pre_irqcontrol_invocation	ExecSpec.ArchRetypeDecls_H	RISCV64_H.irqcontrol_invocation_pre_irqcontrol_invocation
ArchRetypeDecls_H.RISCV64_H.pre_irqcontrol_invocation.irqcontrol_invocation.set_pre_irqcontrol_invocation	ExecSpec.ArchRetypeDecls_H	RISCV64_H.irqcontrol_invocation_pre_irqcontrol_invocation \<Rightarrow> 'a set
ArchRetypeDecls_H.RISCV64_H.pre_irqcontrol_invocation.irqcontrol_invocation.rel_pre_irqcontrol_invocation	ExecSpec.ArchRetypeDecls_H	('a \<Rightarrow> 'b \<Rightarrow> bool) \<Rightarrow> RISCV64_H.irqcontrol_invocation_pre_irqcontrol_invocation               \<Rightarrow> RISCV64_H.irqcontrol_invocation_pre_irqcontrol_invocation                             \<Rightarrow> bool
ArchRetypeDecls_H.RISCV64_H.pre_irqcontrol_invocation.irqcontrol_invocation.map_pre_irqcontrol_invocation	ExecSpec.ArchRetypeDecls_H	('a \<Rightarrow> 'b) \<Rightarrow> RISCV64_H.irqcontrol_invocation_pre_irqcontrol_invocation               \<Rightarrow> RISCV64_H.irqcontrol_invocation_pre_irqcontrol_invocation
ArchFault_H.RISCV64_H.arch_fault.typerep_arch_fault_pre_arch_fault_inst.typerep_arch_fault_pre_arch_fault	ExecSpec.ArchFault_H	RISCV64_H.arch_fault_pre_arch_fault itself \<Rightarrow> typerep
Structures_H.interrupt_state.interrupt_state_pre_interrupt_state.Rep_interrupt_state_pre_interrupt_state	ExecSpec.Structures_H	interrupt_state_pre_interrupt_state \<Rightarrow> 64 word \<times> (6 word \<Rightarrow> irqstate)
Structures_H.interrupt_state.interrupt_state_pre_interrupt_state.Abs_interrupt_state_pre_interrupt_state	ExecSpec.Structures_H	64 word \<times> (6 word \<Rightarrow> irqstate) \<Rightarrow> interrupt_state_pre_interrupt_state
ArchStateData_H.RISCV64_H.kernel_state.kernel_state_IITN_kernel_state.Rep_kernel_state_IITN_kernel_state	ExecSpec.ArchStateData_H	RISCV64_H.kernel_state.kernel_state_IITN_kernel_state \<Rightarrow> ((nat + RISCV64_H.kernel_state_pre_kernel_state) set                \<Rightarrow> bool) set \<times>               (RISCV64_H.kernel_state_pre_kernel_state                \<Rightarrow> (nat +                               RISCV64_H.kernel_state_pre_kernel_state) set                              \<Rightarrow> bool)
ArchStateData_H.RISCV64_H.kernel_state.kernel_state_IITN_kernel_state.Abs_kernel_state_IITN_kernel_state	ExecSpec.ArchStateData_H	((nat + RISCV64_H.kernel_state_pre_kernel_state) set  \<Rightarrow> bool) set \<times> (RISCV64_H.kernel_state_pre_kernel_state  \<Rightarrow> (nat + RISCV64_H.kernel_state_pre_kernel_state) set                \<Rightarrow> bool) \<Rightarrow> RISCV64_H.kernel_state.kernel_state_IITN_kernel_state
ArchRetypeDecls_H.RISCV64_H.full_exhaustive_asidpool_invocation_inst.full_exhaustive_asidpool_invocation	ExecSpec.ArchRetypeDecls_H	(RISCV64_H.asidpool_invocation \<times> (unit \<Rightarrow> term)  \<Rightarrow> (bool \<times> term list) option) \<Rightarrow> natural \<Rightarrow> (bool \<times> term list) option
Types_H.message_info.typerep_message_info_IITN_message_info_inst.typerep_message_info_IITN_message_info	ExecSpec.Types_H	message_info.message_info_IITN_message_info itself \<Rightarrow> typerep
Types_H.cap_transfer.typerep_cap_transfer_IITN_cap_transfer_inst.typerep_cap_transfer_IITN_cap_transfer	ExecSpec.Types_H	cap_transfer.cap_transfer_IITN_cap_transfer itself \<Rightarrow> typerep
Types_H.biframe_data.typerep_biframe_data_IITN_biframe_data_inst.typerep_biframe_data_IITN_biframe_data	ExecSpec.Types_H	biframe_data.biframe_data_IITN_biframe_data itself \<Rightarrow> typerep
Structures_H.zombie_type.typerep_zombie_type_IITN_zombie_type_inst.typerep_zombie_type_IITN_zombie_type	ExecSpec.Structures_H	zombie_type.zombie_type_IITN_zombie_type itself \<Rightarrow> typerep
Fault_H.init_failure.typerep_init_failure_IITN_init_failure_inst.typerep_init_failure_IITN_init_failure	ExecSpec.Fault_H	init_failure.init_failure_IITN_init_failure itself \<Rightarrow> typerep
ArchStructures_H.RISCV64_H.asidpool.typerep_asidpool_IITN_asidpool_inst.typerep_asidpool_IITN_asidpool	ExecSpec.ArchStructures_H	RISCV64_H.asidpool.asidpool_IITN_asidpool itself \<Rightarrow> typerep
ArchStructures_H.RISCV64_H.arch_tcb.typerep_arch_tcb_IITN_arch_tcb_inst.typerep_arch_tcb_IITN_arch_tcb	ExecSpec.ArchStructures_H	RISCV64_H.arch_tcb.arch_tcb_IITN_arch_tcb itself \<Rightarrow> typerep
ArchStateData_H.RISCV64_H.kernel_state.kernel_state_pre_kernel_state.Rep_kernel_state_pre_kernel_state	ExecSpec.ArchStateData_H	RISCV64_H.kernel_state_pre_kernel_state \<Rightarrow> (64 word \<Rightarrow> 64 word option) \<times>               (nat \<Rightarrow> 64 word list) \<times>               (64 word \<Rightarrow> RISCV64_H.riscvvspace_region_use)
ArchStateData_H.RISCV64_H.kernel_state.kernel_state_pre_kernel_state.Abs_kernel_state_pre_kernel_state	ExecSpec.ArchStateData_H	(64 word \<Rightarrow> 64 word option) \<times> (nat \<Rightarrow> 64 word list) \<times> (64 word \<Rightarrow> RISCV64_H.riscvvspace_region_use) \<Rightarrow> RISCV64_H.kernel_state_pre_kernel_state
ArchRetypeDecls_H.RISCV64_H.full_exhaustive_copy_register_sets_inst.full_exhaustive_copy_register_sets	ExecSpec.ArchRetypeDecls_H	(Arch.copy_register_sets \<times> (unit \<Rightarrow> term)  \<Rightarrow> (bool \<times> term list) option) \<Rightarrow> natural \<Rightarrow> (bool \<times> term list) option
Types_H.message_info.typerep_message_info_pre_message_info_inst.typerep_message_info_pre_message_info	ExecSpec.Types_H	message_info_pre_message_info itself \<Rightarrow> typerep
Types_H.cap_transfer.typerep_cap_transfer_pre_cap_transfer_inst.typerep_cap_transfer_pre_cap_transfer	ExecSpec.Types_H	cap_transfer_pre_cap_transfer itself \<Rightarrow> typerep
Types_H.biframe_data.typerep_biframe_data_pre_biframe_data_inst.typerep_biframe_data_pre_biframe_data	ExecSpec.Types_H	biframe_data_pre_biframe_data itself \<Rightarrow> typerep
Types_H.bidevice_region.bidevice_region_IITN_bidevice_region.Rep_bidevice_region_IITN_bidevice_region	ExecSpec.Types_H	bidevice_region.bidevice_region_IITN_bidevice_region \<Rightarrow> ((nat + bidevice_region_pre_bidevice_region) set                \<Rightarrow> bool) set \<times>               (bidevice_region_pre_bidevice_region                \<Rightarrow> (nat + bidevice_region_pre_bidevice_region) set                              \<Rightarrow> bool)
Types_H.bidevice_region.bidevice_region_IITN_bidevice_region.Abs_bidevice_region_IITN_bidevice_region	ExecSpec.Types_H	((nat + bidevice_region_pre_bidevice_region) set  \<Rightarrow> bool) set \<times> (bidevice_region_pre_bidevice_region  \<Rightarrow> (nat + bidevice_region_pre_bidevice_region) set                \<Rightarrow> bool) \<Rightarrow> bidevice_region.bidevice_region_IITN_bidevice_region
KernelStateData_H.kernel_state.partial_term_of_kernel_state_ext_inst.partial_term_of_kernel_state_ext	ExecSpec.KernelStateData_H	'a kernel_state_scheme itself \<Rightarrow> ??.Quickcheck_Narrowing.narrowing_term \<Rightarrow> term
ArchStructures_H.RISCV64_H.full_exhaustive_arch_kernel_object_inst.full_exhaustive_arch_kernel_object	ExecSpec.ArchStructures_H	(arch_kernel_object \<times> (unit \<Rightarrow> term)  \<Rightarrow> (bool \<times> term list) option) \<Rightarrow> natural \<Rightarrow> (bool \<times> term list) option
ArchInvocationLabels_H.RISCV64_H.narrowing_arch_invocation_label_inst.narrowing_arch_invocation_label	ExecSpec.ArchInvocationLabels_H	integer \<Rightarrow> arch_invocation_label ??.Quickcheck_Narrowing.narrowing_cons
ArchTypes_H.apiobject_type.apiobject_type_IITN_apiobject_type.Rep_apiobject_type_IITN_apiobject_type	ExecSpec.ArchTypes_H	apiobject_type.apiobject_type_IITN_apiobject_type \<Rightarrow> ((nat + apiobject_type_pre_apiobject_type) set                \<Rightarrow> bool) set \<times>               (apiobject_type_pre_apiobject_type                \<Rightarrow> (nat + apiobject_type_pre_apiobject_type) set                              \<Rightarrow> bool)
ArchTypes_H.apiobject_type.apiobject_type_IITN_apiobject_type.Abs_apiobject_type_IITN_apiobject_type	ExecSpec.ArchTypes_H	((nat + apiobject_type_pre_apiobject_type) set  \<Rightarrow> bool) set \<times> (apiobject_type_pre_apiobject_type  \<Rightarrow> (nat + apiobject_type_pre_apiobject_type) set                \<Rightarrow> bool) \<Rightarrow> apiobject_type.apiobject_type_IITN_apiobject_type
ArchStructures_H.RISCV64_H.asidpool.typerep_asidpool_pre_asidpool_inst.typerep_asidpool_pre_asidpool	ExecSpec.ArchStructures_H	RISCV64_H.asidpool_pre_asidpool itself \<Rightarrow> typerep
ArchRetypeDecls_H.RISCV64_H.pre_asidpool_invocation.asidpool_invocation.pred_pre_asidpool_invocation	ExecSpec.ArchRetypeDecls_H	('a \<Rightarrow> bool) \<Rightarrow> RISCV64_H.asidpool_invocation_pre_asidpool_invocation               \<Rightarrow> bool
Types_H.bidevice_region.bidevice_region_pre_bidevice_region.Rep_bidevice_region_pre_bidevice_region	ExecSpec.Types_H	bidevice_region_pre_bidevice_region \<Rightarrow> 64 word \<times> 32 word \<times> 64 word \<times> 64 word
Types_H.bidevice_region.bidevice_region_pre_bidevice_region.Abs_bidevice_region_pre_bidevice_region	ExecSpec.Types_H	64 word \<times> 32 word \<times> 64 word \<times> 64 word \<Rightarrow> bidevice_region_pre_bidevice_region
MachineTypes.machine_state.partial_term_of_machine_state_ext_inst.partial_term_of_machine_state_ext	ExecSpec.MachineTypes	'a RISCV64.machine_state_scheme itself \<Rightarrow> ??.Quickcheck_Narrowing.narrowing_term \<Rightarrow> term
MachineTypes.RISCV64.vmfault_type.vmfault_type_IITN_vmfault_type.Rep_vmfault_type_IITN_vmfault_type	ExecSpec.MachineTypes	RISCV64.vmfault_type.vmfault_type_IITN_vmfault_type \<Rightarrow> ((nat + RISCV64.vmfault_type_pre_vmfault_type) set                \<Rightarrow> bool) set \<times>               (RISCV64.vmfault_type_pre_vmfault_type                \<Rightarrow> (nat +                               RISCV64.vmfault_type_pre_vmfault_type) set                              \<Rightarrow> bool)
MachineTypes.RISCV64.vmfault_type.vmfault_type_IITN_vmfault_type.Abs_vmfault_type_IITN_vmfault_type	ExecSpec.MachineTypes	((nat + RISCV64.vmfault_type_pre_vmfault_type) set  \<Rightarrow> bool) set \<times> (RISCV64.vmfault_type_pre_vmfault_type  \<Rightarrow> (nat + RISCV64.vmfault_type_pre_vmfault_type) set                \<Rightarrow> bool) \<Rightarrow> RISCV64.vmfault_type.vmfault_type_IITN_vmfault_type
Invocations_H.invocation.typerep_invocation_IITN_invocation_inst.typerep_invocation_IITN_invocation	ExecSpec.Invocations_H	invocation.invocation_IITN_invocation itself \<Rightarrow> typerep
InvocationLabels_H.partial_term_of_gen_invocation_labels_inst.partial_term_of_gen_invocation_labels	ExecSpec.InvocationLabels_H	gen_invocation_labels itself \<Rightarrow> ??.Quickcheck_Narrowing.narrowing_term \<Rightarrow> term
InvocationLabels_H.full_exhaustive_gen_invocation_labels_inst.full_exhaustive_gen_invocation_labels	ExecSpec.InvocationLabels_H	(gen_invocation_labels \<times> (unit \<Rightarrow> term)  \<Rightarrow> (bool \<times> term list) option) \<Rightarrow> natural \<Rightarrow> (bool \<times> term list) option
ArchStructures_H.RISCV64_H.narrowing_arch_kernel_object_type_inst.narrowing_arch_kernel_object_type	ExecSpec.ArchStructures_H	integer \<Rightarrow> arch_kernel_object_type ??.Quickcheck_Narrowing.narrowing_cons
ArchRetypeDecls_H.RISCV64_H.pre_asidpool_invocation.asidpool_invocation.wit_pre_asidpool_invocation	ExecSpec.ArchRetypeDecls_H	RISCV64_H.asidpool_invocation_pre_asidpool_invocation
ArchRetypeDecls_H.RISCV64_H.pre_asidpool_invocation.asidpool_invocation.set_pre_asidpool_invocation	ExecSpec.ArchRetypeDecls_H	RISCV64_H.asidpool_invocation_pre_asidpool_invocation \<Rightarrow> 'a set
ArchRetypeDecls_H.RISCV64_H.pre_asidpool_invocation.asidpool_invocation.rel_pre_asidpool_invocation	ExecSpec.ArchRetypeDecls_H	('a \<Rightarrow> 'b \<Rightarrow> bool) \<Rightarrow> RISCV64_H.asidpool_invocation_pre_asidpool_invocation               \<Rightarrow> RISCV64_H.asidpool_invocation_pre_asidpool_invocation                             \<Rightarrow> bool
ArchRetypeDecls_H.RISCV64_H.pre_asidpool_invocation.asidpool_invocation.map_pre_asidpool_invocation	ExecSpec.ArchRetypeDecls_H	('a \<Rightarrow> 'b) \<Rightarrow> RISCV64_H.asidpool_invocation_pre_asidpool_invocation               \<Rightarrow> RISCV64_H.asidpool_invocation_pre_asidpool_invocation
Structures_H.capability.typerep_capability_IITN_capability_inst.typerep_capability_IITN_capability	ExecSpec.Structures_H	capability.capability_IITN_capability itself \<Rightarrow> typerep
ArchTypes_H.apiobject_type.apiobject_type_pre_apiobject_type.Rep_apiobject_type_pre_apiobject_type	ExecSpec.ArchTypes_H	apiobject_type_pre_apiobject_type \<Rightarrow> (unit + unit) + unit + unit + unit
ArchTypes_H.apiobject_type.apiobject_type_pre_apiobject_type.Abs_apiobject_type_pre_apiobject_type	ExecSpec.ArchTypes_H	(unit + unit) + unit + unit + unit \<Rightarrow> apiobject_type_pre_apiobject_type
MachineTypes.RISCV64.vmfault_type.vmfault_type_pre_vmfault_type.Rep_vmfault_type_pre_vmfault_type	ExecSpec.MachineTypes	RISCV64.vmfault_type_pre_vmfault_type \<Rightarrow> (unit + unit + unit) + unit + unit + unit
MachineTypes.RISCV64.vmfault_type.vmfault_type_pre_vmfault_type.Abs_vmfault_type_pre_vmfault_type	ExecSpec.MachineTypes	(unit + unit + unit) + unit + unit + unit \<Rightarrow> RISCV64.vmfault_type_pre_vmfault_type
MachineOps.RISCV64.user_context.user_context_IITN_user_context.Rep_user_context_IITN_user_context	ExecSpec.MachineOps	RISCV64.user_context.user_context_IITN_user_context \<Rightarrow> ((nat + RISCV64.user_context_pre_user_context) set                \<Rightarrow> bool) set \<times>               (RISCV64.user_context_pre_user_context                \<Rightarrow> (nat +                               RISCV64.user_context_pre_user_context) set                              \<Rightarrow> bool)
MachineOps.RISCV64.user_context.user_context_IITN_user_context.Abs_user_context_IITN_user_context	ExecSpec.MachineOps	((nat + RISCV64.user_context_pre_user_context) set  \<Rightarrow> bool) set \<times> (RISCV64.user_context_pre_user_context  \<Rightarrow> (nat + RISCV64.user_context_pre_user_context) set                \<Rightarrow> bool) \<Rightarrow> RISCV64.user_context.user_context_IITN_user_context
Invocations_H.tcbinvocation.tcbinvocation_IITN_tcbinvocation.Rep_tcbinvocation_IITN_tcbinvocation	ExecSpec.Invocations_H	tcbinvocation.tcbinvocation_IITN_tcbinvocation \<Rightarrow> ((nat + tcbinvocation_pre_tcbinvocation) set                \<Rightarrow> bool) set \<times>               (tcbinvocation_pre_tcbinvocation                \<Rightarrow> (nat + tcbinvocation_pre_tcbinvocation) set                              \<Rightarrow> bool)
Invocations_H.tcbinvocation.tcbinvocation_IITN_tcbinvocation.Abs_tcbinvocation_IITN_tcbinvocation	ExecSpec.Invocations_H	((nat + tcbinvocation_pre_tcbinvocation) set  \<Rightarrow> bool) set \<times> (tcbinvocation_pre_tcbinvocation  \<Rightarrow> (nat + tcbinvocation_pre_tcbinvocation) set                \<Rightarrow> bool) \<Rightarrow> tcbinvocation.tcbinvocation_IITN_tcbinvocation
Invocations_H.invocation.typerep_invocation_pre_invocation_inst.typerep_invocation_pre_invocation	ExecSpec.Invocations_H	invocation_pre_invocation itself \<Rightarrow> typerep
InvocationLabels_H.pre_gen_invocation_labels.gen_invocation_labels.pred_pre_gen_invocation_labels	ExecSpec.InvocationLabels_H	('a \<Rightarrow> bool) \<Rightarrow> gen_invocation_labels_pre_gen_invocation_labels               \<Rightarrow> bool
ArchRetypeDecls_H.RISCV64_H.pre_copy_register_sets.copy_register_sets.pred_pre_copy_register_sets	ExecSpec.ArchRetypeDecls_H	('a \<Rightarrow> bool) \<Rightarrow> unit \<Rightarrow> bool
ArchInvocationLabels_H.RISCV64_H.typerep_arch_invocation_label_inst.typerep_arch_invocation_label	ExecSpec.ArchInvocationLabels_H	arch_invocation_label itself \<Rightarrow> typerep
ArchInvocationLabels_H.RISCV64_H.term_of_arch_invocation_label_inst.term_of_arch_invocation_label	ExecSpec.ArchInvocationLabels_H	arch_invocation_label \<Rightarrow> term
Structures_H.kernel_object.kernel_object_IITN_kernel_object.Rep_kernel_object_IITN_kernel_object	ExecSpec.Structures_H	kernel_object.kernel_object_IITN_kernel_object \<Rightarrow> ((nat + kernel_object_pre_kernel_object) set                \<Rightarrow> bool) set \<times>               (kernel_object_pre_kernel_object                \<Rightarrow> (nat + kernel_object_pre_kernel_object) set                              \<Rightarrow> bool)
Structures_H.kernel_object.kernel_object_IITN_kernel_object.Abs_kernel_object_IITN_kernel_object	ExecSpec.Structures_H	((nat + kernel_object_pre_kernel_object) set  \<Rightarrow> bool) set \<times> (kernel_object_pre_kernel_object  \<Rightarrow> (nat + kernel_object_pre_kernel_object) set                \<Rightarrow> bool) \<Rightarrow> kernel_object.kernel_object_IITN_kernel_object
Structures_H.capability.typerep_capability_pre_capability_inst.typerep_capability_pre_capability	ExecSpec.Structures_H	capability_pre_capability itself \<Rightarrow> typerep
MachineTypes.RISCV64.register.typerep_register_IITN_register_inst.typerep_register_IITN_register	ExecSpec.MachineTypes	RISCV64.register.register_IITN_register itself \<Rightarrow> typerep
InvocationLabels_H.pre_gen_invocation_labels.gen_invocation_labels.wit_pre_gen_invocation_labels	ExecSpec.InvocationLabels_H	gen_invocation_labels_pre_gen_invocation_labels
InvocationLabels_H.pre_gen_invocation_labels.gen_invocation_labels.set_pre_gen_invocation_labels	ExecSpec.InvocationLabels_H	gen_invocation_labels_pre_gen_invocation_labels \<Rightarrow> 'a set
InvocationLabels_H.pre_gen_invocation_labels.gen_invocation_labels.rel_pre_gen_invocation_labels	ExecSpec.InvocationLabels_H	('a \<Rightarrow> 'b \<Rightarrow> bool) \<Rightarrow> gen_invocation_labels_pre_gen_invocation_labels               \<Rightarrow> gen_invocation_labels_pre_gen_invocation_labels                             \<Rightarrow> bool
InvocationLabels_H.pre_gen_invocation_labels.gen_invocation_labels.map_pre_gen_invocation_labels	ExecSpec.InvocationLabels_H	('a \<Rightarrow> 'b) \<Rightarrow> gen_invocation_labels_pre_gen_invocation_labels               \<Rightarrow> gen_invocation_labels_pre_gen_invocation_labels
Hardware_H.RISCV64_H.vmrights.typerep_vmrights_IITN_vmrights_inst.typerep_vmrights_IITN_vmrights	ExecSpec.Hardware_H	RISCV64_H.vmrights.vmrights_IITN_vmrights itself \<Rightarrow> typerep
Fault_H.lookup_failure.lookup_failure_IITN_lookup_failure.Rep_lookup_failure_IITN_lookup_failure	ExecSpec.Fault_H	lookup_failure.lookup_failure_IITN_lookup_failure \<Rightarrow> ((nat + lookup_failure_pre_lookup_failure) set                \<Rightarrow> bool) set \<times>               (lookup_failure_pre_lookup_failure                \<Rightarrow> (nat + lookup_failure_pre_lookup_failure) set                              \<Rightarrow> bool)
Fault_H.lookup_failure.lookup_failure_IITN_lookup_failure.Abs_lookup_failure_IITN_lookup_failure	ExecSpec.Fault_H	((nat + lookup_failure_pre_lookup_failure) set  \<Rightarrow> bool) set \<times> (lookup_failure_pre_lookup_failure  \<Rightarrow> (nat + lookup_failure_pre_lookup_failure) set                \<Rightarrow> bool) \<Rightarrow> lookup_failure.lookup_failure_IITN_lookup_failure
ArchStructures_H.RISCV64_H.pre_arch_kernel_object.arch_kernel_object.pred_pre_arch_kernel_object	ExecSpec.ArchStructures_H	('a \<Rightarrow> bool) \<Rightarrow> RISCV64_H.asidpool + RISCV64_H.pte \<Rightarrow> bool
ArchRetypeDecls_H.RISCV64_H.pre_copy_register_sets.copy_register_sets.wit_pre_copy_register_sets	ExecSpec.ArchRetypeDecls_H	unit
ArchRetypeDecls_H.RISCV64_H.pre_copy_register_sets.copy_register_sets.set_pre_copy_register_sets	ExecSpec.ArchRetypeDecls_H	unit \<Rightarrow> 'a set
ArchRetypeDecls_H.RISCV64_H.pre_copy_register_sets.copy_register_sets.rel_pre_copy_register_sets	ExecSpec.ArchRetypeDecls_H	('a \<Rightarrow> 'b \<Rightarrow> bool) \<Rightarrow> unit \<Rightarrow> unit \<Rightarrow> bool
ArchRetypeDecls_H.RISCV64_H.pre_copy_register_sets.copy_register_sets.map_pre_copy_register_sets	ExecSpec.ArchRetypeDecls_H	('a \<Rightarrow> 'b) \<Rightarrow> unit \<Rightarrow> unit
ArchRetypeDecls_H.RISCV64_H.invocation.invocation_IITN_invocation.Rep_invocation_IITN_invocation	ExecSpec.ArchRetypeDecls_H	RISCV64_H.invocation.invocation_IITN_invocation \<Rightarrow> ((nat + RISCV64_H.invocation_pre_invocation) set                \<Rightarrow> bool) set \<times>               (RISCV64_H.invocation_pre_invocation                \<Rightarrow> (nat + RISCV64_H.invocation_pre_invocation) set                              \<Rightarrow> bool)
ArchRetypeDecls_H.RISCV64_H.invocation.invocation_IITN_invocation.Abs_invocation_IITN_invocation	ExecSpec.ArchRetypeDecls_H	((nat + RISCV64_H.invocation_pre_invocation) set  \<Rightarrow> bool) set \<times> (RISCV64_H.invocation_pre_invocation  \<Rightarrow> (nat + RISCV64_H.invocation_pre_invocation) set                \<Rightarrow> bool) \<Rightarrow> RISCV64_H.invocation.invocation_IITN_invocation
ArchRetypeDecls_H.RISCV64_H.full_exhaustive_page_invocation_inst.full_exhaustive_page_invocation	ExecSpec.ArchRetypeDecls_H	(RISCV64_H.page_invocation \<times> (unit \<Rightarrow> term)  \<Rightarrow> (bool \<times> term list) option) \<Rightarrow> natural \<Rightarrow> (bool \<times> term list) option
MachineOps.RISCV64.user_context.user_context_pre_user_context.Rep_user_context_pre_user_context	ExecSpec.MachineOps	RISCV64.user_context_pre_user_context \<Rightarrow> register \<Rightarrow> 64 word
MachineOps.RISCV64.user_context.user_context_pre_user_context.Abs_user_context_pre_user_context	ExecSpec.MachineOps	(register \<Rightarrow> 64 word) \<Rightarrow> RISCV64.user_context_pre_user_context
Invocations_H.tcbinvocation.tcbinvocation_pre_tcbinvocation.Rep_tcbinvocation_pre_tcbinvocation	ExecSpec.Invocations_H	tcbinvocation_pre_tcbinvocation \<Rightarrow> ((64 word + 64 word) +                ((64 word \<times> 64 word) \<times>                 64 word option \<times>                 (8 word \<times> 64 word) option) \<times>                ((8 word \<times> 64 word) option \<times>                 (capability \<times> 64 word) option) \<times>                (capability \<times> 64 word) option \<times>                (64 word \<times>                 (capability \<times> 64 word) option) option +                64 word \<times> 64 word option) +               ((64 word \<times> bool) \<times>                64 word list \<times> Arch.copy_register_sets +                (64 word \<times> bool) \<times>                64 word \<times> Arch.copy_register_sets) +               (64 word \<times> 64 word \<times> bool) \<times>               (bool \<times> bool) \<times>               bool \<times> Arch.copy_register_sets +               64 word \<times> 64 word +               64 word \<times> 64 word \<times> 64 word
Invocations_H.tcbinvocation.tcbinvocation_pre_tcbinvocation.Abs_tcbinvocation_pre_tcbinvocation	ExecSpec.Invocations_H	((64 word + 64 word) +  ((64 word \<times> 64 word) \<times>   64 word option \<times> (8 word \<times> 64 word) option) \<times>  ((8 word \<times> 64 word) option \<times>   (capability \<times> 64 word) option) \<times>  (capability \<times> 64 word) option \<times>  (64 word \<times> (capability \<times> 64 word) option) option +  64 word \<times> 64 word option) + ((64 word \<times> bool) \<times>  64 word list \<times> Arch.copy_register_sets +  (64 word \<times> bool) \<times>  64 word \<times> Arch.copy_register_sets) + (64 word \<times> 64 word \<times> bool) \<times> (bool \<times> bool) \<times> bool \<times> Arch.copy_register_sets + 64 word \<times> 64 word + 64 word \<times> 64 word \<times> 64 word \<Rightarrow> tcbinvocation_pre_tcbinvocation
Arch_Structs_B.RISCV64_H.narrowing_riscvvspace_region_use_inst.narrowing_riscvvspace_region_use	ExecSpec.Arch_Structs_B	integer \<Rightarrow> RISCV64_H.riscvvspace_region_use ??.Quickcheck_Narrowing.narrowing_cons
ArchTypes_H.RISCV64_H.object_type.object_type_IITN_object_type.Rep_object_type_IITN_object_type	ExecSpec.ArchTypes_H	RISCV64_H.object_type.object_type_IITN_object_type \<Rightarrow> ((nat + RISCV64_H.object_type_pre_object_type) set                \<Rightarrow> bool) set \<times>               (RISCV64_H.object_type_pre_object_type                \<Rightarrow> (nat +                               RISCV64_H.object_type_pre_object_type) set                              \<Rightarrow> bool)
ArchTypes_H.RISCV64_H.object_type.object_type_IITN_object_type.Abs_object_type_IITN_object_type	ExecSpec.ArchTypes_H	((nat + RISCV64_H.object_type_pre_object_type) set  \<Rightarrow> bool) set \<times> (RISCV64_H.object_type_pre_object_type  \<Rightarrow> (nat + RISCV64_H.object_type_pre_object_type) set                \<Rightarrow> bool) \<Rightarrow> RISCV64_H.object_type.object_type_IITN_object_type
ArchStructures_H.RISCV64_H.typerep_arch_kernel_object_type_inst.typerep_arch_kernel_object_type	ExecSpec.ArchStructures_H	arch_kernel_object_type itself \<Rightarrow> typerep
ArchStructures_H.RISCV64_H.term_of_arch_kernel_object_type_inst.term_of_arch_kernel_object_type	ExecSpec.ArchStructures_H	arch_kernel_object_type \<Rightarrow> term
ArchStructures_H.RISCV64_H.pre_arch_kernel_object.arch_kernel_object.wit_pre_arch_kernel_object	ExecSpec.ArchStructures_H	RISCV64_H.asidpool + RISCV64_H.pte
ArchStructures_H.RISCV64_H.pre_arch_kernel_object.arch_kernel_object.set_pre_arch_kernel_object	ExecSpec.ArchStructures_H	RISCV64_H.asidpool + RISCV64_H.pte \<Rightarrow> 'a set
ArchStructures_H.RISCV64_H.pre_arch_kernel_object.arch_kernel_object.rel_pre_arch_kernel_object	ExecSpec.ArchStructures_H	('a \<Rightarrow> 'b \<Rightarrow> bool) \<Rightarrow> RISCV64_H.asidpool + RISCV64_H.pte               \<Rightarrow> RISCV64_H.asidpool + RISCV64_H.pte                             \<Rightarrow> bool
ArchStructures_H.RISCV64_H.pre_arch_kernel_object.arch_kernel_object.map_pre_arch_kernel_object	ExecSpec.ArchStructures_H	('a \<Rightarrow> 'b) \<Rightarrow> RISCV64_H.asidpool + RISCV64_H.pte               \<Rightarrow> RISCV64_H.asidpool + RISCV64_H.pte
ArchStructures_H.RISCV64_H.full_exhaustive_arch_capability_inst.full_exhaustive_arch_capability	ExecSpec.ArchStructures_H	(arch_capability \<times> (unit \<Rightarrow> term)  \<Rightarrow> (bool \<times> term list) option) \<Rightarrow> natural \<Rightarrow> (bool \<times> term list) option
ArchInvocationLabels_H.RISCV64_H.random_arch_invocation_label_inst.random_arch_invocation_label	ExecSpec.ArchInvocationLabels_H	natural \<Rightarrow> natural \<times> natural               \<Rightarrow> (arch_invocation_label \<times>                              (unit \<Rightarrow> term)) \<times>                             natural \<times> natural
Structures_H.kernel_object.kernel_object_pre_kernel_object.Rep_kernel_object_pre_kernel_object	ExecSpec.Structures_H	kernel_object_pre_kernel_object \<Rightarrow> ((endpoint + notification) + unit + unit) +               (unit + tcb) + cte + arch_kernel_object
Structures_H.kernel_object.kernel_object_pre_kernel_object.Abs_kernel_object_pre_kernel_object	ExecSpec.Structures_H	((endpoint + notification) + unit + unit) + (unit + tcb) + cte + arch_kernel_object \<Rightarrow> kernel_object_pre_kernel_object
MachineTypes.RISCV64.vmpage_size.vmpage_size_IITN_vmpage_size.Rep_vmpage_size_IITN_vmpage_size	ExecSpec.MachineTypes	RISCV64.vmpage_size.vmpage_size_IITN_vmpage_size \<Rightarrow> ((nat + unit + unit + unit) set                \<Rightarrow> bool) set \<times>               (unit + unit + unit                \<Rightarrow> (nat + unit + unit + unit) set                              \<Rightarrow> bool)
MachineTypes.RISCV64.vmpage_size.vmpage_size_IITN_vmpage_size.Abs_vmpage_size_IITN_vmpage_size	ExecSpec.MachineTypes	((nat + unit + unit + unit) set \<Rightarrow> bool) set \<times> (unit + unit + unit  \<Rightarrow> (nat + unit + unit + unit) set \<Rightarrow> bool) \<Rightarrow> RISCV64.vmpage_size.vmpage_size_IITN_vmpage_size
MachineTypes.RISCV64.register.typerep_register_pre_register_inst.typerep_register_pre_register	ExecSpec.MachineTypes	RISCV64.register_pre_register itself \<Rightarrow> typerep
Invocations_H.partial_term_of_irqhandler_invocation_inst.partial_term_of_irqhandler_invocation	ExecSpec.Invocations_H	irqhandler_invocation itself \<Rightarrow> ??.Quickcheck_Narrowing.narrowing_term \<Rightarrow> term
Invocations_H.partial_term_of_irqcontrol_invocation_inst.partial_term_of_irqcontrol_invocation	ExecSpec.Invocations_H	irqcontrol_invocation itself \<Rightarrow> ??.Quickcheck_Narrowing.narrowing_term \<Rightarrow> term
Invocations_H.full_exhaustive_irqhandler_invocation_inst.full_exhaustive_irqhandler_invocation	ExecSpec.Invocations_H	(irqhandler_invocation \<times> (unit \<Rightarrow> term)  \<Rightarrow> (bool \<times> term list) option) \<Rightarrow> natural \<Rightarrow> (bool \<times> term list) option
Invocations_H.full_exhaustive_irqcontrol_invocation_inst.full_exhaustive_irqcontrol_invocation	ExecSpec.Invocations_H	(irqcontrol_invocation \<times> (unit \<Rightarrow> term)  \<Rightarrow> (bool \<times> term list) option) \<Rightarrow> natural \<Rightarrow> (bool \<times> term list) option
Fault_H.lookup_failure.lookup_failure_pre_lookup_failure.Rep_lookup_failure_pre_lookup_failure	ExecSpec.Fault_H	lookup_failure_pre_lookup_failure \<Rightarrow> (nat + nat \<times> nat) +               unit + nat \<times> 64 word \<times> nat
Fault_H.lookup_failure.lookup_failure_pre_lookup_failure.Abs_lookup_failure_pre_lookup_failure	ExecSpec.Fault_H	(nat + nat \<times> nat) + unit + nat \<times> 64 word \<times> nat \<Rightarrow> lookup_failure_pre_lookup_failure
ArchRetypeDecls_H.RISCV64_H.typerep_asidcontrol_invocation_inst.typerep_asidcontrol_invocation	ExecSpec.ArchRetypeDecls_H	RISCV64_H.asidcontrol_invocation itself \<Rightarrow> typerep
ArchRetypeDecls_H.RISCV64_H.term_of_asidcontrol_invocation_inst.term_of_asidcontrol_invocation	ExecSpec.ArchRetypeDecls_H	RISCV64_H.asidcontrol_invocation \<Rightarrow> term
ArchRetypeDecls_H.RISCV64_H.invocation.invocation_pre_invocation.Rep_invocation_pre_invocation	ExecSpec.ArchRetypeDecls_H	RISCV64_H.invocation_pre_invocation \<Rightarrow> (RISCV64_H.page_table_invocation +                RISCV64_H.page_invocation) +               RISCV64_H.asidcontrol_invocation +               RISCV64_H.asidpool_invocation
ArchRetypeDecls_H.RISCV64_H.invocation.invocation_pre_invocation.Abs_invocation_pre_invocation	ExecSpec.ArchRetypeDecls_H	(RISCV64_H.page_table_invocation + RISCV64_H.page_invocation) + RISCV64_H.asidcontrol_invocation + RISCV64_H.asidpool_invocation \<Rightarrow> RISCV64_H.invocation_pre_invocation
Types_H.cap_rights.typerep_cap_rights_IITN_cap_rights_inst.typerep_cap_rights_IITN_cap_rights	ExecSpec.Types_H	cap_rights.cap_rights_IITN_cap_rights itself \<Rightarrow> typerep
Structures_H.user_data.typerep_user_data_IITN_user_data_inst.typerep_user_data_IITN_user_data	ExecSpec.Structures_H	user_data.user_data_IITN_user_data itself \<Rightarrow> typerep
ArchTypes_H.RISCV64_H.object_type.object_type_pre_object_type.Rep_object_type_pre_object_type	ExecSpec.ArchTypes_H	RISCV64_H.object_type_pre_object_type \<Rightarrow> (apiobject_type + unit) + unit + unit + unit
ArchTypes_H.RISCV64_H.object_type.object_type_pre_object_type.Abs_object_type_pre_object_type	ExecSpec.ArchTypes_H	(apiobject_type + unit) + unit + unit + unit \<Rightarrow> RISCV64_H.object_type_pre_object_type
ArchStructures_H.RISCV64_H.random_arch_kernel_object_type_inst.random_arch_kernel_object_type	ExecSpec.ArchStructures_H	natural \<Rightarrow> natural \<times> natural               \<Rightarrow> (arch_kernel_object_type \<times>                              (unit \<Rightarrow> term)) \<times>                             natural \<times> natural
KernelInitMonad_H.init_data.partial_term_of_init_data_ext_inst.partial_term_of_init_data_ext	ExecSpec.KernelInitMonad_H	'a init_data_scheme itself \<Rightarrow> ??.Quickcheck_Narrowing.narrowing_term \<Rightarrow> term
Invocations_H.pre_irqhandler_invocation.irqhandler_invocation.pred_pre_irqhandler_invocation	ExecSpec.Invocations_H	('a \<Rightarrow> bool) \<Rightarrow> irqhandler_invocation_pre_irqhandler_invocation               \<Rightarrow> bool
Invocations_H.pre_irqcontrol_invocation.irqcontrol_invocation.pred_pre_irqcontrol_invocation	ExecSpec.Invocations_H	('a \<Rightarrow> bool) \<Rightarrow> irqcontrol_invocation_pre_irqcontrol_invocation               \<Rightarrow> bool
ArchRetypeDecls_H.RISCV64_H.typerep_page_table_invocation_inst.typerep_page_table_invocation	ExecSpec.ArchRetypeDecls_H	RISCV64_H.page_table_invocation itself \<Rightarrow> typerep
ArchRetypeDecls_H.RISCV64_H.typerep_irqcontrol_invocation_inst.typerep_irqcontrol_invocation	ExecSpec.ArchRetypeDecls_H	Arch.irqcontrol_invocation itself \<Rightarrow> typerep
ArchRetypeDecls_H.RISCV64_H.term_of_page_table_invocation_inst.term_of_page_table_invocation	ExecSpec.ArchRetypeDecls_H	RISCV64_H.page_table_invocation \<Rightarrow> term
ArchRetypeDecls_H.RISCV64_H.term_of_irqcontrol_invocation_inst.term_of_irqcontrol_invocation	ExecSpec.ArchRetypeDecls_H	Arch.irqcontrol_invocation \<Rightarrow> term
ArchRetypeDecls_H.RISCV64_H.random_asidcontrol_invocation_inst.random_asidcontrol_invocation	ExecSpec.ArchRetypeDecls_H	natural \<Rightarrow> natural \<times> natural               \<Rightarrow> (RISCV64_H.asidcontrol_invocation \<times>                              (unit \<Rightarrow> term)) \<times>                             natural \<times> natural
Types_H.cap_rights.typerep_cap_rights_pre_cap_rights_inst.typerep_cap_rights_pre_cap_rights	ExecSpec.Types_H	cap_rights_pre_cap_rights itself \<Rightarrow> typerep
Structures_H.thread_state.thread_state_IITN_thread_state.Rep_thread_state_IITN_thread_state	ExecSpec.Structures_H	thread_state.thread_state_IITN_thread_state \<Rightarrow> ((nat + thread_state_pre_thread_state) set                \<Rightarrow> bool) set \<times>               (thread_state_pre_thread_state                \<Rightarrow> (nat + thread_state_pre_thread_state) set                              \<Rightarrow> bool)
Structures_H.thread_state.thread_state_IITN_thread_state.Abs_thread_state_IITN_thread_state	ExecSpec.Structures_H	((nat + thread_state_pre_thread_state) set \<Rightarrow> bool) set \<times> (thread_state_pre_thread_state  \<Rightarrow> (nat + thread_state_pre_thread_state) set \<Rightarrow> bool) \<Rightarrow> thread_state.thread_state_IITN_thread_state
Structures_H.notification.notification_IITN_notification.Rep_notification_IITN_notification	ExecSpec.Structures_H	notification.notification_IITN_notification \<Rightarrow> ((nat + notification_pre_notification) set                \<Rightarrow> bool) set \<times>               (notification_pre_notification                \<Rightarrow> (nat + notification_pre_notification) set                              \<Rightarrow> bool)
Structures_H.notification.notification_IITN_notification.Abs_notification_IITN_notification	ExecSpec.Structures_H	((nat + notification_pre_notification) set \<Rightarrow> bool) set \<times> (notification_pre_notification  \<Rightarrow> (nat + notification_pre_notification) set \<Rightarrow> bool) \<Rightarrow> notification.notification_IITN_notification
PSpaceStorable_H.partial_term_of_kernel_object_type_inst.partial_term_of_kernel_object_type	ExecSpec.PSpaceStorable_H	kernel_object_type itself \<Rightarrow> ??.Quickcheck_Narrowing.narrowing_term \<Rightarrow> term
PSpaceStorable_H.full_exhaustive_kernel_object_type_inst.full_exhaustive_kernel_object_type	ExecSpec.PSpaceStorable_H	(kernel_object_type \<times> (unit \<Rightarrow> term)  \<Rightarrow> (bool \<times> term list) option) \<Rightarrow> natural \<Rightarrow> (bool \<times> term list) option
KernelStateData_H.kernel_state.typerep_kernel_state_inner2_inst.typerep_kernel_state_inner2	ExecSpec.KernelStateData_H	'a kernel_state_inner2 itself \<Rightarrow> typerep
KernelStateData_H.kernel_state.typerep_kernel_state_inner1_inst.typerep_kernel_state_inner1	ExecSpec.KernelStateData_H	'a kernel_state_inner1 itself \<Rightarrow> typerep
Invocations_H.pre_irqhandler_invocation.irqhandler_invocation.wit_pre_irqhandler_invocation	ExecSpec.Invocations_H	irqhandler_invocation_pre_irqhandler_invocation
Invocations_H.pre_irqhandler_invocation.irqhandler_invocation.set_pre_irqhandler_invocation	ExecSpec.Invocations_H	irqhandler_invocation_pre_irqhandler_invocation \<Rightarrow> 'a set
Invocations_H.pre_irqhandler_invocation.irqhandler_invocation.rel_pre_irqhandler_invocation	ExecSpec.Invocations_H	('a \<Rightarrow> 'b \<Rightarrow> bool) \<Rightarrow> irqhandler_invocation_pre_irqhandler_invocation               \<Rightarrow> irqhandler_invocation_pre_irqhandler_invocation                             \<Rightarrow> bool
Invocations_H.pre_irqhandler_invocation.irqhandler_invocation.map_pre_irqhandler_invocation	ExecSpec.Invocations_H	('a \<Rightarrow> 'b) \<Rightarrow> irqhandler_invocation_pre_irqhandler_invocation               \<Rightarrow> irqhandler_invocation_pre_irqhandler_invocation
Invocations_H.pre_irqcontrol_invocation.irqcontrol_invocation.wit_pre_irqcontrol_invocation	ExecSpec.Invocations_H	irqcontrol_invocation_pre_irqcontrol_invocation
Invocations_H.pre_irqcontrol_invocation.irqcontrol_invocation.set_pre_irqcontrol_invocation	ExecSpec.Invocations_H	irqcontrol_invocation_pre_irqcontrol_invocation \<Rightarrow> 'a set
Invocations_H.pre_irqcontrol_invocation.irqcontrol_invocation.rel_pre_irqcontrol_invocation	ExecSpec.Invocations_H	('a \<Rightarrow> 'b \<Rightarrow> bool) \<Rightarrow> irqcontrol_invocation_pre_irqcontrol_invocation               \<Rightarrow> irqcontrol_invocation_pre_irqcontrol_invocation                             \<Rightarrow> bool
Invocations_H.pre_irqcontrol_invocation.irqcontrol_invocation.map_pre_irqcontrol_invocation	ExecSpec.Invocations_H	('a \<Rightarrow> 'b) \<Rightarrow> irqcontrol_invocation_pre_irqcontrol_invocation               \<Rightarrow> irqcontrol_invocation_pre_irqcontrol_invocation
Fault_H.syscall_error.syscall_error_IITN_syscall_error.Rep_syscall_error_IITN_syscall_error	ExecSpec.Fault_H	syscall_error.syscall_error_IITN_syscall_error \<Rightarrow> ((nat + syscall_error_pre_syscall_error) set                \<Rightarrow> bool) set \<times>               (syscall_error_pre_syscall_error                \<Rightarrow> (nat + syscall_error_pre_syscall_error) set                              \<Rightarrow> bool)
Fault_H.syscall_error.syscall_error_IITN_syscall_error.Abs_syscall_error_IITN_syscall_error	ExecSpec.Fault_H	((nat + syscall_error_pre_syscall_error) set  \<Rightarrow> bool) set \<times> (syscall_error_pre_syscall_error  \<Rightarrow> (nat + syscall_error_pre_syscall_error) set                \<Rightarrow> bool) \<Rightarrow> syscall_error.syscall_error_IITN_syscall_error
Arch_Structs_B.RISCV64_H.typerep_riscvvspace_region_use_inst.typerep_riscvvspace_region_use	ExecSpec.Arch_Structs_B	RISCV64_H.riscvvspace_region_use itself \<Rightarrow> typerep
Arch_Structs_B.RISCV64_H.term_of_riscvvspace_region_use_inst.term_of_riscvvspace_region_use	ExecSpec.Arch_Structs_B	RISCV64_H.riscvvspace_region_use \<Rightarrow> term
ArchInvocationLabels_H.RISCV64_H.size_arch_invocation_label_inst.size_arch_invocation_label	ExecSpec.ArchInvocationLabels_H	arch_invocation_label \<Rightarrow> nat
ArchRetypeDecls_H.RISCV64_H.random_page_table_invocation_inst.random_page_table_invocation	ExecSpec.ArchRetypeDecls_H	natural \<Rightarrow> natural \<times> natural               \<Rightarrow> (RISCV64_H.page_table_invocation \<times>                              (unit \<Rightarrow> term)) \<times>                             natural \<times> natural
ArchRetypeDecls_H.RISCV64_H.random_irqcontrol_invocation_inst.random_irqcontrol_invocation	ExecSpec.ArchRetypeDecls_H	natural \<Rightarrow> natural \<times> natural               \<Rightarrow> (Arch.irqcontrol_invocation \<times>                              (unit \<Rightarrow> term)) \<times>                             natural \<times> natural
ArchRetypeDecls_H.RISCV64_H.narrowing_copy_register_sets_inst.narrowing_copy_register_sets	ExecSpec.ArchRetypeDecls_H	integer \<Rightarrow> Arch.copy_register_sets ??.Quickcheck_Narrowing.narrowing_cons
ArchFault_H.RISCV64_H.arch_fault.arch_fault_IITN_arch_fault.Rep_arch_fault_IITN_arch_fault	ExecSpec.ArchFault_H	RISCV64_H.arch_fault.arch_fault_IITN_arch_fault \<Rightarrow> ((nat + RISCV64_H.arch_fault_pre_arch_fault) set                \<Rightarrow> bool) set \<times>               (RISCV64_H.arch_fault_pre_arch_fault                \<Rightarrow> (nat + RISCV64_H.arch_fault_pre_arch_fault) set                              \<Rightarrow> bool)
ArchFault_H.RISCV64_H.arch_fault.arch_fault_IITN_arch_fault.Abs_arch_fault_IITN_arch_fault	ExecSpec.ArchFault_H	((nat + RISCV64_H.arch_fault_pre_arch_fault) set  \<Rightarrow> bool) set \<times> (RISCV64_H.arch_fault_pre_arch_fault  \<Rightarrow> (nat + RISCV64_H.arch_fault_pre_arch_fault) set                \<Rightarrow> bool) \<Rightarrow> RISCV64_H.arch_fault.arch_fault_IITN_arch_fault
Structures_H.thread_state.thread_state_pre_thread_state.Rep_thread_state_pre_thread_state	ExecSpec.Structures_H	thread_state_pre_thread_state \<Rightarrow> ((64 word \<times> bool + unit) + 64 word + unit) +               (unit + unit) +               (64 word \<times> 64 word) \<times>               bool \<times> bool \<times> bool +               unit
Structures_H.thread_state.thread_state_pre_thread_state.Abs_thread_state_pre_thread_state	ExecSpec.Structures_H	((64 word \<times> bool + unit) + 64 word + unit) + (unit + unit) + (64 word \<times> 64 word) \<times> bool \<times> bool \<times> bool + unit \<Rightarrow> thread_state_pre_thread_state
Structures_H.notification.notification_pre_notification.Rep_notification_pre_notification	ExecSpec.Structures_H	notification_pre_notification \<Rightarrow> ntfn \<times> 64 word option
Structures_H.notification.notification_pre_notification.Abs_notification_pre_notification	ExecSpec.Structures_H	ntfn \<times> 64 word option \<Rightarrow> notification_pre_notification
InvocationLabels_H.partial_term_of_invocation_label_inst.partial_term_of_invocation_label	ExecSpec.InvocationLabels_H	invocation_label itself \<Rightarrow> ??.Quickcheck_Narrowing.narrowing_term \<Rightarrow> term
InvocationLabels_H.full_exhaustive_invocation_label_inst.full_exhaustive_invocation_label	ExecSpec.InvocationLabels_H	(invocation_label \<times> (unit \<Rightarrow> term)  \<Rightarrow> (bool \<times> term list) option) \<Rightarrow> natural \<Rightarrow> (bool \<times> term list) option
Fault_H.syscall_error.syscall_error_pre_syscall_error.Rep_syscall_error_pre_syscall_error	ExecSpec.Fault_H	syscall_error_pre_syscall_error \<Rightarrow> ((unit + nat) + unit + unit + 64 word \<times> 64 word) +               (bool \<times> lookup_failure + nat) + unit + 64 word + unit
Fault_H.syscall_error.syscall_error_pre_syscall_error.Abs_syscall_error_pre_syscall_error	ExecSpec.Fault_H	((unit + nat) + unit + unit + 64 word \<times> 64 word) + (bool \<times> lookup_failure + nat) + unit + 64 word + unit \<Rightarrow> syscall_error_pre_syscall_error
Arch_Structs_B.RISCV64_H.random_riscvvspace_region_use_inst.random_riscvvspace_region_use	ExecSpec.Arch_Structs_B	natural \<Rightarrow> natural \<times> natural               \<Rightarrow> (RISCV64_H.riscvvspace_region_use \<times>                              (unit \<Rightarrow> term)) \<times>                             natural \<times> natural
ArchStructures_H.RISCV64_H.size_arch_kernel_object_type_inst.size_arch_kernel_object_type	ExecSpec.ArchStructures_H	arch_kernel_object_type \<Rightarrow> nat
ArchInvocationLabels_H.enum_alt_arch_invocation_label_inst.enum_alt_arch_invocation_label	ExecSpec.ArchInvocationLabels_H	nat \<Rightarrow> arch_invocation_label option
Types_H.init_data.typerep_init_data_IITN_init_data_inst.typerep_init_data_IITN_init_data	ExecSpec.Types_H	init_data.init_data_IITN_init_data itself \<Rightarrow> typerep
Structures_H.irqstate.typerep_irqstate_IITN_irqstate_inst.typerep_irqstate_IITN_irqstate	ExecSpec.Structures_H	irqstate.irqstate_IITN_irqstate itself \<Rightarrow> typerep
Structures_H.endpoint.typerep_endpoint_IITN_endpoint_inst.typerep_endpoint_IITN_endpoint	ExecSpec.Structures_H	endpoint.endpoint_IITN_endpoint itself \<Rightarrow> typerep
Invocations_H.partial_term_of_untyped_invocation_inst.partial_term_of_untyped_invocation	ExecSpec.Invocations_H	untyped_invocation itself \<Rightarrow> ??.Quickcheck_Narrowing.narrowing_term \<Rightarrow> term
Invocations_H.full_exhaustive_untyped_invocation_inst.full_exhaustive_untyped_invocation	ExecSpec.Invocations_H	(untyped_invocation \<times> (unit \<Rightarrow> term)  \<Rightarrow> (bool \<times> term list) option) \<Rightarrow> natural \<Rightarrow> (bool \<times> term list) option
ArchStateData_H.RISCV64_H.full_exhaustive_kernel_state_inst.full_exhaustive_kernel_state	ExecSpec.ArchStateData_H	(Arch.kernel_state \<times> (unit \<Rightarrow> term)  \<Rightarrow> (bool \<times> term list) option) \<Rightarrow> natural \<Rightarrow> (bool \<times> term list) option
ArchRetypeDecls_H.RISCV64_H.typerep_asidpool_invocation_inst.typerep_asidpool_invocation	ExecSpec.ArchRetypeDecls_H	RISCV64_H.asidpool_invocation itself \<Rightarrow> typerep
ArchRetypeDecls_H.RISCV64_H.term_of_asidpool_invocation_inst.term_of_asidpool_invocation	ExecSpec.ArchRetypeDecls_H	RISCV64_H.asidpool_invocation \<Rightarrow> term
ArchRetypeDecls_H.RISCV64_H.size_asidcontrol_invocation_inst.size_asidcontrol_invocation	ExecSpec.ArchRetypeDecls_H	RISCV64_H.asidcontrol_invocation \<Rightarrow> nat
ArchRetypeDecls_H.RISCV64_H.pre_page_invocation.page_invocation.pred_pre_page_invocation	ExecSpec.ArchRetypeDecls_H	('a \<Rightarrow> bool) \<Rightarrow> RISCV64_H.page_invocation_pre_page_invocation               \<Rightarrow> bool
ArchFault_H.RISCV64_H.arch_fault.arch_fault_pre_arch_fault.Rep_arch_fault_pre_arch_fault	ExecSpec.ArchFault_H	RISCV64_H.arch_fault_pre_arch_fault \<Rightarrow> 64 word \<times> 64 word list
ArchFault_H.RISCV64_H.arch_fault.arch_fault_pre_arch_fault.Abs_arch_fault_pre_arch_fault	ExecSpec.ArchFault_H	64 word \<times> 64 word list \<Rightarrow> RISCV64_H.arch_fault_pre_arch_fault
MachineTypes.RISCV64.full_exhaustive_hyp_fault_type_inst.full_exhaustive_hyp_fault_type	ExecSpec.MachineTypes	(hyp_fault_type \<times> (unit \<Rightarrow> term)  \<Rightarrow> (bool \<times> term list) option) \<Rightarrow> natural \<Rightarrow> (bool \<times> term list) option
InvocationLabels_H.narrowing_gen_invocation_labels_inst.narrowing_gen_invocation_labels	ExecSpec.InvocationLabels_H	integer \<Rightarrow> gen_invocation_labels ??.Quickcheck_Narrowing.narrowing_cons
ArchStructures_H.RISCV64_H.pre_arch_capability.arch_capability.pred_pre_arch_capability	ExecSpec.ArchStructures_H	('a \<Rightarrow> bool) \<Rightarrow> RISCV64_H.arch_capability_pre_arch_capability               \<Rightarrow> bool
ArchRetypeDecls_H.RISCV64_H.pre_page_invocation.page_invocation.wit_pre_page_invocation	ExecSpec.ArchRetypeDecls_H	RISCV64_H.page_invocation_pre_page_invocation
ArchRetypeDecls_H.RISCV64_H.pre_page_invocation.page_invocation.set_pre_page_invocation	ExecSpec.ArchRetypeDecls_H	RISCV64_H.page_invocation_pre_page_invocation \<Rightarrow> 'a set
ArchRetypeDecls_H.RISCV64_H.pre_page_invocation.page_invocation.rel_pre_page_invocation	ExecSpec.ArchRetypeDecls_H	('a \<Rightarrow> 'b \<Rightarrow> bool) \<Rightarrow> RISCV64_H.page_invocation_pre_page_invocation               \<Rightarrow> RISCV64_H.page_invocation_pre_page_invocation                             \<Rightarrow> bool
ArchRetypeDecls_H.RISCV64_H.pre_page_invocation.page_invocation.map_pre_page_invocation	ExecSpec.ArchRetypeDecls_H	('a \<Rightarrow> 'b) \<Rightarrow> RISCV64_H.page_invocation_pre_page_invocation               \<Rightarrow> RISCV64_H.page_invocation_pre_page_invocation
Types_H.message_info.message_info_IITN_message_info.Rep_message_info_IITN_message_info	ExecSpec.Types_H	message_info.message_info_IITN_message_info \<Rightarrow> ((nat + message_info_pre_message_info) set                \<Rightarrow> bool) set \<times>               (message_info_pre_message_info                \<Rightarrow> (nat + message_info_pre_message_info) set                              \<Rightarrow> bool)
Types_H.message_info.message_info_IITN_message_info.Abs_message_info_IITN_message_info	ExecSpec.Types_H	((nat + message_info_pre_message_info) set \<Rightarrow> bool) set \<times> (message_info_pre_message_info  \<Rightarrow> (nat + message_info_pre_message_info) set \<Rightarrow> bool) \<Rightarrow> message_info.message_info_IITN_message_info
Types_H.init_data.typerep_init_data_pre_init_data_inst.typerep_init_data_pre_init_data	ExecSpec.Types_H	init_data_pre_init_data itself \<Rightarrow> typerep
Types_H.cap_transfer.cap_transfer_IITN_cap_transfer.Rep_cap_transfer_IITN_cap_transfer	ExecSpec.Types_H	cap_transfer.cap_transfer_IITN_cap_transfer \<Rightarrow> ((nat + cap_transfer_pre_cap_transfer) set                \<Rightarrow> bool) set \<times>               (cap_transfer_pre_cap_transfer                \<Rightarrow> (nat + cap_transfer_pre_cap_transfer) set                              \<Rightarrow> bool)
Types_H.cap_transfer.cap_transfer_IITN_cap_transfer.Abs_cap_transfer_IITN_cap_transfer	ExecSpec.Types_H	((nat + cap_transfer_pre_cap_transfer) set \<Rightarrow> bool) set \<times> (cap_transfer_pre_cap_transfer  \<Rightarrow> (nat + cap_transfer_pre_cap_transfer) set \<Rightarrow> bool) \<Rightarrow> cap_transfer.cap_transfer_IITN_cap_transfer
Types_H.biframe_data.biframe_data_IITN_biframe_data.Rep_biframe_data_IITN_biframe_data	ExecSpec.Types_H	biframe_data.biframe_data_IITN_biframe_data \<Rightarrow> ((nat + biframe_data_pre_biframe_data) set                \<Rightarrow> bool) set \<times>               (biframe_data_pre_biframe_data                \<Rightarrow> (nat + biframe_data_pre_biframe_data) set                              \<Rightarrow> bool)
Types_H.biframe_data.biframe_data_IITN_biframe_data.Abs_biframe_data_IITN_biframe_data	ExecSpec.Types_H	((nat + biframe_data_pre_biframe_data) set \<Rightarrow> bool) set \<times> (biframe_data_pre_biframe_data  \<Rightarrow> (nat + biframe_data_pre_biframe_data) set \<Rightarrow> bool) \<Rightarrow> biframe_data.biframe_data_IITN_biframe_data
Structures_H.zombie_type.zombie_type_IITN_zombie_type.Rep_zombie_type_IITN_zombie_type	ExecSpec.Structures_H	zombie_type.zombie_type_IITN_zombie_type \<Rightarrow> ((nat + unit + nat) set \<Rightarrow> bool) set \<times>               (unit + nat                \<Rightarrow> (nat + unit + nat) set \<Rightarrow> bool)
Structures_H.zombie_type.zombie_type_IITN_zombie_type.Abs_zombie_type_IITN_zombie_type	ExecSpec.Structures_H	((nat + unit + nat) set \<Rightarrow> bool) set \<times> (unit + nat \<Rightarrow> (nat + unit + nat) set \<Rightarrow> bool) \<Rightarrow> zombie_type.zombie_type_IITN_zombie_type
Structures_H.irqstate.typerep_irqstate_pre_irqstate_inst.typerep_irqstate_pre_irqstate	ExecSpec.Structures_H	irqstate_pre_irqstate itself \<Rightarrow> typerep
Structures_H.endpoint.typerep_endpoint_pre_endpoint_inst.typerep_endpoint_pre_endpoint	ExecSpec.Structures_H	endpoint_pre_endpoint itself \<Rightarrow> typerep
PSpaceStorable_H.pre_kernel_object_type.kernel_object_type.pred_pre_kernel_object_type	ExecSpec.PSpaceStorable_H	('a \<Rightarrow> bool) \<Rightarrow> kernel_object_type_pre_kernel_object_type \<Rightarrow> bool
Invocations_H.partial_term_of_domain_invocation_inst.partial_term_of_domain_invocation	ExecSpec.Invocations_H	domain_invocation itself \<Rightarrow> ??.Quickcheck_Narrowing.narrowing_term \<Rightarrow> term
Invocations_H.full_exhaustive_domain_invocation_inst.full_exhaustive_domain_invocation	ExecSpec.Invocations_H	(domain_invocation \<times> (unit \<Rightarrow> term)  \<Rightarrow> (bool \<times> term list) option) \<Rightarrow> natural \<Rightarrow> (bool \<times> term list) option
Fault_H.init_failure.init_failure_IITN_init_failure.Rep_init_failure_IITN_init_failure	ExecSpec.Fault_H	init_failure.init_failure_IITN_init_failure \<Rightarrow> ((nat + unit) set \<Rightarrow> bool) set \<times>               (unit \<Rightarrow> (nat + unit) set \<Rightarrow> bool)
Fault_H.init_failure.init_failure_IITN_init_failure.Abs_init_failure_IITN_init_failure	ExecSpec.Fault_H	((nat + unit) set \<Rightarrow> bool) set \<times> (unit \<Rightarrow> (nat + unit) set \<Rightarrow> bool) \<Rightarrow> init_failure.init_failure_IITN_init_failure
ArchStructures_H.RISCV64_H.pre_arch_capability.arch_capability.wit_pre_arch_capability	ExecSpec.ArchStructures_H	RISCV64_H.arch_capability_pre_arch_capability
ArchStructures_H.RISCV64_H.pre_arch_capability.arch_capability.set_pre_arch_capability	ExecSpec.ArchStructures_H	RISCV64_H.arch_capability_pre_arch_capability \<Rightarrow> 'a set
ArchStructures_H.RISCV64_H.pre_arch_capability.arch_capability.rel_pre_arch_capability	ExecSpec.ArchStructures_H	('a \<Rightarrow> 'b \<Rightarrow> bool) \<Rightarrow> RISCV64_H.arch_capability_pre_arch_capability               \<Rightarrow> RISCV64_H.arch_capability_pre_arch_capability                             \<Rightarrow> bool
ArchStructures_H.RISCV64_H.pre_arch_capability.arch_capability.map_pre_arch_capability	ExecSpec.ArchStructures_H	('a \<Rightarrow> 'b) \<Rightarrow> RISCV64_H.arch_capability_pre_arch_capability               \<Rightarrow> RISCV64_H.arch_capability_pre_arch_capability
ArchRetypeDecls_H.RISCV64_H.typerep_copy_register_sets_inst.typerep_copy_register_sets	ExecSpec.ArchRetypeDecls_H	Arch.copy_register_sets itself \<Rightarrow> typerep
ArchRetypeDecls_H.RISCV64_H.term_of_copy_register_sets_inst.term_of_copy_register_sets	ExecSpec.ArchRetypeDecls_H	Arch.copy_register_sets \<Rightarrow> term
ArchRetypeDecls_H.RISCV64_H.size_page_table_invocation_inst.size_page_table_invocation	ExecSpec.ArchRetypeDecls_H	RISCV64_H.page_table_invocation \<Rightarrow> nat
ArchRetypeDecls_H.RISCV64_H.size_irqcontrol_invocation_inst.size_irqcontrol_invocation	ExecSpec.ArchRetypeDecls_H	Arch.irqcontrol_invocation \<Rightarrow> nat
ArchRetypeDecls_H.RISCV64_H.random_asidpool_invocation_inst.random_asidpool_invocation	ExecSpec.ArchRetypeDecls_H	natural \<Rightarrow> natural \<times> natural               \<Rightarrow> (RISCV64_H.asidpool_invocation \<times>                              (unit \<Rightarrow> term)) \<times>                             natural \<times> natural
ArchRetypeDecls_H.RISCV64_H.full_exhaustive_invocation_inst.full_exhaustive_invocation	ExecSpec.ArchRetypeDecls_H	(Arch.invocation \<times> (unit \<Rightarrow> term)  \<Rightarrow> (bool \<times> term list) option) \<Rightarrow> natural \<Rightarrow> (bool \<times> term list) option
ArchInvocationLabels_H.RISCV64_H.arch_invocation_label.ctor_fold_arch_invocation_label	ExecSpec.ArchInvocationLabels_H	(RISCV64_H.arch_invocation_label_pre_arch_invocation_label \<Rightarrow> 'a) \<Rightarrow> arch_invocation_label \<Rightarrow> 'a
Structs_B.tcb_flag.typerep_tcb_flag_IITN_tcb_flag_inst.typerep_tcb_flag_IITN_tcb_flag	ExecSpec.Structs_B	tcb_flag.tcb_flag_IITN_tcb_flag itself \<Rightarrow> typerep
PSpaceStorable_H.pre_kernel_object_type.kernel_object_type.wit_pre_kernel_object_type	ExecSpec.PSpaceStorable_H	kernel_object_type_pre_kernel_object_type
PSpaceStorable_H.pre_kernel_object_type.kernel_object_type.set_pre_kernel_object_type	ExecSpec.PSpaceStorable_H	kernel_object_type_pre_kernel_object_type \<Rightarrow> 'a set
PSpaceStorable_H.pre_kernel_object_type.kernel_object_type.rel_pre_kernel_object_type	ExecSpec.PSpaceStorable_H	('a \<Rightarrow> 'b \<Rightarrow> bool) \<Rightarrow> kernel_object_type_pre_kernel_object_type               \<Rightarrow> kernel_object_type_pre_kernel_object_type                             \<Rightarrow> bool
PSpaceStorable_H.pre_kernel_object_type.kernel_object_type.map_pre_kernel_object_type	ExecSpec.PSpaceStorable_H	('a \<Rightarrow> 'b) \<Rightarrow> kernel_object_type_pre_kernel_object_type               \<Rightarrow> kernel_object_type_pre_kernel_object_type
ObjectInstances_H.pspace_storable_user_data_device_inst.updateObject_user_data_device	ExecSpec.ObjectInstances_H	user_data_device \<Rightarrow> kernel_object               \<Rightarrow> 64 word                             \<Rightarrow> 64 word     \<Rightarrow> 64 word option                   \<Rightarrow> (global.kernel_state,                                  kernel_object) nondet_monad
KernelStateData_H.kernel_state.typerep_kernel_state_ext_inst.typerep_kernel_state_ext	ExecSpec.KernelStateData_H	'a kernel_state_scheme itself \<Rightarrow> typerep
KernelStateData_H.kernel_state.term_of_kernel_state_ext_inst.term_of_kernel_state_ext	ExecSpec.KernelStateData_H	'a kernel_state_scheme \<Rightarrow> term
InvocationLabels_H.enum_alt_gen_invocation_labels_inst.enum_alt_gen_invocation_labels	ExecSpec.InvocationLabels_H	nat \<Rightarrow> gen_invocation_labels option
Arch_Structs_B.RISCV64_H.size_riscvvspace_region_use_inst.size_riscvvspace_region_use	ExecSpec.Arch_Structs_B	RISCV64_H.riscvvspace_region_use \<Rightarrow> nat
ArchStructures_H.RISCV64_H.typerep_arch_kernel_object_inst.typerep_arch_kernel_object	ExecSpec.ArchStructures_H	arch_kernel_object itself \<Rightarrow> typerep
ArchStructures_H.RISCV64_H.term_of_arch_kernel_object_inst.term_of_arch_kernel_object	ExecSpec.ArchStructures_H	arch_kernel_object \<Rightarrow> term
ArchStructures_H.RISCV64_H.asidpool.asidpool_IITN_asidpool.Rep_asidpool_IITN_asidpool	ExecSpec.ArchStructures_H	RISCV64_H.asidpool.asidpool_IITN_asidpool \<Rightarrow> ((nat + RISCV64_H.asidpool_pre_asidpool) set                \<Rightarrow> bool) set \<times>               (RISCV64_H.asidpool_pre_asidpool                \<Rightarrow> (nat + RISCV64_H.asidpool_pre_asidpool) set                              \<Rightarrow> bool)
ArchStructures_H.RISCV64_H.asidpool.asidpool_IITN_asidpool.Abs_asidpool_IITN_asidpool	ExecSpec.ArchStructures_H	((nat + RISCV64_H.asidpool_pre_asidpool) set  \<Rightarrow> bool) set \<times> (RISCV64_H.asidpool_pre_asidpool  \<Rightarrow> (nat + RISCV64_H.asidpool_pre_asidpool) set                \<Rightarrow> bool) \<Rightarrow> RISCV64_H.asidpool.asidpool_IITN_asidpool
ArchStructures_H.RISCV64_H.arch_tcb.arch_tcb_IITN_arch_tcb.Rep_arch_tcb_IITN_arch_tcb	ExecSpec.ArchStructures_H	RISCV64_H.arch_tcb.arch_tcb_IITN_arch_tcb \<Rightarrow> ((nat + user_context) set \<Rightarrow> bool) set \<times>               (user_context                \<Rightarrow> (nat + user_context) set \<Rightarrow> bool)
ArchStructures_H.RISCV64_H.arch_tcb.arch_tcb_IITN_arch_tcb.Abs_arch_tcb_IITN_arch_tcb	ExecSpec.ArchStructures_H	((nat + user_context) set \<Rightarrow> bool) set \<times> (user_context \<Rightarrow> (nat + user_context) set \<Rightarrow> bool) \<Rightarrow> RISCV64_H.arch_tcb.arch_tcb_IITN_arch_tcb
ArchInvocationLabels_H.enum_arch_invocation_label_inst.enum_all_arch_invocation_label	ExecSpec.ArchInvocationLabels_H	(arch_invocation_label \<Rightarrow> bool) \<Rightarrow> bool
ArchInvocationLabels_H.RISCV64_H.arch_invocation_label.str_init_arch_invocation_label	ExecSpec.ArchInvocationLabels_H	RISCV64_H.arch_invocation_label_pre_arch_invocation_label \<Rightarrow> RISCV64_H.arch_invocation_label.arch_invocation_label_IITN_arch_invocation_label               \<Rightarrow> (nat +                              RISCV64_H.arch_invocation_label_pre_arch_invocation_label) set                             \<Rightarrow> bool
ArchInvocationLabels_H.RISCV64_H.arch_invocation_label.ctor_rec_arch_invocation_label	ExecSpec.ArchInvocationLabels_H	(RISCV64_H.arch_invocation_label_pre_arch_invocation_label \<Rightarrow> 'a) \<Rightarrow> arch_invocation_label \<Rightarrow> 'a
Types_H.message_info.message_info_pre_message_info.Rep_message_info_pre_message_info	ExecSpec.Types_H	message_info_pre_message_info \<Rightarrow> (64 word \<times> 64 word) \<times> 64 word \<times> 64 word
Types_H.message_info.message_info_pre_message_info.Abs_message_info_pre_message_info	ExecSpec.Types_H	(64 word \<times> 64 word) \<times> 64 word \<times> 64 word \<Rightarrow> message_info_pre_message_info
Types_H.cap_transfer.cap_transfer_pre_cap_transfer.Rep_cap_transfer_pre_cap_transfer	ExecSpec.Types_H	cap_transfer_pre_cap_transfer \<Rightarrow> 64 word \<times> 64 word \<times> nat
Types_H.cap_transfer.cap_transfer_pre_cap_transfer.Abs_cap_transfer_pre_cap_transfer	ExecSpec.Types_H	64 word \<times> 64 word \<times> nat \<Rightarrow> cap_transfer_pre_cap_transfer
Types_H.biframe_data.biframe_data_pre_biframe_data.Rep_biframe_data_pre_biframe_data	ExecSpec.Types_H	biframe_data_pre_biframe_data \<Rightarrow> (((32 word \<times> 32 word) \<times>                 32 word \<times> 64 word) \<times>                (64 word list \<times> 64 word list) \<times>                64 word list \<times> 64 word list) \<times>               ((64 word list \<times> 64 word list) \<times>                64 word list \<times> 8 word list) \<times>               (bool list \<times> 8 word) \<times>               32 word \<times> bidevice_region list
Types_H.biframe_data.biframe_data_pre_biframe_data.Abs_biframe_data_pre_biframe_data	ExecSpec.Types_H	(((32 word \<times> 32 word) \<times> 32 word \<times> 64 word) \<times>  (64 word list \<times> 64 word list) \<times>  64 word list \<times> 64 word list) \<times> ((64 word list \<times> 64 word list) \<times>  64 word list \<times> 8 word list) \<times> (bool list \<times> 8 word) \<times> 32 word \<times> bidevice_region list \<Rightarrow> biframe_data_pre_biframe_data
Invocations_H.partial_term_of_cnode_invocation_inst.partial_term_of_cnode_invocation	ExecSpec.Invocations_H	cnode_invocation itself \<Rightarrow> ??.Quickcheck_Narrowing.narrowing_term \<Rightarrow> term
Invocations_H.full_exhaustive_cnode_invocation_inst.full_exhaustive_cnode_invocation	ExecSpec.Invocations_H	(cnode_invocation \<times> (unit \<Rightarrow> term)  \<Rightarrow> (bool \<times> term list) option) \<Rightarrow> natural \<Rightarrow> (bool \<times> term list) option
ArchStructures_H.RISCV64_H.arch_kernel_object_type.ctor_fold_arch_kernel_object_type	ExecSpec.ArchStructures_H	(unit + unit \<Rightarrow> 'a) \<Rightarrow> arch_kernel_object_type \<Rightarrow> 'a
ArchRetypeDecls_H.RISCV64_H.random_copy_register_sets_inst.random_copy_register_sets	ExecSpec.ArchRetypeDecls_H	natural \<Rightarrow> natural \<times> natural               \<Rightarrow> (Arch.copy_register_sets \<times>                              (unit \<Rightarrow> term)) \<times>                             natural \<times> natural
ArchInvocationLabels_H.enum_arch_invocation_label_inst.enum_ex_arch_invocation_label	ExecSpec.ArchInvocationLabels_H	(arch_invocation_label \<Rightarrow> bool) \<Rightarrow> bool
ArchInvocationLabels_H.RISCV64_H.arch_invocation_label.min_alg_arch_invocation_label	ExecSpec.ArchInvocationLabels_H	(RISCV64_H.arch_invocation_label_pre_arch_invocation_label \<Rightarrow> 'a) \<Rightarrow> 'a set
Structures_H.partial_term_of_user_data_device_inst.partial_term_of_user_data_device	ExecSpec.Structures_H	user_data_device itself \<Rightarrow> ??.Quickcheck_Narrowing.narrowing_term \<Rightarrow> term
Structures_H.partial_term_of_scheduler_action_inst.partial_term_of_scheduler_action	ExecSpec.Structures_H	scheduler_action itself \<Rightarrow> ??.Quickcheck_Narrowing.narrowing_term \<Rightarrow> term
Structures_H.mdbnode.typerep_mdbnode_IITN_mdbnode_inst.typerep_mdbnode_IITN_mdbnode	ExecSpec.Structures_H	mdbnode.mdbnode_IITN_mdbnode itself \<Rightarrow> typerep
Structures_H.full_exhaustive_user_data_device_inst.full_exhaustive_user_data_device	ExecSpec.Structures_H	(user_data_device \<times> (unit \<Rightarrow> term)  \<Rightarrow> (bool \<times> term list) option) \<Rightarrow> natural \<Rightarrow> (bool \<times> term list) option
Structures_H.full_exhaustive_scheduler_action_inst.full_exhaustive_scheduler_action	ExecSpec.Structures_H	(scheduler_action \<times> (unit \<Rightarrow> term)  \<Rightarrow> (bool \<times> term list) option) \<Rightarrow> natural \<Rightarrow> (bool \<times> term list) option
ObjectInstances_H.pspace_storable_user_data_device_inst.makeObject_user_data_device	ExecSpec.ObjectInstances_H	user_data_device
ObjectInstances_H.pspace_storable_user_data_device_inst.loadObject_user_data_device	ExecSpec.ObjectInstances_H	64 word \<Rightarrow> 64 word               \<Rightarrow> 64 word option                             \<Rightarrow> kernel_object     \<Rightarrow> (global.kernel_state, user_data_device) nondet_monad
ObjectInstances_H.pre_storable_user_data_device_inst.projectKO_opt_user_data_device	ExecSpec.ObjectInstances_H	kernel_object \<Rightarrow> user_data_device option
MachineTypes.machine_state.typerep_machine_state_ext_inst.typerep_machine_state_ext	ExecSpec.MachineTypes	'a RISCV64.machine_state_scheme itself \<Rightarrow> typerep
MachineTypes.machine_state.term_of_machine_state_ext_inst.term_of_machine_state_ext	ExecSpec.MachineTypes	'a RISCV64.machine_state_scheme \<Rightarrow> term
MachineTypes.RISCV64.full_exhaustive_vmfault_type_inst.full_exhaustive_vmfault_type	ExecSpec.MachineTypes	(vmfault_type \<times> (unit \<Rightarrow> term)  \<Rightarrow> (bool \<times> term list) option) \<Rightarrow> natural \<Rightarrow> (bool \<times> term list) option
Invocations_H.pre_untyped_invocation.untyped_invocation.pred_pre_untyped_invocation	ExecSpec.Invocations_H	('a \<Rightarrow> bool) \<Rightarrow> untyped_invocation_pre_untyped_invocation \<Rightarrow> bool
InvocationLabels_H.typerep_gen_invocation_labels_inst.typerep_gen_invocation_labels	ExecSpec.InvocationLabels_H	gen_invocation_labels itself \<Rightarrow> typerep
InvocationLabels_H.term_of_gen_invocation_labels_inst.term_of_gen_invocation_labels	ExecSpec.InvocationLabels_H	gen_invocation_labels \<Rightarrow> term
ArchStructures_H.RISCV64_H.random_arch_kernel_object_inst.random_arch_kernel_object	ExecSpec.ArchStructures_H	natural \<Rightarrow> natural \<times> natural               \<Rightarrow> (arch_kernel_object \<times>                              (unit \<Rightarrow> term)) \<times>                             natural \<times> natural
ArchStructures_H.RISCV64_H.asidpool.asidpool_pre_asidpool.Rep_asidpool_pre_asidpool	ExecSpec.ArchStructures_H	RISCV64_H.asidpool_pre_asidpool \<Rightarrow> 64 word \<Rightarrow> 64 word option
ArchStructures_H.RISCV64_H.asidpool.asidpool_pre_asidpool.Abs_asidpool_pre_asidpool	ExecSpec.ArchStructures_H	(64 word \<Rightarrow> 64 word option) \<Rightarrow> RISCV64_H.asidpool_pre_asidpool
ArchStructures_H.RISCV64_H.arch_kernel_object_type.str_init_arch_kernel_object_type	ExecSpec.ArchStructures_H	unit + unit \<Rightarrow> RISCV64_H.arch_kernel_object_type.arch_kernel_object_type_IITN_arch_kernel_object_type               \<Rightarrow> (nat + unit + unit) set \<Rightarrow> bool
ArchStructures_H.RISCV64_H.arch_kernel_object_type.ctor_rec_arch_kernel_object_type	ExecSpec.ArchStructures_H	(unit + unit \<Rightarrow> 'a) \<Rightarrow> arch_kernel_object_type \<Rightarrow> 'a
ArchRetypeDecls_H.RISCV64_H.asidcontrol_invocation.ctor_fold_asidcontrol_invocation	ExecSpec.ArchRetypeDecls_H	(RISCV64_H.asidcontrol_invocation_pre_asidcontrol_invocation  \<Rightarrow> 'a) \<Rightarrow> RISCV64_H.asidcontrol_invocation \<Rightarrow> 'a
Invocations_H.pre_untyped_invocation.untyped_invocation.wit_pre_untyped_invocation	ExecSpec.Invocations_H	untyped_invocation_pre_untyped_invocation
Invocations_H.pre_untyped_invocation.untyped_invocation.set_pre_untyped_invocation	ExecSpec.Invocations_H	untyped_invocation_pre_untyped_invocation \<Rightarrow> 'a set
Invocations_H.pre_untyped_invocation.untyped_invocation.rel_pre_untyped_invocation	ExecSpec.Invocations_H	('a \<Rightarrow> 'b \<Rightarrow> bool) \<Rightarrow> untyped_invocation_pre_untyped_invocation               \<Rightarrow> untyped_invocation_pre_untyped_invocation                             \<Rightarrow> bool
Invocations_H.pre_untyped_invocation.untyped_invocation.map_pre_untyped_invocation	ExecSpec.Invocations_H	('a \<Rightarrow> 'b) \<Rightarrow> untyped_invocation_pre_untyped_invocation               \<Rightarrow> untyped_invocation_pre_untyped_invocation
Invocations_H.invocation.invocation_IITN_invocation.Rep_invocation_IITN_invocation	ExecSpec.Invocations_H	invocation.invocation_IITN_invocation \<Rightarrow> ((nat + invocation_pre_invocation) set                \<Rightarrow> bool) set \<times>               (invocation_pre_invocation                \<Rightarrow> (nat + invocation_pre_invocation) set                              \<Rightarrow> bool)
Invocations_H.invocation.invocation_IITN_invocation.Abs_invocation_IITN_invocation	ExecSpec.Invocations_H	((nat + invocation_pre_invocation) set \<Rightarrow> bool) set \<times> (invocation_pre_invocation  \<Rightarrow> (nat + invocation_pre_invocation) set \<Rightarrow> bool) \<Rightarrow> invocation.invocation_IITN_invocation
InvocationLabels_H.pre_invocation_label.invocation_label.pred_pre_invocation_label	ExecSpec.InvocationLabels_H	('a \<Rightarrow> bool) \<Rightarrow> gen_invocation_labels + arch_invocation_label               \<Rightarrow> bool
ArchTypes_H.RISCV64_H.full_exhaustive_object_type_inst.full_exhaustive_object_type	ExecSpec.ArchTypes_H	(object_type \<times> (unit \<Rightarrow> term)  \<Rightarrow> (bool \<times> term list) option) \<Rightarrow> natural \<Rightarrow> (bool \<times> term list) option
ArchStructures_H.RISCV64_H.arch_kernel_object_type.min_alg_arch_kernel_object_type	ExecSpec.ArchStructures_H	(unit + unit \<Rightarrow> 'a) \<Rightarrow> 'a set
ArchRetypeDecls_H.RISCV64_H.size_asidpool_invocation_inst.size_asidpool_invocation	ExecSpec.ArchRetypeDecls_H	RISCV64_H.asidpool_invocation \<Rightarrow> nat
ArchRetypeDecls_H.RISCV64_H.asidcontrol_invocation.str_init_asidcontrol_invocation	ExecSpec.ArchRetypeDecls_H	RISCV64_H.asidcontrol_invocation_pre_asidcontrol_invocation \<Rightarrow> RISCV64_H.asidcontrol_invocation.asidcontrol_invocation_IITN_asidcontrol_invocation               \<Rightarrow> (nat +                              RISCV64_H.asidcontrol_invocation_pre_asidcontrol_invocation) set                             \<Rightarrow> bool
ArchRetypeDecls_H.RISCV64_H.asidcontrol_invocation.ctor_rec_asidcontrol_invocation	ExecSpec.ArchRetypeDecls_H	(RISCV64_H.asidcontrol_invocation_pre_asidcontrol_invocation  \<Rightarrow> 'a) \<Rightarrow> RISCV64_H.asidcontrol_invocation \<Rightarrow> 'a
Structures_H.partial_term_of_interrupt_state_inst.partial_term_of_interrupt_state	ExecSpec.Structures_H	interrupt_state itself \<Rightarrow> ??.Quickcheck_Narrowing.narrowing_term \<Rightarrow> term
Structures_H.mdbnode.typerep_mdbnode_pre_mdbnode_inst.typerep_mdbnode_pre_mdbnode	ExecSpec.Structures_H	mdbnode_pre_mdbnode itself \<Rightarrow> typerep
Structures_H.full_exhaustive_interrupt_state_inst.full_exhaustive_interrupt_state	ExecSpec.Structures_H	(interrupt_state \<times> (unit \<Rightarrow> term)  \<Rightarrow> (bool \<times> term list) option) \<Rightarrow> natural \<Rightarrow> (bool \<times> term list) option
Structures_H.capability.capability_IITN_capability.Rep_capability_IITN_capability	ExecSpec.Structures_H	capability.capability_IITN_capability \<Rightarrow> ((nat + capability_pre_capability) set                \<Rightarrow> bool) set \<times>               (capability_pre_capability                \<Rightarrow> (nat + capability_pre_capability) set                              \<Rightarrow> bool)
Structures_H.capability.capability_IITN_capability.Abs_capability_IITN_capability	ExecSpec.Structures_H	((nat + capability_pre_capability) set \<Rightarrow> bool) set \<times> (capability_pre_capability  \<Rightarrow> (nat + capability_pre_capability) set \<Rightarrow> bool) \<Rightarrow> capability.capability_IITN_capability
MachineTypes.RISCV64.full_exhaustive_vmpage_size_inst.full_exhaustive_vmpage_size	ExecSpec.MachineTypes	(vmpage_size \<times> (unit \<Rightarrow> term)  \<Rightarrow> (bool \<times> term list) option) \<Rightarrow> natural \<Rightarrow> (bool \<times> term list) option
KernelStateData_H.kernel_state.equal_kernel_state_ext_inst.equal_kernel_state_ext	ExecSpec.KernelStateData_H	'z kernel_state_scheme \<Rightarrow> 'z kernel_state_scheme \<Rightarrow> bool
InvocationLabels_H.random_gen_invocation_labels_inst.random_gen_invocation_labels	ExecSpec.InvocationLabels_H	natural \<Rightarrow> natural \<times> natural               \<Rightarrow> (gen_invocation_labels \<times>                              (unit \<Rightarrow> term)) \<times>                             natural \<times> natural
InvocationLabels_H.pre_invocation_label.invocation_label.wit_pre_invocation_label	ExecSpec.InvocationLabels_H	gen_invocation_labels + arch_invocation_label
InvocationLabels_H.pre_invocation_label.invocation_label.set_pre_invocation_label	ExecSpec.InvocationLabels_H	gen_invocation_labels + arch_invocation_label \<Rightarrow> 'a set
InvocationLabels_H.pre_invocation_label.invocation_label.rel_pre_invocation_label	ExecSpec.InvocationLabels_H	('a \<Rightarrow> 'b \<Rightarrow> bool) \<Rightarrow> gen_invocation_labels + arch_invocation_label               \<Rightarrow> gen_invocation_labels + arch_invocation_label                             \<Rightarrow> bool
InvocationLabels_H.pre_invocation_label.invocation_label.map_pre_invocation_label	ExecSpec.InvocationLabels_H	('a \<Rightarrow> 'b) \<Rightarrow> gen_invocation_labels + arch_invocation_label               \<Rightarrow> gen_invocation_labels + arch_invocation_label
InvocationLabels_H.enum_gen_invocation_labels_inst.enum_all_gen_invocation_labels	ExecSpec.InvocationLabels_H	(gen_invocation_labels \<Rightarrow> bool) \<Rightarrow> bool
ArchStructures_H.RISCV64_H.full_exhaustive_asidpool_inst.full_exhaustive_asidpool	ExecSpec.ArchStructures_H	(RISCV64_H.asidpool \<times> (unit \<Rightarrow> term)  \<Rightarrow> (bool \<times> term list) option) \<Rightarrow> natural \<Rightarrow> (bool \<times> term list) option
ArchRetypeDecls_H.RISCV64_H.page_table_invocation.ctor_fold_page_table_invocation	ExecSpec.ArchRetypeDecls_H	(RISCV64_H.page_table_invocation_pre_page_table_invocation \<Rightarrow> 'a) \<Rightarrow> RISCV64_H.page_table_invocation \<Rightarrow> 'a
ArchRetypeDecls_H.RISCV64_H.irqcontrol_invocation.ctor_fold_irqcontrol_invocation	ExecSpec.ArchRetypeDecls_H	(RISCV64_H.irqcontrol_invocation_pre_irqcontrol_invocation \<Rightarrow> 'a) \<Rightarrow> Arch.irqcontrol_invocation \<Rightarrow> 'a
ArchRetypeDecls_H.RISCV64_H.asidcontrol_invocation.min_alg_asidcontrol_invocation	ExecSpec.ArchRetypeDecls_H	(RISCV64_H.asidcontrol_invocation_pre_asidcontrol_invocation  \<Rightarrow> 'a) \<Rightarrow> 'a set
ArchInvocationLabels_H.enum_arch_invocation_label_inst.enum_arch_invocation_label	ExecSpec.ArchInvocationLabels_H	arch_invocation_label list
ArchInvocationLabels_H.RISCV64_H.arch_invocation_label.size_arch_invocation_label	ExecSpec.ArchInvocationLabels_H	arch_invocation_label \<Rightarrow> nat
ArchInvocationLabels_H.RISCV64_H.arch_invocation_label.dtor_arch_invocation_label	ExecSpec.ArchInvocationLabels_H	arch_invocation_label \<Rightarrow> RISCV64_H.arch_invocation_label_pre_arch_invocation_label
ArchInvocationLabels_H.RISCV64_H.arch_invocation_label.ctor_arch_invocation_label	ExecSpec.ArchInvocationLabels_H	RISCV64_H.arch_invocation_label_pre_arch_invocation_label \<Rightarrow> arch_invocation_label
ArchInvocationLabels_H.RISCV64_H.arch_invocation_label.case_arch_invocation_label	ExecSpec.ArchInvocationLabels_H	'a \<Rightarrow> 'a \<Rightarrow> 'a \<Rightarrow> 'a              \<Rightarrow> 'a \<Rightarrow> 'a       \<Rightarrow> 'a \<Rightarrow> 'a \<Rightarrow> arch_invocation_label                 \<Rightarrow> 'a
KernelStateData_H.kernel_state.kernel_state_inner2.kernel_state_inner2_Tuple_Iso	ExecSpec.KernelStateData_H	('z kernel_state_inner2, interrupt_state \<times> 64 word,  Arch.kernel_state \<times> machine_state) tuple_isomorphism
KernelStateData_H.kernel_state.kernel_state_inner1.kernel_state_inner1_Tuple_Iso	ExecSpec.KernelStateData_H	('z kernel_state_inner1,  (((64 word \<Rightarrow> kernel_object option) \<times>    (64 word \<Rightarrow> vmpage_size option)) \<times>   (64 word \<Rightarrow> nat option) \<times>   (64 word \<times> 64 word) set) \<times>  (nat \<times> nat) \<times> nat \<times> (8 word \<times> 64 word) list,  ((8 word \<times> 64 word) \<times>   (8 word \<times> 8 word \<Rightarrow> 64 word head_end_ptrs) \<times>   (8 word \<Rightarrow> 64 word)) \<times>  ((8 word \<times> nat \<Rightarrow> 64 word) \<times> 64 word) \<times>  64 word \<times> scheduler_action) tuple_isomorphism
Invocations_H.pre_domain_invocation.domain_invocation.pred_pre_domain_invocation	ExecSpec.Invocations_H	('a \<Rightarrow> bool) \<Rightarrow> domain_invocation_pre_domain_invocation \<Rightarrow> bool
Invocations_H.invocation.invocation_pre_invocation.Rep_invocation_pre_invocation	ExecSpec.Invocations_H	invocation_pre_invocation \<Rightarrow> ((untyped_invocation +                 (64 word \<times> 64 word) \<times> bool \<times> bool) +                64 word \<times> 64 word +                64 word \<times> 64 word \<times> bool + domain_invocation) +               (tcbinvocation + cnode_invocation) +               irqcontrol_invocation +               irqhandler_invocation + Arch.invocation
Invocations_H.invocation.invocation_pre_invocation.Abs_invocation_pre_invocation	ExecSpec.Invocations_H	((untyped_invocation +   (64 word \<times> 64 word) \<times> bool \<times> bool) +  64 word \<times> 64 word +  64 word \<times> 64 word \<times> bool + domain_invocation) + (tcbinvocation + cnode_invocation) + irqcontrol_invocation + irqhandler_invocation + Arch.invocation \<Rightarrow> invocation_pre_invocation
InvocationLabels_H.enum_gen_invocation_labels_inst.enum_ex_gen_invocation_labels	ExecSpec.InvocationLabels_H	(gen_invocation_labels \<Rightarrow> bool) \<Rightarrow> bool
Arch_Structs_B.RISCV64_H.riscvvspace_region_use.ctor_fold_riscvvspace_region_use	ExecSpec.Arch_Structs_B	(RISCV64_H.riscvvspace_region_use_pre_riscvvspace_region_use  \<Rightarrow> 'a) \<Rightarrow> RISCV64_H.riscvvspace_region_use \<Rightarrow> 'a
ArchRetypeDecls_H.RISCV64_H.typerep_page_invocation_inst.typerep_page_invocation	ExecSpec.ArchRetypeDecls_H	RISCV64_H.page_invocation itself \<Rightarrow> typerep
ArchRetypeDecls_H.RISCV64_H.term_of_page_invocation_inst.term_of_page_invocation	ExecSpec.ArchRetypeDecls_H	RISCV64_H.page_invocation \<Rightarrow> term
ArchRetypeDecls_H.RISCV64_H.size_copy_register_sets_inst.size_copy_register_sets	ExecSpec.ArchRetypeDecls_H	Arch.copy_register_sets \<Rightarrow> nat
ArchRetypeDecls_H.RISCV64_H.page_table_invocation.str_init_page_table_invocation	ExecSpec.ArchRetypeDecls_H	RISCV64_H.page_table_invocation_pre_page_table_invocation \<Rightarrow> RISCV64_H.page_table_invocation.page_table_invocation_IITN_page_table_invocation               \<Rightarrow> (nat +                              RISCV64_H.page_table_invocation_pre_page_table_invocation) set                             \<Rightarrow> bool
ArchRetypeDecls_H.RISCV64_H.page_table_invocation.ctor_rec_page_table_invocation	ExecSpec.ArchRetypeDecls_H	(RISCV64_H.page_table_invocation_pre_page_table_invocation \<Rightarrow> 'a) \<Rightarrow> RISCV64_H.page_table_invocation \<Rightarrow> 'a
ArchRetypeDecls_H.RISCV64_H.irqcontrol_invocation.str_init_irqcontrol_invocation	ExecSpec.ArchRetypeDecls_H	RISCV64_H.irqcontrol_invocation_pre_irqcontrol_invocation \<Rightarrow> RISCV64_H.irqcontrol_invocation.irqcontrol_invocation_IITN_irqcontrol_invocation               \<Rightarrow> (nat +                              RISCV64_H.irqcontrol_invocation_pre_irqcontrol_invocation) set                             \<Rightarrow> bool
ArchRetypeDecls_H.RISCV64_H.irqcontrol_invocation.ctor_rec_irqcontrol_invocation	ExecSpec.ArchRetypeDecls_H	(RISCV64_H.irqcontrol_invocation_pre_irqcontrol_invocation \<Rightarrow> 'a) \<Rightarrow> Arch.irqcontrol_invocation \<Rightarrow> 'a
ArchInvocationLabels_H.RISCV64_H.arch_invocation_label.rec_arch_invocation_label	ExecSpec.ArchInvocationLabels_H	'a \<Rightarrow> 'a \<Rightarrow> 'a \<Rightarrow> 'a              \<Rightarrow> 'a \<Rightarrow> 'a       \<Rightarrow> 'a \<Rightarrow> 'a \<Rightarrow> arch_invocation_label                 \<Rightarrow> 'a
ArchInvocationLabels_H.RISCV64_H.arch_invocation_label.mor_arch_invocation_label	ExecSpec.ArchInvocationLabels_H	'a set \<Rightarrow> (RISCV64_H.arch_invocation_label_pre_arch_invocation_label                \<Rightarrow> 'a)               \<Rightarrow> 'b set                             \<Rightarrow> (RISCV64_H.arch_invocation_label_pre_arch_invocation_label      \<Rightarrow> 'b)     \<Rightarrow> ('a \<Rightarrow> 'b) \<Rightarrow> bool
ArchInvocationLabels_H.RISCV64_H.arch_invocation_label.alg_arch_invocation_label	ExecSpec.ArchInvocationLabels_H	'a set \<Rightarrow> (RISCV64_H.arch_invocation_label_pre_arch_invocation_label                \<Rightarrow> 'a)               \<Rightarrow> bool
ArchInvocationLabels_H.RISCV64_H.arch_invocation_label.Rep_arch_invocation_label	ExecSpec.ArchInvocationLabels_H	arch_invocation_label \<Rightarrow> RISCV64_H.arch_invocation_label.arch_invocation_label_IITN_arch_invocation_label               \<Rightarrow> (nat +                              RISCV64_H.arch_invocation_label_pre_arch_invocation_label) set                             \<Rightarrow> bool
ArchInvocationLabels_H.RISCV64_H.arch_invocation_label.Abs_arch_invocation_label	ExecSpec.ArchInvocationLabels_H	(RISCV64_H.arch_invocation_label.arch_invocation_label_IITN_arch_invocation_label  \<Rightarrow> (nat +                 RISCV64_H.arch_invocation_label_pre_arch_invocation_label) set                \<Rightarrow> bool) \<Rightarrow> arch_invocation_label
ArchFault_H.RISCV64_H.full_exhaustive_arch_fault_inst.full_exhaustive_arch_fault	ExecSpec.ArchFault_H	(arch_fault \<times> (unit \<Rightarrow> term)  \<Rightarrow> (bool \<times> term list) option) \<Rightarrow> natural \<Rightarrow> (bool \<times> term list) option
Structures_H.capability.capability_pre_capability.Rep_capability_pre_capability	ExecSpec.Structures_H	capability_pre_capability \<Rightarrow> ((64 word +                 unit +                 (64 word \<times> 64 word) \<times> bool \<times> bool) +                6 word +                (64 word \<times> 64 word \<times> bool) \<times>                bool \<times> bool \<times> bool +                unit) +               (64 word \<times> zombie_type \<times> nat +                arch_capability + 64 word \<times> bool \<times> bool) +               (bool \<times> 64 word) \<times> nat \<times> nat +               (64 word \<times> nat) \<times> 64 word \<times> nat + unit
Structures_H.capability.capability_pre_capability.Abs_capability_pre_capability	ExecSpec.Structures_H	((64 word + unit + (64 word \<times> 64 word) \<times> bool \<times> bool) +  6 word +  (64 word \<times> 64 word \<times> bool) \<times>  bool \<times> bool \<times> bool +  unit) + (64 word \<times> zombie_type \<times> nat +  arch_capability + 64 word \<times> bool \<times> bool) + (bool \<times> 64 word) \<times> nat \<times> nat + (64 word \<times> nat) \<times> 64 word \<times> nat + unit \<Rightarrow> capability_pre_capability
PSpaceStorable_H.narrowing_kernel_object_type_inst.narrowing_kernel_object_type	ExecSpec.PSpaceStorable_H	integer \<Rightarrow> kernel_object_type ??.Quickcheck_Narrowing.narrowing_cons
MachineTypes.machine_state.equal_machine_state_ext_inst.equal_machine_state_ext	ExecSpec.MachineTypes	'z RISCV64.machine_state_scheme \<Rightarrow> 'z RISCV64.machine_state_scheme \<Rightarrow> bool
MachineTypes.RISCV64.register.register_IITN_register.Rep_register_IITN_register	ExecSpec.MachineTypes	RISCV64.register.register_IITN_register \<Rightarrow> ((nat + RISCV64.register_pre_register) set                \<Rightarrow> bool) set \<times>               (RISCV64.register_pre_register                \<Rightarrow> (nat + RISCV64.register_pre_register) set                              \<Rightarrow> bool)
MachineTypes.RISCV64.register.register_IITN_register.Abs_register_IITN_register	ExecSpec.MachineTypes	((nat + RISCV64.register_pre_register) set \<Rightarrow> bool) set \<times> (RISCV64.register_pre_register  \<Rightarrow> (nat + RISCV64.register_pre_register) set \<Rightarrow> bool) \<Rightarrow> RISCV64.register.register_IITN_register
Invocations_H.pre_domain_invocation.domain_invocation.wit_pre_domain_invocation	ExecSpec.Invocations_H	domain_invocation_pre_domain_invocation
Invocations_H.pre_domain_invocation.domain_invocation.set_pre_domain_invocation	ExecSpec.Invocations_H	domain_invocation_pre_domain_invocation \<Rightarrow> 'a set
Invocations_H.pre_domain_invocation.domain_invocation.rel_pre_domain_invocation	ExecSpec.Invocations_H	('a \<Rightarrow> 'b \<Rightarrow> bool) \<Rightarrow> domain_invocation_pre_domain_invocation               \<Rightarrow> domain_invocation_pre_domain_invocation                             \<Rightarrow> bool
Invocations_H.pre_domain_invocation.domain_invocation.map_pre_domain_invocation	ExecSpec.Invocations_H	('a \<Rightarrow> 'b) \<Rightarrow> domain_invocation_pre_domain_invocation               \<Rightarrow> domain_invocation_pre_domain_invocation
InvocationLabels_H.equal_gen_invocation_labels_inst.equal_gen_invocation_labels	ExecSpec.InvocationLabels_H	gen_invocation_labels \<Rightarrow> gen_invocation_labels \<Rightarrow> bool
Hardware_H.RISCV64_H.vmrights.vmrights_IITN_vmrights.Rep_vmrights_IITN_vmrights	ExecSpec.Hardware_H	RISCV64_H.vmrights.vmrights_IITN_vmrights \<Rightarrow> ((nat + unit + unit + unit) set                \<Rightarrow> bool) set \<times>               (unit + unit + unit                \<Rightarrow> (nat + unit + unit + unit) set                              \<Rightarrow> bool)
Hardware_H.RISCV64_H.vmrights.vmrights_IITN_vmrights.Abs_vmrights_IITN_vmrights	ExecSpec.Hardware_H	((nat + unit + unit + unit) set \<Rightarrow> bool) set \<times> (unit + unit + unit  \<Rightarrow> (nat + unit + unit + unit) set \<Rightarrow> bool) \<Rightarrow> RISCV64_H.vmrights.vmrights_IITN_vmrights
Arch_Structs_B.RISCV64_H.riscvvspace_region_use.str_init_riscvvspace_region_use	ExecSpec.Arch_Structs_B	RISCV64_H.riscvvspace_region_use_pre_riscvvspace_region_use \<Rightarrow> RISCV64_H.riscvvspace_region_use.riscvvspace_region_use_IITN_riscvvspace_region_use               \<Rightarrow> (nat +                              RISCV64_H.riscvvspace_region_use_pre_riscvvspace_region_use) set                             \<Rightarrow> bool
Arch_Structs_B.RISCV64_H.riscvvspace_region_use.ctor_rec_riscvvspace_region_use	ExecSpec.Arch_Structs_B	(RISCV64_H.riscvvspace_region_use_pre_riscvvspace_region_use  \<Rightarrow> 'a) \<Rightarrow> RISCV64_H.riscvvspace_region_use \<Rightarrow> 'a
ArchStructures_H.RISCV64_H.typerep_arch_capability_inst.typerep_arch_capability	ExecSpec.ArchStructures_H	arch_capability itself \<Rightarrow> typerep
ArchStructures_H.RISCV64_H.term_of_arch_capability_inst.term_of_arch_capability	ExecSpec.ArchStructures_H	arch_capability \<Rightarrow> term
ArchStructures_H.RISCV64_H.size_arch_kernel_object_inst.size_arch_kernel_object	ExecSpec.ArchStructures_H	arch_kernel_object \<Rightarrow> nat
ArchStructures_H.RISCV64_H.arch_kernel_object_type.size_arch_kernel_object_type	ExecSpec.ArchStructures_H	arch_kernel_object_type \<Rightarrow> nat
ArchStructures_H.RISCV64_H.arch_kernel_object_type.dtor_arch_kernel_object_type	ExecSpec.ArchStructures_H	arch_kernel_object_type \<Rightarrow> unit + unit
ArchStructures_H.RISCV64_H.arch_kernel_object_type.ctor_arch_kernel_object_type	ExecSpec.ArchStructures_H	unit + unit \<Rightarrow> arch_kernel_object_type
ArchStructures_H.RISCV64_H.arch_kernel_object_type.case_arch_kernel_object_type	ExecSpec.ArchStructures_H	'a \<Rightarrow> 'a \<Rightarrow> arch_kernel_object_type \<Rightarrow> 'a
ArchRetypeDecls_H.RISCV64_H.page_table_invocation.min_alg_page_table_invocation	ExecSpec.ArchRetypeDecls_H	(RISCV64_H.page_table_invocation_pre_page_table_invocation \<Rightarrow> 'a) \<Rightarrow> 'a set
ArchRetypeDecls_H.RISCV64_H.irqcontrol_invocation.min_alg_irqcontrol_invocation	ExecSpec.ArchRetypeDecls_H	(RISCV64_H.irqcontrol_invocation_pre_irqcontrol_invocation \<Rightarrow> 'a) \<Rightarrow> 'a set
ArchInvocationLabels_H.RISCV64_H.arch_invocation_label.RISCVASIDControlMakePool	ExecSpec.ArchInvocationLabels_H	arch_invocation_label
ObjectInstances_H.pre_storable_user_data_device_inst.injectKO_user_data_device	ExecSpec.ObjectInstances_H	user_data_device \<Rightarrow> kernel_object
MachineTypes.RISCV64.pre_hyp_fault_type.hyp_fault_type.pred_pre_hyp_fault_type	ExecSpec.MachineTypes	('a \<Rightarrow> bool) \<Rightarrow> unit \<Rightarrow> bool
Invocations_H.typerep_irqhandler_invocation_inst.typerep_irqhandler_invocation	ExecSpec.Invocations_H	irqhandler_invocation itself \<Rightarrow> typerep
Invocations_H.typerep_irqcontrol_invocation_inst.typerep_irqcontrol_invocation	ExecSpec.Invocations_H	irqcontrol_invocation itself \<Rightarrow> typerep
Invocations_H.term_of_irqhandler_invocation_inst.term_of_irqhandler_invocation	ExecSpec.Invocations_H	irqhandler_invocation \<Rightarrow> term
Invocations_H.term_of_irqcontrol_invocation_inst.term_of_irqcontrol_invocation	ExecSpec.Invocations_H	irqcontrol_invocation \<Rightarrow> term
Invocations_H.partial_term_of_tcbinvocation_inst.partial_term_of_tcbinvocation	ExecSpec.Invocations_H	tcbinvocation itself \<Rightarrow> ??.Quickcheck_Narrowing.narrowing_term \<Rightarrow> term
Invocations_H.full_exhaustive_tcbinvocation_inst.full_exhaustive_tcbinvocation	ExecSpec.Invocations_H	(tcbinvocation \<times> (unit \<Rightarrow> term)  \<Rightarrow> (bool \<times> term list) option) \<Rightarrow> natural \<Rightarrow> (bool \<times> term list) option
Event_H.syscall.typerep_syscall_IITN_syscall_inst.typerep_syscall_IITN_syscall	ExecSpec.Event_H	syscall.syscall_IITN_syscall itself \<Rightarrow> typerep
Arch_Structs_B.RISCV64_H.riscvvspace_region_use.min_alg_riscvvspace_region_use	ExecSpec.Arch_Structs_B	(RISCV64_H.riscvvspace_region_use_pre_riscvvspace_region_use  \<Rightarrow> 'a) \<Rightarrow> 'a set
ArchTypes_H.partial_term_of_apiobject_type_inst.partial_term_of_apiobject_type	ExecSpec.ArchTypes_H	apiobject_type itself \<Rightarrow> ??.Quickcheck_Narrowing.narrowing_term \<Rightarrow> term
ArchTypes_H.full_exhaustive_apiobject_type_inst.full_exhaustive_apiobject_type	ExecSpec.ArchTypes_H	(apiobject_type \<times> (unit \<Rightarrow> term)  \<Rightarrow> (bool \<times> term list) option) \<Rightarrow> natural \<Rightarrow> (bool \<times> term list) option
ArchStructures_H.RISCV64_H.arch_kernel_object_type.rec_arch_kernel_object_type	ExecSpec.ArchStructures_H	'a \<Rightarrow> 'a \<Rightarrow> arch_kernel_object_type \<Rightarrow> 'a
ArchStructures_H.RISCV64_H.arch_kernel_object_type.mor_arch_kernel_object_type	ExecSpec.ArchStructures_H	'a set \<Rightarrow> (unit + unit \<Rightarrow> 'a)               \<Rightarrow> 'b set                             \<Rightarrow> (unit + unit \<Rightarrow> 'b)     \<Rightarrow> ('a \<Rightarrow> 'b) \<Rightarrow> bool
ArchStructures_H.RISCV64_H.arch_kernel_object_type.alg_arch_kernel_object_type	ExecSpec.ArchStructures_H	'a set \<Rightarrow> (unit + unit \<Rightarrow> 'a) \<Rightarrow> bool
ArchStructures_H.RISCV64_H.arch_kernel_object_type.Rep_arch_kernel_object_type	ExecSpec.ArchStructures_H	arch_kernel_object_type \<Rightarrow> RISCV64_H.arch_kernel_object_type.arch_kernel_object_type_IITN_arch_kernel_object_type               \<Rightarrow> (nat + unit + unit) set \<Rightarrow> bool
ArchStructures_H.RISCV64_H.arch_kernel_object_type.Abs_arch_kernel_object_type	ExecSpec.ArchStructures_H	(RISCV64_H.arch_kernel_object_type.arch_kernel_object_type_IITN_arch_kernel_object_type  \<Rightarrow> (nat + unit + unit) set \<Rightarrow> bool) \<Rightarrow> arch_kernel_object_type
ArchRetypeDecls_H.RISCV64_H.random_page_invocation_inst.random_page_invocation	ExecSpec.ArchRetypeDecls_H	natural \<Rightarrow> natural \<times> natural               \<Rightarrow> (RISCV64_H.page_invocation \<times>                              (unit \<Rightarrow> term)) \<times>                             natural \<times> natural
ArchRetypeDecls_H.RISCV64_H.asidcontrol_invocation.size_asidcontrol_invocation	ExecSpec.ArchRetypeDecls_H	RISCV64_H.asidcontrol_invocation \<Rightarrow> nat
ArchRetypeDecls_H.RISCV64_H.asidcontrol_invocation.dtor_asidcontrol_invocation	ExecSpec.ArchRetypeDecls_H	RISCV64_H.asidcontrol_invocation \<Rightarrow> RISCV64_H.asidcontrol_invocation_pre_asidcontrol_invocation
ArchRetypeDecls_H.RISCV64_H.asidcontrol_invocation.ctor_asidcontrol_invocation	ExecSpec.ArchRetypeDecls_H	RISCV64_H.asidcontrol_invocation_pre_asidcontrol_invocation \<Rightarrow> RISCV64_H.asidcontrol_invocation
ArchRetypeDecls_H.RISCV64_H.asidcontrol_invocation.case_asidcontrol_invocation	ExecSpec.ArchRetypeDecls_H	(64 word  \<Rightarrow> 64 word                \<Rightarrow> 64 word \<Rightarrow> 64 word \<Rightarrow> 'a) \<Rightarrow> RISCV64_H.asidcontrol_invocation \<Rightarrow> 'a
ArchInvocationLabels_H.RISCV64_H.arch_invocation_label.RISCVIRQIssueIRQHandler	ExecSpec.ArchInvocationLabels_H	arch_invocation_label
Structures_H.partial_term_of_kernel_object_inst.partial_term_of_kernel_object	ExecSpec.Structures_H	kernel_object itself \<Rightarrow> ??.Quickcheck_Narrowing.narrowing_term \<Rightarrow> term
ObjectInstances_H.pspace_storable_notification_inst.updateObject_notification	ExecSpec.ObjectInstances_H	notification \<Rightarrow> kernel_object               \<Rightarrow> 64 word                             \<Rightarrow> 64 word     \<Rightarrow> 64 word option                   \<Rightarrow> (global.kernel_state,                                  kernel_object) nondet_monad
MachineTypes.RISCV64.register.register_pre_register.Rep_register_pre_register	ExecSpec.MachineTypes	RISCV64.register_pre_register \<Rightarrow> ((((unit + unit) + unit + unit) +                 (unit + unit) + unit + unit) +                ((unit + unit) + unit + unit) +                (unit + unit) + unit + unit + unit) +               (((unit + unit) + unit + unit) +                (unit + unit) + unit + unit + unit) +               ((unit + unit) + unit + unit) +               (unit + unit) + unit + unit + unit
MachineTypes.RISCV64.register.register_pre_register.Abs_register_pre_register	ExecSpec.MachineTypes	((((unit + unit) + unit + unit) + (unit + unit) + unit + unit) +  ((unit + unit) + unit + unit) + (unit + unit) + unit + unit + unit) + (((unit + unit) + unit + unit) + (unit + unit) + unit + unit + unit) + ((unit + unit) + unit + unit) + (unit + unit) + unit + unit + unit \<Rightarrow> RISCV64.register_pre_register
MachineTypes.RISCV64.pre_hyp_fault_type.hyp_fault_type.wit_pre_hyp_fault_type	ExecSpec.MachineTypes	unit
MachineTypes.RISCV64.pre_hyp_fault_type.hyp_fault_type.set_pre_hyp_fault_type	ExecSpec.MachineTypes	unit \<Rightarrow> 'a set
MachineTypes.RISCV64.pre_hyp_fault_type.hyp_fault_type.rel_pre_hyp_fault_type	ExecSpec.MachineTypes	('a \<Rightarrow> 'b \<Rightarrow> bool) \<Rightarrow> unit \<Rightarrow> unit \<Rightarrow> bool
MachineTypes.RISCV64.pre_hyp_fault_type.hyp_fault_type.map_pre_hyp_fault_type	ExecSpec.MachineTypes	('a \<Rightarrow> 'b) \<Rightarrow> unit \<Rightarrow> unit
Invocations_H.pre_cnode_invocation.cnode_invocation.pred_pre_cnode_invocation	ExecSpec.Invocations_H	('a \<Rightarrow> bool) \<Rightarrow> cnode_invocation_pre_cnode_invocation \<Rightarrow> bool
InvocationLabels_H.size_gen_invocation_labels_inst.size_gen_invocation_labels	ExecSpec.InvocationLabels_H	gen_invocation_labels \<Rightarrow> nat
InvocationLabels_H.narrowing_invocation_label_inst.narrowing_invocation_label	ExecSpec.InvocationLabels_H	integer \<Rightarrow> invocation_label ??.Quickcheck_Narrowing.narrowing_cons
InvocationLabels_H.enum_gen_invocation_labels_inst.enum_gen_invocation_labels	ExecSpec.InvocationLabels_H	gen_invocation_labels list
ArchStructures_H.RISCV64_H.random_arch_capability_inst.random_arch_capability	ExecSpec.ArchStructures_H	natural \<Rightarrow> natural \<times> natural               \<Rightarrow> (arch_capability \<times>                              (unit \<Rightarrow> term)) \<times>                             natural \<times> natural
ArchStateData_H.RISCV64_H.pre_kernel_state.kernel_state.pred_pre_kernel_state	ExecSpec.ArchStateData_H	('a \<Rightarrow> bool) \<Rightarrow> RISCV64_H.kernel_state_pre_kernel_state \<Rightarrow> bool
ArchRetypeDecls_H.RISCV64_H.asidpool_invocation.ctor_fold_asidpool_invocation	ExecSpec.ArchRetypeDecls_H	(RISCV64_H.asidpool_invocation_pre_asidpool_invocation \<Rightarrow> 'a) \<Rightarrow> RISCV64_H.asidpool_invocation \<Rightarrow> 'a
ArchRetypeDecls_H.RISCV64_H.asidcontrol_invocation.rec_asidcontrol_invocation	ExecSpec.ArchRetypeDecls_H	(64 word  \<Rightarrow> 64 word                \<Rightarrow> 64 word \<Rightarrow> 64 word \<Rightarrow> 'a) \<Rightarrow> RISCV64_H.asidcontrol_invocation \<Rightarrow> 'a
ArchRetypeDecls_H.RISCV64_H.asidcontrol_invocation.mor_asidcontrol_invocation	ExecSpec.ArchRetypeDecls_H	'a set \<Rightarrow> (RISCV64_H.asidcontrol_invocation_pre_asidcontrol_invocation                \<Rightarrow> 'a)               \<Rightarrow> 'b set                             \<Rightarrow> (RISCV64_H.asidcontrol_invocation_pre_asidcontrol_invocation      \<Rightarrow> 'b)     \<Rightarrow> ('a \<Rightarrow> 'b) \<Rightarrow> bool
ArchRetypeDecls_H.RISCV64_H.asidcontrol_invocation.alg_asidcontrol_invocation	ExecSpec.ArchRetypeDecls_H	'a set \<Rightarrow> (RISCV64_H.asidcontrol_invocation_pre_asidcontrol_invocation                \<Rightarrow> 'a)               \<Rightarrow> bool
ArchRetypeDecls_H.RISCV64_H.asidcontrol_invocation.Rep_asidcontrol_invocation	ExecSpec.ArchRetypeDecls_H	RISCV64_H.asidcontrol_invocation \<Rightarrow> RISCV64_H.asidcontrol_invocation.asidcontrol_invocation_IITN_asidcontrol_invocation               \<Rightarrow> (nat +                              RISCV64_H.asidcontrol_invocation_pre_asidcontrol_invocation) set                             \<Rightarrow> bool
ArchRetypeDecls_H.RISCV64_H.asidcontrol_invocation.Abs_asidcontrol_invocation	ExecSpec.ArchRetypeDecls_H	(RISCV64_H.asidcontrol_invocation.asidcontrol_invocation_IITN_asidcontrol_invocation  \<Rightarrow> (nat +                 RISCV64_H.asidcontrol_invocation_pre_asidcontrol_invocation) set                \<Rightarrow> bool) \<Rightarrow> RISCV64_H.asidcontrol_invocation
Types_H.partial_term_of_bidevice_region_inst.partial_term_of_bidevice_region	ExecSpec.Types_H	bidevice_region itself \<Rightarrow> ??.Quickcheck_Narrowing.narrowing_term \<Rightarrow> term
Types_H.full_exhaustive_bidevice_region_inst.full_exhaustive_bidevice_region	ExecSpec.Types_H	(bidevice_region \<times> (unit \<Rightarrow> term)  \<Rightarrow> (bool \<times> term list) option) \<Rightarrow> natural \<Rightarrow> (bool \<times> term list) option
Types_H.cap_rights.cap_rights_IITN_cap_rights.Rep_cap_rights_IITN_cap_rights	ExecSpec.Types_H	cap_rights.cap_rights_IITN_cap_rights \<Rightarrow> ((nat + cap_rights_pre_cap_rights) set                \<Rightarrow> bool) set \<times>               (cap_rights_pre_cap_rights                \<Rightarrow> (nat + cap_rights_pre_cap_rights) set                              \<Rightarrow> bool)
Types_H.cap_rights.cap_rights_IITN_cap_rights.Abs_cap_rights_IITN_cap_rights	ExecSpec.Types_H	((nat + cap_rights_pre_cap_rights) set \<Rightarrow> bool) set \<times> (cap_rights_pre_cap_rights  \<Rightarrow> (nat + cap_rights_pre_cap_rights) set \<Rightarrow> bool) \<Rightarrow> cap_rights.cap_rights_IITN_cap_rights
Structures_H.user_data.user_data_IITN_user_data.Rep_user_data_IITN_user_data	ExecSpec.Structures_H	user_data.user_data_IITN_user_data \<Rightarrow> ((nat + unit) set \<Rightarrow> bool) set \<times>               (unit \<Rightarrow> (nat + unit) set \<Rightarrow> bool)
Structures_H.user_data.user_data_IITN_user_data.Abs_user_data_IITN_user_data	ExecSpec.Structures_H	((nat + unit) set \<Rightarrow> bool) set \<times> (unit \<Rightarrow> (nat + unit) set \<Rightarrow> bool) \<Rightarrow> user_data.user_data_IITN_user_data
Structures_H.pre_user_data_device.user_data_device.pred_pre_user_data_device	ExecSpec.Structures_H	('a \<Rightarrow> bool) \<Rightarrow> unit \<Rightarrow> bool
Structures_H.pre_scheduler_action.scheduler_action.pred_pre_scheduler_action	ExecSpec.Structures_H	('a \<Rightarrow> bool) \<Rightarrow> scheduler_action_pre_scheduler_action \<Rightarrow> bool
ObjectInstances_H.pre_storable_user_data_device_inst.koType_user_data_device	ExecSpec.ObjectInstances_H	user_data_device itself \<Rightarrow> kernel_object_type
KernelInitMonad_H.init_data.typerep_init_data_ext_inst.typerep_init_data_ext	ExecSpec.KernelInitMonad_H	'a init_data_scheme itself \<Rightarrow> typerep
KernelInitMonad_H.init_data.term_of_init_data_ext_inst.term_of_init_data_ext	ExecSpec.KernelInitMonad_H	'a init_data_scheme \<Rightarrow> term
Invocations_H.random_irqhandler_invocation_inst.random_irqhandler_invocation	ExecSpec.Invocations_H	natural \<Rightarrow> natural \<times> natural               \<Rightarrow> (irqhandler_invocation \<times>                              (unit \<Rightarrow> term)) \<times>                             natural \<times> natural
Invocations_H.random_irqcontrol_invocation_inst.random_irqcontrol_invocation	ExecSpec.Invocations_H	natural \<Rightarrow> natural \<times> natural               \<Rightarrow> (irqcontrol_invocation \<times>                              (unit \<Rightarrow> term)) \<times>                             natural \<times> natural
Invocations_H.pre_cnode_invocation.cnode_invocation.wit_pre_cnode_invocation	ExecSpec.Invocations_H	cnode_invocation_pre_cnode_invocation
Invocations_H.pre_cnode_invocation.cnode_invocation.set_pre_cnode_invocation	ExecSpec.Invocations_H	cnode_invocation_pre_cnode_invocation \<Rightarrow> 'a set
Invocations_H.pre_cnode_invocation.cnode_invocation.rel_pre_cnode_invocation	ExecSpec.Invocations_H	('a \<Rightarrow> 'b \<Rightarrow> bool) \<Rightarrow> cnode_invocation_pre_cnode_invocation               \<Rightarrow> cnode_invocation_pre_cnode_invocation                             \<Rightarrow> bool
Invocations_H.pre_cnode_invocation.cnode_invocation.map_pre_cnode_invocation	ExecSpec.Invocations_H	('a \<Rightarrow> 'b) \<Rightarrow> cnode_invocation_pre_cnode_invocation               \<Rightarrow> cnode_invocation_pre_cnode_invocation
Event_H.syscall.typerep_syscall_pre_syscall_inst.typerep_syscall_pre_syscall	ExecSpec.Event_H	syscall_pre_syscall itself \<Rightarrow> typerep
ArchStateData_H.RISCV64_H.pre_kernel_state.kernel_state.wit_pre_kernel_state	ExecSpec.ArchStateData_H	RISCV64_H.kernel_state_pre_kernel_state
ArchStateData_H.RISCV64_H.pre_kernel_state.kernel_state.set_pre_kernel_state	ExecSpec.ArchStateData_H	RISCV64_H.kernel_state_pre_kernel_state \<Rightarrow> 'a set
ArchStateData_H.RISCV64_H.pre_kernel_state.kernel_state.rel_pre_kernel_state	ExecSpec.ArchStateData_H	('a \<Rightarrow> 'b \<Rightarrow> bool) \<Rightarrow> RISCV64_H.kernel_state_pre_kernel_state               \<Rightarrow> RISCV64_H.kernel_state_pre_kernel_state                             \<Rightarrow> bool
ArchStateData_H.RISCV64_H.pre_kernel_state.kernel_state.map_pre_kernel_state	ExecSpec.ArchStateData_H	('a \<Rightarrow> 'b) \<Rightarrow> RISCV64_H.kernel_state_pre_kernel_state               \<Rightarrow> RISCV64_H.kernel_state_pre_kernel_state
ArchRetypeDecls_H.RISCV64_H.page_table_invocation.size_page_table_invocation	ExecSpec.ArchRetypeDecls_H	RISCV64_H.page_table_invocation \<Rightarrow> nat
ArchRetypeDecls_H.RISCV64_H.page_table_invocation.dtor_page_table_invocation	ExecSpec.ArchRetypeDecls_H	RISCV64_H.page_table_invocation \<Rightarrow> RISCV64_H.page_table_invocation_pre_page_table_invocation
ArchRetypeDecls_H.RISCV64_H.page_table_invocation.ctor_page_table_invocation	ExecSpec.ArchRetypeDecls_H	RISCV64_H.page_table_invocation_pre_page_table_invocation \<Rightarrow> RISCV64_H.page_table_invocation
ArchRetypeDecls_H.RISCV64_H.page_table_invocation.case_page_table_invocation	ExecSpec.ArchRetypeDecls_H	(arch_capability \<Rightarrow> 64 word \<Rightarrow> 'a) \<Rightarrow> (capability                \<Rightarrow> 64 word                              \<Rightarrow> RISCV64_H.pte      \<Rightarrow> 64 word \<Rightarrow> 'a)               \<Rightarrow> RISCV64_H.page_table_invocation \<Rightarrow> 'a
ArchRetypeDecls_H.RISCV64_H.irqcontrol_invocation.size_irqcontrol_invocation	ExecSpec.ArchRetypeDecls_H	Arch.irqcontrol_invocation \<Rightarrow> nat
ArchRetypeDecls_H.RISCV64_H.irqcontrol_invocation.issueHandlerControllerSlot	ExecSpec.ArchRetypeDecls_H	Arch.irqcontrol_invocation \<Rightarrow> 64 word
ArchRetypeDecls_H.RISCV64_H.irqcontrol_invocation.dtor_irqcontrol_invocation	ExecSpec.ArchRetypeDecls_H	Arch.irqcontrol_invocation \<Rightarrow> RISCV64_H.irqcontrol_invocation_pre_irqcontrol_invocation
ArchRetypeDecls_H.RISCV64_H.irqcontrol_invocation.ctor_irqcontrol_invocation	ExecSpec.ArchRetypeDecls_H	RISCV64_H.irqcontrol_invocation_pre_irqcontrol_invocation \<Rightarrow> Arch.irqcontrol_invocation
ArchRetypeDecls_H.RISCV64_H.irqcontrol_invocation.case_irqcontrol_invocation	ExecSpec.ArchRetypeDecls_H	(6 word  \<Rightarrow> 64 word                \<Rightarrow> 64 word \<Rightarrow> bool \<Rightarrow> 'a) \<Rightarrow> Arch.irqcontrol_invocation \<Rightarrow> 'a
ArchRetypeDecls_H.RISCV64_H.asidpool_invocation.str_init_asidpool_invocation	ExecSpec.ArchRetypeDecls_H	RISCV64_H.asidpool_invocation_pre_asidpool_invocation \<Rightarrow> RISCV64_H.asidpool_invocation.asidpool_invocation_IITN_asidpool_invocation               \<Rightarrow> (nat +                              RISCV64_H.asidpool_invocation_pre_asidpool_invocation) set                             \<Rightarrow> bool
ArchRetypeDecls_H.RISCV64_H.asidpool_invocation.ctor_rec_asidpool_invocation	ExecSpec.ArchRetypeDecls_H	(RISCV64_H.asidpool_invocation_pre_asidpool_invocation \<Rightarrow> 'a) \<Rightarrow> RISCV64_H.asidpool_invocation \<Rightarrow> 'a
Structures_H.pre_user_data_device.user_data_device.wit_pre_user_data_device	ExecSpec.Structures_H	unit
Structures_H.pre_user_data_device.user_data_device.set_pre_user_data_device	ExecSpec.Structures_H	unit \<Rightarrow> 'a set
Structures_H.pre_user_data_device.user_data_device.rel_pre_user_data_device	ExecSpec.Structures_H	('a \<Rightarrow> 'b \<Rightarrow> bool) \<Rightarrow> unit \<Rightarrow> unit \<Rightarrow> bool
Structures_H.pre_user_data_device.user_data_device.map_pre_user_data_device	ExecSpec.Structures_H	('a \<Rightarrow> 'b) \<Rightarrow> unit \<Rightarrow> unit
Structures_H.pre_scheduler_action.scheduler_action.wit_pre_scheduler_action	ExecSpec.Structures_H	scheduler_action_pre_scheduler_action
Structures_H.pre_scheduler_action.scheduler_action.set_pre_scheduler_action	ExecSpec.Structures_H	scheduler_action_pre_scheduler_action \<Rightarrow> 'a set
Structures_H.pre_scheduler_action.scheduler_action.rel_pre_scheduler_action	ExecSpec.Structures_H	('a \<Rightarrow> 'b \<Rightarrow> bool) \<Rightarrow> scheduler_action_pre_scheduler_action               \<Rightarrow> scheduler_action_pre_scheduler_action                             \<Rightarrow> bool
Structures_H.pre_scheduler_action.scheduler_action.map_pre_scheduler_action	ExecSpec.Structures_H	('a \<Rightarrow> 'b) \<Rightarrow> scheduler_action_pre_scheduler_action               \<Rightarrow> scheduler_action_pre_scheduler_action
Structures_H.partial_term_of_thread_state_inst.partial_term_of_thread_state	ExecSpec.Structures_H	thread_state itself \<Rightarrow> ??.Quickcheck_Narrowing.narrowing_term \<Rightarrow> term
Structures_H.partial_term_of_notification_inst.partial_term_of_notification	ExecSpec.Structures_H	notification itself \<Rightarrow> ??.Quickcheck_Narrowing.narrowing_term \<Rightarrow> term
Structures_H.full_exhaustive_thread_state_inst.full_exhaustive_thread_state	ExecSpec.Structures_H	(thread_state \<times> (unit \<Rightarrow> term)  \<Rightarrow> (bool \<times> term list) option) \<Rightarrow> natural \<Rightarrow> (bool \<times> term list) option
Structures_H.full_exhaustive_notification_inst.full_exhaustive_notification	ExecSpec.Structures_H	(notification \<times> (unit \<Rightarrow> term)  \<Rightarrow> (bool \<times> term list) option) \<Rightarrow> natural \<Rightarrow> (bool \<times> term list) option
PSpaceStorable_H.typerep_kernel_object_type_inst.typerep_kernel_object_type	ExecSpec.PSpaceStorable_H	kernel_object_type itself \<Rightarrow> typerep
PSpaceStorable_H.term_of_kernel_object_type_inst.term_of_kernel_object_type	ExecSpec.PSpaceStorable_H	kernel_object_type \<Rightarrow> term
ObjectInstances_H.pspace_storable_notification_inst.makeObject_notification	ExecSpec.ObjectInstances_H	notification
ObjectInstances_H.pspace_storable_notification_inst.loadObject_notification	ExecSpec.ObjectInstances_H	64 word \<Rightarrow> 64 word               \<Rightarrow> 64 word option                             \<Rightarrow> kernel_object     \<Rightarrow> (global.kernel_state, notification) nondet_monad
ObjectInstances_H.pre_storable_notification_inst.projectKO_opt_notification	ExecSpec.ObjectInstances_H	kernel_object \<Rightarrow> notification option
MachineTypes.RISCV64.narrowing_hyp_fault_type_inst.narrowing_hyp_fault_type	ExecSpec.MachineTypes	integer \<Rightarrow> hyp_fault_type ??.Quickcheck_Narrowing.narrowing_cons
MachineTypes.RISCV64.full_exhaustive_register_inst.full_exhaustive_register	ExecSpec.MachineTypes	(register \<times> (unit \<Rightarrow> term)  \<Rightarrow> (bool \<times> term list) option) \<Rightarrow> natural \<Rightarrow> (bool \<times> term list) option
InvocationLabels_H.enum_alt_invocation_label_inst.enum_alt_invocation_label	ExecSpec.InvocationLabels_H	nat \<Rightarrow> invocation_label option
Hardware_H.RISCV64_H.full_exhaustive_vmrights_inst.full_exhaustive_vmrights	ExecSpec.Hardware_H	(vmrights \<times> (unit \<Rightarrow> term)  \<Rightarrow> (bool \<times> term list) option) \<Rightarrow> natural \<Rightarrow> (bool \<times> term list) option
Arch_Structs_B.RISCV64_H.riscvvspace_region_use.size_riscvvspace_region_use	ExecSpec.Arch_Structs_B	RISCV64_H.riscvvspace_region_use \<Rightarrow> nat
Arch_Structs_B.RISCV64_H.riscvvspace_region_use.dtor_riscvvspace_region_use	ExecSpec.Arch_Structs_B	RISCV64_H.riscvvspace_region_use \<Rightarrow> RISCV64_H.riscvvspace_region_use_pre_riscvvspace_region_use
Arch_Structs_B.RISCV64_H.riscvvspace_region_use.ctor_riscvvspace_region_use	ExecSpec.Arch_Structs_B	RISCV64_H.riscvvspace_region_use_pre_riscvvspace_region_use \<Rightarrow> RISCV64_H.riscvvspace_region_use
Arch_Structs_B.RISCV64_H.riscvvspace_region_use.case_riscvvspace_region_use	ExecSpec.Arch_Structs_B	'a \<Rightarrow> 'a \<Rightarrow> 'a \<Rightarrow> 'a              \<Rightarrow> 'a \<Rightarrow> RISCV64_H.riscvvspace_region_use       \<Rightarrow> 'a
ArchRetypeDecls_H.RISCV64_H.page_table_invocation.rec_page_table_invocation	ExecSpec.ArchRetypeDecls_H	(arch_capability \<Rightarrow> 64 word \<Rightarrow> 'a) \<Rightarrow> (capability                \<Rightarrow> 64 word                              \<Rightarrow> RISCV64_H.pte      \<Rightarrow> 64 word \<Rightarrow> 'a)               \<Rightarrow> RISCV64_H.page_table_invocation \<Rightarrow> 'a
ArchRetypeDecls_H.RISCV64_H.page_table_invocation.mor_page_table_invocation	ExecSpec.ArchRetypeDecls_H	'a set \<Rightarrow> (RISCV64_H.page_table_invocation_pre_page_table_invocation                \<Rightarrow> 'a)               \<Rightarrow> 'b set                             \<Rightarrow> (RISCV64_H.page_table_invocation_pre_page_table_invocation      \<Rightarrow> 'b)     \<Rightarrow> ('a \<Rightarrow> 'b) \<Rightarrow> bool
ArchRetypeDecls_H.RISCV64_H.page_table_invocation.alg_page_table_invocation	ExecSpec.ArchRetypeDecls_H	'a set \<Rightarrow> (RISCV64_H.page_table_invocation_pre_page_table_invocation                \<Rightarrow> 'a)               \<Rightarrow> bool
ArchRetypeDecls_H.RISCV64_H.page_table_invocation.Rep_page_table_invocation	ExecSpec.ArchRetypeDecls_H	RISCV64_H.page_table_invocation \<Rightarrow> RISCV64_H.page_table_invocation.page_table_invocation_IITN_page_table_invocation               \<Rightarrow> (nat +                              RISCV64_H.page_table_invocation_pre_page_table_invocation) set                             \<Rightarrow> bool
ArchRetypeDecls_H.RISCV64_H.page_table_invocation.Abs_page_table_invocation	ExecSpec.ArchRetypeDecls_H	(RISCV64_H.page_table_invocation.page_table_invocation_IITN_page_table_invocation  \<Rightarrow> (nat +                 RISCV64_H.page_table_invocation_pre_page_table_invocation) set                \<Rightarrow> bool) \<Rightarrow> RISCV64_H.page_table_invocation
ArchRetypeDecls_H.RISCV64_H.irqcontrol_invocation.rec_irqcontrol_invocation	ExecSpec.ArchRetypeDecls_H	(6 word  \<Rightarrow> 64 word                \<Rightarrow> 64 word \<Rightarrow> bool \<Rightarrow> 'a) \<Rightarrow> Arch.irqcontrol_invocation \<Rightarrow> 'a
ArchRetypeDecls_H.RISCV64_H.irqcontrol_invocation.mor_irqcontrol_invocation	ExecSpec.ArchRetypeDecls_H	'a set \<Rightarrow> (RISCV64_H.irqcontrol_invocation_pre_irqcontrol_invocation                \<Rightarrow> 'a)               \<Rightarrow> 'b set                             \<Rightarrow> (RISCV64_H.irqcontrol_invocation_pre_irqcontrol_invocation      \<Rightarrow> 'b)     \<Rightarrow> ('a \<Rightarrow> 'b) \<Rightarrow> bool
ArchRetypeDecls_H.RISCV64_H.irqcontrol_invocation.alg_irqcontrol_invocation	ExecSpec.ArchRetypeDecls_H	'a set \<Rightarrow> (RISCV64_H.irqcontrol_invocation_pre_irqcontrol_invocation                \<Rightarrow> 'a)               \<Rightarrow> bool
ArchRetypeDecls_H.RISCV64_H.irqcontrol_invocation.Rep_irqcontrol_invocation	ExecSpec.ArchRetypeDecls_H	Arch.irqcontrol_invocation \<Rightarrow> RISCV64_H.irqcontrol_invocation.irqcontrol_invocation_IITN_irqcontrol_invocation               \<Rightarrow> (nat +                              RISCV64_H.irqcontrol_invocation_pre_irqcontrol_invocation) set                             \<Rightarrow> bool
ArchRetypeDecls_H.RISCV64_H.irqcontrol_invocation.Abs_irqcontrol_invocation	ExecSpec.ArchRetypeDecls_H	(RISCV64_H.irqcontrol_invocation.irqcontrol_invocation_IITN_irqcontrol_invocation  \<Rightarrow> (nat +                 RISCV64_H.irqcontrol_invocation_pre_irqcontrol_invocation) set                \<Rightarrow> bool) \<Rightarrow> Arch.irqcontrol_invocation
ArchRetypeDecls_H.RISCV64_H.copy_register_sets.ctor_fold_copy_register_sets	ExecSpec.ArchRetypeDecls_H	(unit \<Rightarrow> 'a) \<Rightarrow> Arch.copy_register_sets \<Rightarrow> 'a
ArchRetypeDecls_H.RISCV64_H.asidpool_invocation.min_alg_asidpool_invocation	ExecSpec.ArchRetypeDecls_H	(RISCV64_H.asidpool_invocation_pre_asidpool_invocation \<Rightarrow> 'a) \<Rightarrow> 'a set
Types_H.cap_rights.cap_rights_pre_cap_rights.Rep_cap_rights_pre_cap_rights	ExecSpec.Types_H	cap_rights_pre_cap_rights \<Rightarrow> (bool \<times> bool) \<times> bool \<times> bool
Types_H.cap_rights.cap_rights_pre_cap_rights.Abs_cap_rights_pre_cap_rights	ExecSpec.Types_H	(bool \<times> bool) \<times> bool \<times> bool \<Rightarrow> cap_rights_pre_cap_rights
KernelStateData_H.kernel_state.kernel_state_inner2.Rep_kernel_state_inner2	ExecSpec.KernelStateData_H	'z kernel_state_inner2 \<Rightarrow> (interrupt_state \<times> 64 word) \<times>               Arch.kernel_state \<times> machine_state
KernelStateData_H.kernel_state.kernel_state_inner2.Abs_kernel_state_inner2	ExecSpec.KernelStateData_H	(interrupt_state \<times> 64 word) \<times> Arch.kernel_state \<times> machine_state \<Rightarrow> 'z kernel_state_inner2
KernelStateData_H.kernel_state.kernel_state_inner1.Rep_kernel_state_inner1	ExecSpec.KernelStateData_H	'z kernel_state_inner1 \<Rightarrow> ((((64 word \<Rightarrow> kernel_object option) \<times>                  (64 word \<Rightarrow> vmpage_size option)) \<times>                 (64 word \<Rightarrow> nat option) \<times>                 (64 word \<times> 64 word) set) \<times>                (nat \<times> nat) \<times>                nat \<times> (8 word \<times> 64 word) list) \<times>               ((8 word \<times> 64 word) \<times>                (8 word \<times> 8 word                 \<Rightarrow> 64 word head_end_ptrs) \<times>                (8 word \<Rightarrow> 64 word)) \<times>               ((8 word \<times> nat \<Rightarrow> 64 word) \<times>                64 word) \<times>               64 word \<times> scheduler_action
KernelStateData_H.kernel_state.kernel_state_inner1.Abs_kernel_state_inner1	ExecSpec.KernelStateData_H	((((64 word \<Rightarrow> kernel_object option) \<times>    (64 word \<Rightarrow> vmpage_size option)) \<times>   (64 word \<Rightarrow> nat option) \<times>   (64 word \<times> 64 word) set) \<times>  (nat \<times> nat) \<times>  nat \<times> (8 word \<times> 64 word) list) \<times> ((8 word \<times> 64 word) \<times>  (8 word \<times> 8 word \<Rightarrow> 64 word head_end_ptrs) \<times>  (8 word \<Rightarrow> 64 word)) \<times> ((8 word \<times> nat \<Rightarrow> 64 word) \<times> 64 word) \<times> 64 word \<times> scheduler_action \<Rightarrow> 'z kernel_state_inner1
KernelStateData_H.kernel_state.kernel_state_ext.kernel_state_ext_Tuple_Iso	ExecSpec.KernelStateData_H	('z kernel_state_scheme,  'z kernel_state_inner1 \<times> 'z kernel_state_inner2,  'z) tuple_isomorphism
Invocations_H.equal_irqhandler_invocation_inst.equal_irqhandler_invocation	ExecSpec.Invocations_H	irqhandler_invocation \<Rightarrow> irqhandler_invocation \<Rightarrow> bool
Invocations_H.equal_irqcontrol_invocation_inst.equal_irqcontrol_invocation	ExecSpec.Invocations_H	irqcontrol_invocation \<Rightarrow> irqcontrol_invocation \<Rightarrow> bool
Fault_H.partial_term_of_lookup_failure_inst.partial_term_of_lookup_failure	ExecSpec.Fault_H	lookup_failure itself \<Rightarrow> ??.Quickcheck_Narrowing.narrowing_term \<Rightarrow> term
Fault_H.full_exhaustive_lookup_failure_inst.full_exhaustive_lookup_failure	ExecSpec.Fault_H	(lookup_failure \<times> (unit \<Rightarrow> term)  \<Rightarrow> (bool \<times> term list) option) \<Rightarrow> natural \<Rightarrow> (bool \<times> term list) option
Arch_Structs_B.RISCV64_H.riscvvspace_region_use.rec_riscvvspace_region_use	ExecSpec.Arch_Structs_B	'a \<Rightarrow> 'a \<Rightarrow> 'a \<Rightarrow> 'a              \<Rightarrow> 'a \<Rightarrow> RISCV64_H.riscvvspace_region_use       \<Rightarrow> 'a
Arch_Structs_B.RISCV64_H.riscvvspace_region_use.mor_riscvvspace_region_use	ExecSpec.Arch_Structs_B	'a set \<Rightarrow> (RISCV64_H.riscvvspace_region_use_pre_riscvvspace_region_use                \<Rightarrow> 'a)               \<Rightarrow> 'b set                             \<Rightarrow> (RISCV64_H.riscvvspace_region_use_pre_riscvvspace_region_use      \<Rightarrow> 'b)     \<Rightarrow> ('a \<Rightarrow> 'b) \<Rightarrow> bool
Arch_Structs_B.RISCV64_H.riscvvspace_region_use.alg_riscvvspace_region_use	ExecSpec.Arch_Structs_B	'a set \<Rightarrow> (RISCV64_H.riscvvspace_region_use_pre_riscvvspace_region_use                \<Rightarrow> 'a)               \<Rightarrow> bool
Arch_Structs_B.RISCV64_H.riscvvspace_region_use.Rep_riscvvspace_region_use	ExecSpec.Arch_Structs_B	RISCV64_H.riscvvspace_region_use \<Rightarrow> RISCV64_H.riscvvspace_region_use.riscvvspace_region_use_IITN_riscvvspace_region_use               \<Rightarrow> (nat +                              RISCV64_H.riscvvspace_region_use_pre_riscvvspace_region_use) set                             \<Rightarrow> bool
Arch_Structs_B.RISCV64_H.riscvvspace_region_use.RISCVVSpaceKernelELFWindow	ExecSpec.Arch_Structs_B	RISCV64_H.riscvvspace_region_use
Arch_Structs_B.RISCV64_H.riscvvspace_region_use.Abs_riscvvspace_region_use	ExecSpec.Arch_Structs_B	(RISCV64_H.riscvvspace_region_use.riscvvspace_region_use_IITN_riscvvspace_region_use  \<Rightarrow> (nat +                 RISCV64_H.riscvvspace_region_use_pre_riscvvspace_region_use) set                \<Rightarrow> bool) \<Rightarrow> RISCV64_H.riscvvspace_region_use
ArchStructures_H.RISCV64_H.arch_kernel_object.ctor_fold_arch_kernel_object	ExecSpec.ArchStructures_H	(RISCV64_H.asidpool + RISCV64_H.pte \<Rightarrow> 'a) \<Rightarrow> arch_kernel_object \<Rightarrow> 'a
ArchRetypeDecls_H.RISCV64_H.size_page_invocation_inst.size_page_invocation	ExecSpec.ArchRetypeDecls_H	RISCV64_H.page_invocation \<Rightarrow> nat
ArchRetypeDecls_H.RISCV64_H.copy_register_sets.str_init_copy_register_sets	ExecSpec.ArchRetypeDecls_H	unit \<Rightarrow> RISCV64_H.copy_register_sets.copy_register_sets_IITN_copy_register_sets               \<Rightarrow> (nat + unit) set \<Rightarrow> bool
ArchRetypeDecls_H.RISCV64_H.copy_register_sets.ctor_rec_copy_register_sets	ExecSpec.ArchRetypeDecls_H	(unit \<Rightarrow> 'a) \<Rightarrow> Arch.copy_register_sets \<Rightarrow> 'a
ArchInvocationLabels_H.RISCV64_H.arch_invocation_label.RISCVPageTableUnmap	ExecSpec.ArchInvocationLabels_H	arch_invocation_label
ArchInvocationLabels_H.RISCV64_H.arch_invocation_label.RISCVPageGetAddress	ExecSpec.ArchInvocationLabels_H	arch_invocation_label
ArchInvocationLabels_H.RISCV64_H.arch_invocation_label.RISCVASIDPoolAssign	ExecSpec.ArchInvocationLabels_H	arch_invocation_label
Structures_H.pre_interrupt_state.interrupt_state.pred_pre_interrupt_state	ExecSpec.Structures_H	('a \<Rightarrow> bool) \<Rightarrow> interrupt_state_pre_interrupt_state \<Rightarrow> bool
Structures_H.partial_term_of_zombie_type_inst.partial_term_of_zombie_type	ExecSpec.Structures_H	zombie_type itself \<Rightarrow> ??.Quickcheck_Narrowing.narrowing_term \<Rightarrow> term
Structures_H.full_exhaustive_zombie_type_inst.full_exhaustive_zombie_type	ExecSpec.Structures_H	(zombie_type \<times> (unit \<Rightarrow> term)  \<Rightarrow> (bool \<times> term list) option) \<Rightarrow> natural \<Rightarrow> (bool \<times> term list) option
PSpaceStorable_H.random_kernel_object_type_inst.random_kernel_object_type	ExecSpec.PSpaceStorable_H	natural \<Rightarrow> natural \<times> natural               \<Rightarrow> (kernel_object_type \<times>                              (unit \<Rightarrow> term)) \<times>                             natural \<times> natural
InvocationLabels_H.typerep_invocation_label_inst.typerep_invocation_label	ExecSpec.InvocationLabels_H	invocation_label itself \<Rightarrow> typerep
InvocationLabels_H.term_of_invocation_label_inst.term_of_invocation_label	ExecSpec.InvocationLabels_H	invocation_label \<Rightarrow> term
ArchStructures_H.RISCV64_H.size_arch_capability_inst.size_arch_capability	ExecSpec.ArchStructures_H	arch_capability \<Rightarrow> nat
ArchStructures_H.RISCV64_H.arch_kernel_object.str_init_arch_kernel_object	ExecSpec.ArchStructures_H	RISCV64_H.asidpool + RISCV64_H.pte \<Rightarrow> RISCV64_H.arch_kernel_object.arch_kernel_object_IITN_arch_kernel_object               \<Rightarrow> (nat + RISCV64_H.asidpool + RISCV64_H.pte) set                             \<Rightarrow> bool
ArchStructures_H.RISCV64_H.arch_kernel_object.ctor_rec_arch_kernel_object	ExecSpec.ArchStructures_H	(RISCV64_H.asidpool + RISCV64_H.pte \<Rightarrow> 'a) \<Rightarrow> arch_kernel_object \<Rightarrow> 'a
ArchRetypeDecls_H.RISCV64_H.pre_invocation.invocation.pred_pre_invocation	ExecSpec.ArchRetypeDecls_H	('a \<Rightarrow> bool) \<Rightarrow> RISCV64_H.invocation_pre_invocation \<Rightarrow> bool
ArchRetypeDecls_H.RISCV64_H.copy_register_sets.min_alg_copy_register_sets	ExecSpec.ArchRetypeDecls_H	(unit \<Rightarrow> 'a) \<Rightarrow> 'a set
Structures_H.pre_interrupt_state.interrupt_state.wit_pre_interrupt_state	ExecSpec.Structures_H	interrupt_state_pre_interrupt_state
Structures_H.pre_interrupt_state.interrupt_state.set_pre_interrupt_state	ExecSpec.Structures_H	interrupt_state_pre_interrupt_state \<Rightarrow> 'a set
Structures_H.pre_interrupt_state.interrupt_state.rel_pre_interrupt_state	ExecSpec.Structures_H	('a \<Rightarrow> 'b \<Rightarrow> bool) \<Rightarrow> interrupt_state_pre_interrupt_state               \<Rightarrow> interrupt_state_pre_interrupt_state                             \<Rightarrow> bool
Structures_H.pre_interrupt_state.interrupt_state.map_pre_interrupt_state	ExecSpec.Structures_H	('a \<Rightarrow> 'b) \<Rightarrow> interrupt_state_pre_interrupt_state               \<Rightarrow> interrupt_state_pre_interrupt_state
MachineTypes.machine_state.machine_state_ext.machine_state_ext_Tuple_Iso	ExecSpec.MachineTypes	('z RISCV64.machine_state_scheme,  ((6 word \<Rightarrow> bool) \<times> nat) \<times>  (64 word \<Rightarrow> 8 word) \<times>  (64 word \<Rightarrow> 8 word option) \<times> machine_state_rest,  'z) tuple_isomorphism
MachineTypes.RISCV64.pre_vmfault_type.vmfault_type.pred_pre_vmfault_type	ExecSpec.MachineTypes	('a \<Rightarrow> bool) \<Rightarrow> RISCV64.vmfault_type_pre_vmfault_type \<Rightarrow> bool
KernelInitMonad_H.init_data.equal_init_data_ext_inst.equal_init_data_ext	ExecSpec.KernelInitMonad_H	'z init_data_scheme \<Rightarrow> 'z init_data_scheme \<Rightarrow> bool
Invocations_H.typerep_untyped_invocation_inst.typerep_untyped_invocation	ExecSpec.Invocations_H	untyped_invocation itself \<Rightarrow> typerep
Invocations_H.term_of_untyped_invocation_inst.term_of_untyped_invocation	ExecSpec.Invocations_H	untyped_invocation \<Rightarrow> term
Invocations_H.size_irqhandler_invocation_inst.size_irqhandler_invocation	ExecSpec.Invocations_H	irqhandler_invocation \<Rightarrow> nat
Invocations_H.size_irqcontrol_invocation_inst.size_irqcontrol_invocation	ExecSpec.Invocations_H	irqcontrol_invocation \<Rightarrow> nat
Invocations_H.partial_term_of_invocation_inst.partial_term_of_invocation	ExecSpec.Invocations_H	global.invocation itself \<Rightarrow> ??.Quickcheck_Narrowing.narrowing_term \<Rightarrow> term
Invocations_H.full_exhaustive_invocation_inst.full_exhaustive_invocation	ExecSpec.Invocations_H	(global.invocation \<times> (unit \<Rightarrow> term)  \<Rightarrow> (bool \<times> term list) option) \<Rightarrow> natural \<Rightarrow> (bool \<times> term list) option
InvocationLabels_H.gen_invocation_labels.ctor_fold_gen_invocation_labels	ExecSpec.InvocationLabels_H	(gen_invocation_labels_pre_gen_invocation_labels \<Rightarrow> 'a) \<Rightarrow> gen_invocation_labels \<Rightarrow> 'a
Fault_H.partial_term_of_syscall_error_inst.partial_term_of_syscall_error	ExecSpec.Fault_H	syscall_error itself \<Rightarrow> ??.Quickcheck_Narrowing.narrowing_term \<Rightarrow> term
Fault_H.full_exhaustive_syscall_error_inst.full_exhaustive_syscall_error	ExecSpec.Fault_H	(syscall_error \<times> (unit \<Rightarrow> term)  \<Rightarrow> (bool \<times> term list) option) \<Rightarrow> natural \<Rightarrow> (bool \<times> term list) option
Arch_Structs_B.RISCV64_H.riscvvspace_region_use.RISCVVSpaceInvalidRegion	ExecSpec.Arch_Structs_B	RISCV64_H.riscvvspace_region_use
ArchStructures_H.RISCV64_H.arch_kernel_object.min_alg_arch_kernel_object	ExecSpec.ArchStructures_H	(RISCV64_H.asidpool + RISCV64_H.pte \<Rightarrow> 'a) \<Rightarrow> 'a set
ArchStateData_H.RISCV64_H.typerep_kernel_state_inst.typerep_kernel_state	ExecSpec.ArchStateData_H	Arch.kernel_state itself \<Rightarrow> typerep
ArchStateData_H.RISCV64_H.term_of_kernel_state_inst.term_of_kernel_state	ExecSpec.ArchStateData_H	Arch.kernel_state \<Rightarrow> term
ArchRetypeDecls_H.RISCV64_H.pre_invocation.invocation.wit_pre_invocation	ExecSpec.ArchRetypeDecls_H	RISCV64_H.invocation_pre_invocation
ArchRetypeDecls_H.RISCV64_H.pre_invocation.invocation.set_pre_invocation	ExecSpec.ArchRetypeDecls_H	RISCV64_H.invocation_pre_invocation \<Rightarrow> 'a set
ArchRetypeDecls_H.RISCV64_H.pre_invocation.invocation.rel_pre_invocation	ExecSpec.ArchRetypeDecls_H	('a \<Rightarrow> 'b \<Rightarrow> bool) \<Rightarrow> RISCV64_H.invocation_pre_invocation               \<Rightarrow> RISCV64_H.invocation_pre_invocation                             \<Rightarrow> bool
ArchRetypeDecls_H.RISCV64_H.pre_invocation.invocation.map_pre_invocation	ExecSpec.ArchRetypeDecls_H	('a \<Rightarrow> 'b) \<Rightarrow> RISCV64_H.invocation_pre_invocation               \<Rightarrow> RISCV64_H.invocation_pre_invocation
ArchRetypeDecls_H.RISCV64_H.asidpool_invocation.size_asidpool_invocation	ExecSpec.ArchRetypeDecls_H	RISCV64_H.asidpool_invocation \<Rightarrow> nat
ArchRetypeDecls_H.RISCV64_H.asidpool_invocation.dtor_asidpool_invocation	ExecSpec.ArchRetypeDecls_H	RISCV64_H.asidpool_invocation \<Rightarrow> RISCV64_H.asidpool_invocation_pre_asidpool_invocation
ArchRetypeDecls_H.RISCV64_H.asidpool_invocation.ctor_asidpool_invocation	ExecSpec.ArchRetypeDecls_H	RISCV64_H.asidpool_invocation_pre_asidpool_invocation \<Rightarrow> RISCV64_H.asidpool_invocation
ArchRetypeDecls_H.RISCV64_H.asidpool_invocation.case_asidpool_invocation	ExecSpec.ArchRetypeDecls_H	(64 word \<Rightarrow> 64 word \<Rightarrow> 64 word \<Rightarrow> 'a) \<Rightarrow> RISCV64_H.asidpool_invocation \<Rightarrow> 'a
ArchInvocationLabels_H.RISCV64_H.arch_invocation_label.RISCVPageTableMap	ExecSpec.ArchInvocationLabels_H	arch_invocation_label
Types_H.init_data.init_data_IITN_init_data.Rep_init_data_IITN_init_data	ExecSpec.Types_H	init_data.init_data_IITN_init_data \<Rightarrow> ((nat + init_data_pre_init_data) set                \<Rightarrow> bool) set \<times>               (init_data_pre_init_data                \<Rightarrow> (nat + init_data_pre_init_data) set                              \<Rightarrow> bool)
Types_H.init_data.init_data_IITN_init_data.Abs_init_data_IITN_init_data	ExecSpec.Types_H	((nat + init_data_pre_init_data) set \<Rightarrow> bool) set \<times> (init_data_pre_init_data  \<Rightarrow> (nat + init_data_pre_init_data) set \<Rightarrow> bool) \<Rightarrow> init_data.init_data_IITN_init_data
Structures_H.partial_term_of_capability_inst.partial_term_of_capability	ExecSpec.Structures_H	capability itself \<Rightarrow> ??.Quickcheck_Narrowing.narrowing_term \<Rightarrow> term
Structures_H.narrowing_user_data_device_inst.narrowing_user_data_device	ExecSpec.Structures_H	integer \<Rightarrow> user_data_device ??.Quickcheck_Narrowing.narrowing_cons
Structures_H.irqstate.irqstate_IITN_irqstate.Rep_irqstate_IITN_irqstate	ExecSpec.Structures_H	irqstate.irqstate_IITN_irqstate \<Rightarrow> ((nat + irqstate_pre_irqstate) set                \<Rightarrow> bool) set \<times>               (irqstate_pre_irqstate                \<Rightarrow> (nat + irqstate_pre_irqstate) set                              \<Rightarrow> bool)
Structures_H.irqstate.irqstate_IITN_irqstate.Abs_irqstate_IITN_irqstate	ExecSpec.Structures_H	((nat + irqstate_pre_irqstate) set \<Rightarrow> bool) set \<times> (irqstate_pre_irqstate  \<Rightarrow> (nat + irqstate_pre_irqstate) set \<Rightarrow> bool) \<Rightarrow> irqstate.irqstate_IITN_irqstate
Structures_H.full_exhaustive_capability_inst.full_exhaustive_capability	ExecSpec.Structures_H	(capability \<times> (unit \<Rightarrow> term)  \<Rightarrow> (bool \<times> term list) option) \<Rightarrow> natural \<Rightarrow> (bool \<times> term list) option
Structures_H.endpoint.endpoint_IITN_endpoint.Rep_endpoint_IITN_endpoint	ExecSpec.Structures_H	endpoint.endpoint_IITN_endpoint \<Rightarrow> ((nat + endpoint_pre_endpoint) set                \<Rightarrow> bool) set \<times>               (endpoint_pre_endpoint                \<Rightarrow> (nat + endpoint_pre_endpoint) set                              \<Rightarrow> bool)
Structures_H.endpoint.endpoint_IITN_endpoint.Abs_endpoint_IITN_endpoint	ExecSpec.Structures_H	((nat + endpoint_pre_endpoint) set \<Rightarrow> bool) set \<times> (endpoint_pre_endpoint  \<Rightarrow> (nat + endpoint_pre_endpoint) set \<Rightarrow> bool) \<Rightarrow> endpoint.endpoint_IITN_endpoint
PSpaceStorable_H.equal_kernel_object_type_inst.equal_kernel_object_type	ExecSpec.PSpaceStorable_H	kernel_object_type \<Rightarrow> kernel_object_type \<Rightarrow> bool
ObjectInstances_H.pspace_storable_user_data_inst.updateObject_user_data	ExecSpec.ObjectInstances_H	user_data \<Rightarrow> kernel_object               \<Rightarrow> 64 word                             \<Rightarrow> 64 word     \<Rightarrow> 64 word option                   \<Rightarrow> (global.kernel_state,                                  kernel_object) nondet_monad
MachineTypes.RISCV64.typerep_hyp_fault_type_inst.typerep_hyp_fault_type	ExecSpec.MachineTypes	hyp_fault_type itself \<Rightarrow> typerep
MachineTypes.RISCV64.term_of_hyp_fault_type_inst.term_of_hyp_fault_type	ExecSpec.MachineTypes	hyp_fault_type \<Rightarrow> term
MachineTypes.RISCV64.pre_vmfault_type.vmfault_type.wit_pre_vmfault_type	ExecSpec.MachineTypes	RISCV64.vmfault_type_pre_vmfault_type
MachineTypes.RISCV64.pre_vmfault_type.vmfault_type.set_pre_vmfault_type	ExecSpec.MachineTypes	RISCV64.vmfault_type_pre_vmfault_type \<Rightarrow> 'a set
MachineTypes.RISCV64.pre_vmfault_type.vmfault_type.rel_pre_vmfault_type	ExecSpec.MachineTypes	('a \<Rightarrow> 'b \<Rightarrow> bool) \<Rightarrow> RISCV64.vmfault_type_pre_vmfault_type               \<Rightarrow> RISCV64.vmfault_type_pre_vmfault_type                             \<Rightarrow> bool
MachineTypes.RISCV64.pre_vmfault_type.vmfault_type.map_pre_vmfault_type	ExecSpec.MachineTypes	('a \<Rightarrow> 'b) \<Rightarrow> RISCV64.vmfault_type_pre_vmfault_type               \<Rightarrow> RISCV64.vmfault_type_pre_vmfault_type
MachineTypes.RISCV64.narrowing_vmfault_type_inst.narrowing_vmfault_type	ExecSpec.MachineTypes	integer \<Rightarrow> vmfault_type ??.Quickcheck_Narrowing.narrowing_cons
InvocationLabels_H.random_invocation_label_inst.random_invocation_label	ExecSpec.InvocationLabels_H	natural \<Rightarrow> natural \<times> natural               \<Rightarrow> (invocation_label \<times>                              (unit \<Rightarrow> term)) \<times>                             natural \<times> natural
InvocationLabels_H.gen_invocation_labels.str_init_gen_invocation_labels	ExecSpec.InvocationLabels_H	gen_invocation_labels_pre_gen_invocation_labels \<Rightarrow> gen_invocation_labels.gen_invocation_labels_IITN_gen_invocation_labels               \<Rightarrow> (nat +                              gen_invocation_labels_pre_gen_invocation_labels) set                             \<Rightarrow> bool
InvocationLabels_H.gen_invocation_labels.ctor_rec_gen_invocation_labels	ExecSpec.InvocationLabels_H	(gen_invocation_labels_pre_gen_invocation_labels \<Rightarrow> 'a) \<Rightarrow> gen_invocation_labels \<Rightarrow> 'a
InvocationLabels_H.enum_invocation_label_inst.enum_all_invocation_label	ExecSpec.InvocationLabels_H	(invocation_label \<Rightarrow> bool) \<Rightarrow> bool
Hardware_H.RISCV64_H.pte.typerep_pte_IITN_pte_inst.typerep_pte_IITN_pte	ExecSpec.Hardware_H	RISCV64_H.pte.pte_IITN_pte itself \<Rightarrow> typerep
Arch_Structs_B.RISCV64_H.riscvvspace_region_use.RISCVVSpaceKernelWindow	ExecSpec.Arch_Structs_B	RISCV64_H.riscvvspace_region_use
Arch_Structs_B.RISCV64_H.riscvvspace_region_use.RISCVVSpaceDeviceWindow	ExecSpec.Arch_Structs_B	RISCV64_H.riscvvspace_region_use
ArchRetypeDecls_H.RISCV64_H.asidpool_invocation.rec_asidpool_invocation	ExecSpec.ArchRetypeDecls_H	(64 word \<Rightarrow> 64 word \<Rightarrow> 64 word \<Rightarrow> 'a) \<Rightarrow> RISCV64_H.asidpool_invocation \<Rightarrow> 'a
ArchRetypeDecls_H.RISCV64_H.asidpool_invocation.mor_asidpool_invocation	ExecSpec.ArchRetypeDecls_H	'a set \<Rightarrow> (RISCV64_H.asidpool_invocation_pre_asidpool_invocation                \<Rightarrow> 'a)               \<Rightarrow> 'b set                             \<Rightarrow> (RISCV64_H.asidpool_invocation_pre_asidpool_invocation      \<Rightarrow> 'b)     \<Rightarrow> ('a \<Rightarrow> 'b) \<Rightarrow> bool
ArchRetypeDecls_H.RISCV64_H.asidpool_invocation.alg_asidpool_invocation	ExecSpec.ArchRetypeDecls_H	'a set \<Rightarrow> (RISCV64_H.asidpool_invocation_pre_asidpool_invocation                \<Rightarrow> 'a)               \<Rightarrow> bool
ArchRetypeDecls_H.RISCV64_H.asidpool_invocation.Rep_asidpool_invocation	ExecSpec.ArchRetypeDecls_H	RISCV64_H.asidpool_invocation \<Rightarrow> RISCV64_H.asidpool_invocation.asidpool_invocation_IITN_asidpool_invocation               \<Rightarrow> (nat +                              RISCV64_H.asidpool_invocation_pre_asidpool_invocation) set                             \<Rightarrow> bool
ArchRetypeDecls_H.RISCV64_H.asidpool_invocation.Abs_asidpool_invocation	ExecSpec.ArchRetypeDecls_H	(RISCV64_H.asidpool_invocation.asidpool_invocation_IITN_asidpool_invocation  \<Rightarrow> (nat +                 RISCV64_H.asidpool_invocation_pre_asidpool_invocation) set                \<Rightarrow> bool) \<Rightarrow> RISCV64_H.asidpool_invocation
Types_H.partial_term_of_message_info_inst.partial_term_of_message_info	ExecSpec.Types_H	message_info itself \<Rightarrow> ??.Quickcheck_Narrowing.narrowing_term \<Rightarrow> term
Types_H.partial_term_of_cap_transfer_inst.partial_term_of_cap_transfer	ExecSpec.Types_H	cap_transfer itself \<Rightarrow> ??.Quickcheck_Narrowing.narrowing_term \<Rightarrow> term
Types_H.partial_term_of_biframe_data_inst.partial_term_of_biframe_data	ExecSpec.Types_H	biframe_data itself \<Rightarrow> ??.Quickcheck_Narrowing.narrowing_term \<Rightarrow> term
Types_H.full_exhaustive_message_info_inst.full_exhaustive_message_info	ExecSpec.Types_H	(message_info \<times> (unit \<Rightarrow> term)  \<Rightarrow> (bool \<times> term list) option) \<Rightarrow> natural \<Rightarrow> (bool \<times> term list) option
Types_H.full_exhaustive_cap_transfer_inst.full_exhaustive_cap_transfer	ExecSpec.Types_H	(cap_transfer \<times> (unit \<Rightarrow> term)  \<Rightarrow> (bool \<times> term list) option) \<Rightarrow> natural \<Rightarrow> (bool \<times> term list) option
Types_H.full_exhaustive_biframe_data_inst.full_exhaustive_biframe_data	ExecSpec.Types_H	(biframe_data \<times> (unit \<Rightarrow> term)  \<Rightarrow> (bool \<times> term list) option) \<Rightarrow> natural \<Rightarrow> (bool \<times> term list) option
ObjectInstances_H.pre_storable_notification_inst.injectKO_notification	ExecSpec.ObjectInstances_H	notification \<Rightarrow> kernel_object
MachineOps.RISCV64.pre_user_context.user_context.pred_pre_user_context	ExecSpec.MachineOps	('a \<Rightarrow> bool) \<Rightarrow> RISCV64.user_context_pre_user_context \<Rightarrow> bool
Invocations_H.typerep_domain_invocation_inst.typerep_domain_invocation	ExecSpec.Invocations_H	domain_invocation itself \<Rightarrow> typerep
Invocations_H.term_of_domain_invocation_inst.term_of_domain_invocation	ExecSpec.Invocations_H	domain_invocation \<Rightarrow> term
Invocations_H.random_untyped_invocation_inst.random_untyped_invocation	ExecSpec.Invocations_H	natural \<Rightarrow> natural \<times> natural               \<Rightarrow> (untyped_invocation \<times>                              (unit \<Rightarrow> term)) \<times>                             natural \<times> natural
InvocationLabels_H.gen_invocation_labels.min_alg_gen_invocation_labels	ExecSpec.InvocationLabels_H	(gen_invocation_labels_pre_gen_invocation_labels \<Rightarrow> 'a) \<Rightarrow> 'a set
InvocationLabels_H.enum_invocation_label_inst.enum_ex_invocation_label	ExecSpec.InvocationLabels_H	(invocation_label \<Rightarrow> bool) \<Rightarrow> bool
Fault_H.partial_term_of_init_failure_inst.partial_term_of_init_failure	ExecSpec.Fault_H	init_failure itself \<Rightarrow> ??.Quickcheck_Narrowing.narrowing_term \<Rightarrow> term
Fault_H.full_exhaustive_init_failure_inst.full_exhaustive_init_failure	ExecSpec.Fault_H	(init_failure \<times> (unit \<Rightarrow> term)  \<Rightarrow> (bool \<times> term list) option) \<Rightarrow> natural \<Rightarrow> (bool \<times> term list) option
ArchTypes_H.RISCV64_H.pre_object_type.object_type.pred_pre_object_type	ExecSpec.ArchTypes_H	('a \<Rightarrow> bool) \<Rightarrow> RISCV64_H.object_type_pre_object_type \<Rightarrow> bool
ArchTypes_H.RISCV64_H.narrowing_object_type_inst.narrowing_object_type	ExecSpec.ArchTypes_H	integer \<Rightarrow> object_type ??.Quickcheck_Narrowing.narrowing_cons
ArchStateData_H.RISCV64_H.random_kernel_state_inst.random_kernel_state	ExecSpec.ArchStateData_H	natural \<Rightarrow> natural \<times> natural               \<Rightarrow> (Arch.kernel_state \<times>                              (unit \<Rightarrow> term)) \<times>                             natural \<times> natural
ArchRetypeDecls_H.RISCV64_H.typerep_invocation_inst.typerep_invocation	ExecSpec.ArchRetypeDecls_H	Arch.invocation itself \<Rightarrow> typerep
ArchRetypeDecls_H.RISCV64_H.term_of_invocation_inst.term_of_invocation	ExecSpec.ArchRetypeDecls_H	Arch.invocation \<Rightarrow> term
ArchRetypeDecls_H.RISCV64_H.copy_register_sets.size_copy_register_sets	ExecSpec.ArchRetypeDecls_H	Arch.copy_register_sets \<Rightarrow> nat
ArchRetypeDecls_H.RISCV64_H.copy_register_sets.dtor_copy_register_sets	ExecSpec.ArchRetypeDecls_H	Arch.copy_register_sets \<Rightarrow> unit
ArchRetypeDecls_H.RISCV64_H.copy_register_sets.ctor_copy_register_sets	ExecSpec.ArchRetypeDecls_H	unit \<Rightarrow> Arch.copy_register_sets
ArchRetypeDecls_H.RISCV64_H.copy_register_sets.case_copy_register_sets	ExecSpec.ArchRetypeDecls_H	'a \<Rightarrow> Arch.copy_register_sets \<Rightarrow> 'a
Types_H.init_data.init_data_pre_init_data.Rep_init_data_pre_init_data	ExecSpec.Types_H	init_data_pre_init_data \<Rightarrow> ((64 word \<times> 64 word) list \<times>                64 word \<times> 64 word) \<times>               biframe_data \<times> 64 word \<times> 64 word
Types_H.init_data.init_data_pre_init_data.Abs_init_data_pre_init_data	ExecSpec.Types_H	((64 word \<times> 64 word) list \<times> 64 word \<times> 64 word) \<times> biframe_data \<times> 64 word \<times> 64 word \<Rightarrow> init_data_pre_init_data
Structures_H.partial_term_of_user_data_inst.partial_term_of_user_data	ExecSpec.Structures_H	user_data itself \<Rightarrow> ??.Quickcheck_Narrowing.narrowing_term \<Rightarrow> term
Structures_H.irqstate.irqstate_pre_irqstate.Rep_irqstate_pre_irqstate	ExecSpec.Structures_H	irqstate_pre_irqstate \<Rightarrow> (unit + unit) + unit + unit
Structures_H.irqstate.irqstate_pre_irqstate.Abs_irqstate_pre_irqstate	ExecSpec.Structures_H	(unit + unit) + unit + unit \<Rightarrow> irqstate_pre_irqstate
Structures_H.full_exhaustive_user_data_inst.full_exhaustive_user_data	ExecSpec.Structures_H	(user_data \<times> (unit \<Rightarrow> term)  \<Rightarrow> (bool \<times> term list) option) \<Rightarrow> natural \<Rightarrow> (bool \<times> term list) option
Structures_H.endpoint.endpoint_pre_endpoint.Rep_endpoint_pre_endpoint	ExecSpec.Structures_H	endpoint_pre_endpoint \<Rightarrow> 64 word list + unit + 64 word list
Structures_H.endpoint.endpoint_pre_endpoint.Abs_endpoint_pre_endpoint	ExecSpec.Structures_H	64 word list + unit + 64 word list \<Rightarrow> endpoint_pre_endpoint
PSpaceStorable_H.size_kernel_object_type_inst.size_kernel_object_type	ExecSpec.PSpaceStorable_H	kernel_object_type \<Rightarrow> nat
ObjectInstances_H.pspace_storable_user_data_inst.makeObject_user_data	ExecSpec.ObjectInstances_H	user_data
ObjectInstances_H.pspace_storable_user_data_inst.loadObject_user_data	ExecSpec.ObjectInstances_H	64 word \<Rightarrow> 64 word               \<Rightarrow> 64 word option                             \<Rightarrow> kernel_object     \<Rightarrow> (global.kernel_state, user_data) nondet_monad
ObjectInstances_H.pspace_storable_endpoint_inst.updateObject_endpoint	ExecSpec.ObjectInstances_H	endpoint \<Rightarrow> kernel_object               \<Rightarrow> 64 word                             \<Rightarrow> 64 word     \<Rightarrow> 64 word option                   \<Rightarrow> (global.kernel_state,                                  kernel_object) nondet_monad
ObjectInstances_H.pre_storable_user_data_inst.projectKO_opt_user_data	ExecSpec.ObjectInstances_H	kernel_object \<Rightarrow> user_data option
MachineTypes.RISCV64.random_hyp_fault_type_inst.random_hyp_fault_type	ExecSpec.MachineTypes	natural \<Rightarrow> natural \<times> natural               \<Rightarrow> (hyp_fault_type \<times>                              (unit \<Rightarrow> term)) \<times>                             natural \<times> natural
MachineTypes.RISCV64.pre_vmpage_size.vmpage_size.pred_pre_vmpage_size	ExecSpec.MachineTypes	('a \<Rightarrow> bool) \<Rightarrow> unit + unit + unit \<Rightarrow> bool
MachineTypes.RISCV64.narrowing_vmpage_size_inst.narrowing_vmpage_size	ExecSpec.MachineTypes	integer \<Rightarrow> vmpage_size ??.Quickcheck_Narrowing.narrowing_cons
MachineOps.RISCV64.pre_user_context.user_context.wit_pre_user_context	ExecSpec.MachineOps	RISCV64.user_context_pre_user_context
MachineOps.RISCV64.pre_user_context.user_context.set_pre_user_context	ExecSpec.MachineOps	RISCV64.user_context_pre_user_context \<Rightarrow> 'a set
MachineOps.RISCV64.pre_user_context.user_context.rel_pre_user_context	ExecSpec.MachineOps	('a \<Rightarrow> 'b \<Rightarrow> bool) \<Rightarrow> RISCV64.user_context_pre_user_context               \<Rightarrow> RISCV64.user_context_pre_user_context                             \<Rightarrow> bool
MachineOps.RISCV64.pre_user_context.user_context.map_pre_user_context	ExecSpec.MachineOps	('a \<Rightarrow> 'b) \<Rightarrow> RISCV64.user_context_pre_user_context               \<Rightarrow> RISCV64.user_context_pre_user_context
InvocationLabels_H.equal_invocation_label_inst.equal_invocation_label	ExecSpec.InvocationLabels_H	invocation_label \<Rightarrow> invocation_label \<Rightarrow> bool
Hardware_H.RISCV64_H.pte.typerep_pte_pre_pte_inst.typerep_pte_pre_pte	ExecSpec.Hardware_H	RISCV64_H.pte_pre_pte itself \<Rightarrow> typerep
Arch_Structs_B.RISCV64_H.riscvvspace_region_use.RISCVVSpaceUserRegion	ExecSpec.Arch_Structs_B	RISCV64_H.riscvvspace_region_use
ArchTypes_H.pre_apiobject_type.apiobject_type.pred_pre_apiobject_type	ExecSpec.ArchTypes_H	('a \<Rightarrow> bool) \<Rightarrow> apiobject_type_pre_apiobject_type \<Rightarrow> bool
ArchTypes_H.RISCV64_H.pre_object_type.object_type.wit_pre_object_type	ExecSpec.ArchTypes_H	RISCV64_H.object_type_pre_object_type
ArchTypes_H.RISCV64_H.pre_object_type.object_type.set_pre_object_type	ExecSpec.ArchTypes_H	RISCV64_H.object_type_pre_object_type \<Rightarrow> 'a set
ArchTypes_H.RISCV64_H.pre_object_type.object_type.rel_pre_object_type	ExecSpec.ArchTypes_H	('a \<Rightarrow> 'b \<Rightarrow> bool) \<Rightarrow> RISCV64_H.object_type_pre_object_type               \<Rightarrow> RISCV64_H.object_type_pre_object_type                             \<Rightarrow> bool
ArchTypes_H.RISCV64_H.pre_object_type.object_type.map_pre_object_type	ExecSpec.ArchTypes_H	('a \<Rightarrow> 'b) \<Rightarrow> RISCV64_H.object_type_pre_object_type               \<Rightarrow> RISCV64_H.object_type_pre_object_type
ArchStructures_H.RISCV64_H.arch_kernel_object.size_arch_kernel_object	ExecSpec.ArchStructures_H	arch_kernel_object \<Rightarrow> nat
ArchStructures_H.RISCV64_H.arch_kernel_object.dtor_arch_kernel_object	ExecSpec.ArchStructures_H	arch_kernel_object \<Rightarrow> RISCV64_H.asidpool + RISCV64_H.pte
ArchStructures_H.RISCV64_H.arch_kernel_object.ctor_arch_kernel_object	ExecSpec.ArchStructures_H	RISCV64_H.asidpool + RISCV64_H.pte \<Rightarrow> arch_kernel_object
ArchStructures_H.RISCV64_H.arch_kernel_object.case_arch_kernel_object	ExecSpec.ArchStructures_H	(RISCV64_H.asidpool \<Rightarrow> 'a) \<Rightarrow> (RISCV64_H.pte \<Rightarrow> 'a)               \<Rightarrow> arch_kernel_object \<Rightarrow> 'a
ArchRetypeDecls_H.RISCV64_H.page_invocation.ctor_fold_page_invocation	ExecSpec.ArchRetypeDecls_H	(RISCV64_H.page_invocation_pre_page_invocation \<Rightarrow> 'a) \<Rightarrow> RISCV64_H.page_invocation \<Rightarrow> 'a
ArchRetypeDecls_H.RISCV64_H.irqcontrol_invocation.issueHandlerTrigger	ExecSpec.ArchRetypeDecls_H	Arch.irqcontrol_invocation \<Rightarrow> bool
ArchRetypeDecls_H.RISCV64_H.copy_register_sets.rec_copy_register_sets	ExecSpec.ArchRetypeDecls_H	'a \<Rightarrow> Arch.copy_register_sets \<Rightarrow> 'a
ArchRetypeDecls_H.RISCV64_H.copy_register_sets.mor_copy_register_sets	ExecSpec.ArchRetypeDecls_H	'a set \<Rightarrow> (unit \<Rightarrow> 'a)               \<Rightarrow> 'b set                             \<Rightarrow> (unit \<Rightarrow> 'b)     \<Rightarrow> ('a \<Rightarrow> 'b) \<Rightarrow> bool
ArchRetypeDecls_H.RISCV64_H.copy_register_sets.alg_copy_register_sets	ExecSpec.ArchRetypeDecls_H	'a set \<Rightarrow> (unit \<Rightarrow> 'a) \<Rightarrow> bool
ArchRetypeDecls_H.RISCV64_H.copy_register_sets.Rep_copy_register_sets	ExecSpec.ArchRetypeDecls_H	Arch.copy_register_sets \<Rightarrow> RISCV64_H.copy_register_sets.copy_register_sets_IITN_copy_register_sets               \<Rightarrow> (nat + unit) set \<Rightarrow> bool
ArchRetypeDecls_H.RISCV64_H.copy_register_sets.Abs_copy_register_sets	ExecSpec.ArchRetypeDecls_H	(RISCV64_H.copy_register_sets.copy_register_sets_IITN_copy_register_sets  \<Rightarrow> (nat + unit) set \<Rightarrow> bool) \<Rightarrow> Arch.copy_register_sets
ArchInvocationLabels_H.RISCV64_H.arch_invocation_label.RISCVPageUnmap	ExecSpec.ArchInvocationLabels_H	arch_invocation_label
Types_H.pre_bidevice_region.bidevice_region.pred_pre_bidevice_region	ExecSpec.Types_H	('a \<Rightarrow> bool) \<Rightarrow> bidevice_region_pre_bidevice_region \<Rightarrow> bool
Structures_H.ntfn.typerep_ntfn_IITN_ntfn_inst.typerep_ntfn_IITN_ntfn	ExecSpec.Structures_H	ntfn.ntfn_IITN_ntfn itself \<Rightarrow> typerep
Structs_B.tcb_flag.tcb_flag_IITN_tcb_flag.Rep_tcb_flag_IITN_tcb_flag	ExecSpec.Structs_B	tcb_flag.tcb_flag_IITN_tcb_flag \<Rightarrow> ((nat + unit) set \<Rightarrow> bool) set \<times>               (unit \<Rightarrow> (nat + unit) set \<Rightarrow> bool)
Structs_B.tcb_flag.tcb_flag_IITN_tcb_flag.Abs_tcb_flag_IITN_tcb_flag	ExecSpec.Structs_B	((nat + unit) set \<Rightarrow> bool) set \<times> (unit \<Rightarrow> (nat + unit) set \<Rightarrow> bool) \<Rightarrow> tcb_flag.tcb_flag_IITN_tcb_flag
ObjectInstances_H.pre_storable_notification_inst.koType_notification	ExecSpec.ObjectInstances_H	notification itself \<Rightarrow> kernel_object_type
MachineTypes.RISCV64.pre_vmpage_size.vmpage_size.wit_pre_vmpage_size	ExecSpec.MachineTypes	unit + unit + unit
MachineTypes.RISCV64.pre_vmpage_size.vmpage_size.set_pre_vmpage_size	ExecSpec.MachineTypes	unit + unit + unit \<Rightarrow> 'a set
MachineTypes.RISCV64.pre_vmpage_size.vmpage_size.rel_pre_vmpage_size	ExecSpec.MachineTypes	('a \<Rightarrow> 'b \<Rightarrow> bool) \<Rightarrow> unit + unit + unit               \<Rightarrow> unit + unit + unit \<Rightarrow> bool
MachineTypes.RISCV64.pre_vmpage_size.vmpage_size.map_pre_vmpage_size	ExecSpec.MachineTypes	('a \<Rightarrow> 'b) \<Rightarrow> unit + unit + unit \<Rightarrow> unit + unit + unit
KernelStateData_H.kernel_state.kernel_state_ext.Rep_kernel_state_ext	ExecSpec.KernelStateData_H	'z kernel_state_scheme \<Rightarrow> ('z kernel_state_inner1 \<times>                'z kernel_state_inner2) \<times>               'z
KernelStateData_H.kernel_state.kernel_state_ext.Abs_kernel_state_ext	ExecSpec.KernelStateData_H	('z kernel_state_inner1 \<times> 'z kernel_state_inner2) \<times> 'z \<Rightarrow> 'z kernel_state_scheme
Invocations_H.typerep_cnode_invocation_inst.typerep_cnode_invocation	ExecSpec.Invocations_H	cnode_invocation itself \<Rightarrow> typerep
Invocations_H.term_of_cnode_invocation_inst.term_of_cnode_invocation	ExecSpec.Invocations_H	cnode_invocation \<Rightarrow> term
Invocations_H.random_domain_invocation_inst.random_domain_invocation	ExecSpec.Invocations_H	natural \<Rightarrow> natural \<times> natural               \<Rightarrow> (domain_invocation \<times>                              (unit \<Rightarrow> term)) \<times>                             natural \<times> natural
Invocations_H.pre_tcbinvocation.tcbinvocation.pred_pre_tcbinvocation	ExecSpec.Invocations_H	('a \<Rightarrow> bool) \<Rightarrow> tcbinvocation_pre_tcbinvocation \<Rightarrow> bool
Invocations_H.equal_untyped_invocation_inst.equal_untyped_invocation	ExecSpec.Invocations_H	untyped_invocation \<Rightarrow> untyped_invocation \<Rightarrow> bool
Fault_H.fault.typerep_fault_IITN_fault_inst.typerep_fault_IITN_fault	ExecSpec.Fault_H	fault.fault_IITN_fault itself \<Rightarrow> typerep
Event_H.event.typerep_event_IITN_event_inst.typerep_event_IITN_event	ExecSpec.Event_H	event.event_IITN_event itself \<Rightarrow> typerep
ArchTypes_H.pre_apiobject_type.apiobject_type.wit_pre_apiobject_type	ExecSpec.ArchTypes_H	apiobject_type_pre_apiobject_type
ArchTypes_H.pre_apiobject_type.apiobject_type.set_pre_apiobject_type	ExecSpec.ArchTypes_H	apiobject_type_pre_apiobject_type \<Rightarrow> 'a set
ArchTypes_H.pre_apiobject_type.apiobject_type.rel_pre_apiobject_type	ExecSpec.ArchTypes_H	('a \<Rightarrow> 'b \<Rightarrow> bool) \<Rightarrow> apiobject_type_pre_apiobject_type               \<Rightarrow> apiobject_type_pre_apiobject_type                             \<Rightarrow> bool
ArchTypes_H.pre_apiobject_type.apiobject_type.map_pre_apiobject_type	ExecSpec.ArchTypes_H	('a \<Rightarrow> 'b) \<Rightarrow> apiobject_type_pre_apiobject_type               \<Rightarrow> apiobject_type_pre_apiobject_type
ArchStructures_H.RISCV64_H.arch_kernel_object.rec_arch_kernel_object	ExecSpec.ArchStructures_H	(RISCV64_H.asidpool \<Rightarrow> 'a) \<Rightarrow> (RISCV64_H.pte \<Rightarrow> 'a)               \<Rightarrow> arch_kernel_object \<Rightarrow> 'a
ArchStructures_H.RISCV64_H.arch_kernel_object.mor_arch_kernel_object	ExecSpec.ArchStructures_H	'a set \<Rightarrow> (RISCV64_H.asidpool + RISCV64_H.pte \<Rightarrow> 'a)               \<Rightarrow> 'b set                             \<Rightarrow> (RISCV64_H.asidpool +      RISCV64_H.pte      \<Rightarrow> 'b)     \<Rightarrow> ('a \<Rightarrow> 'b) \<Rightarrow> bool
ArchStructures_H.RISCV64_H.arch_kernel_object.alg_arch_kernel_object	ExecSpec.ArchStructures_H	'a set \<Rightarrow> (RISCV64_H.asidpool + RISCV64_H.pte \<Rightarrow> 'a)               \<Rightarrow> bool
ArchStructures_H.RISCV64_H.arch_kernel_object.Rep_arch_kernel_object	ExecSpec.ArchStructures_H	arch_kernel_object \<Rightarrow> RISCV64_H.arch_kernel_object.arch_kernel_object_IITN_arch_kernel_object               \<Rightarrow> (nat + RISCV64_H.asidpool + RISCV64_H.pte) set                             \<Rightarrow> bool
ArchStructures_H.RISCV64_H.arch_kernel_object.Abs_arch_kernel_object	ExecSpec.ArchStructures_H	(RISCV64_H.arch_kernel_object.arch_kernel_object_IITN_arch_kernel_object  \<Rightarrow> (nat + RISCV64_H.asidpool + RISCV64_H.pte) set                \<Rightarrow> bool) \<Rightarrow> arch_kernel_object
ArchStructures_H.RISCV64_H.arch_capability.ctor_fold_arch_capability	ExecSpec.ArchStructures_H	(RISCV64_H.arch_capability_pre_arch_capability \<Rightarrow> 'a) \<Rightarrow> arch_capability \<Rightarrow> 'a
ArchRetypeDecls_H.RISCV64_H.random_invocation_inst.random_invocation	ExecSpec.ArchRetypeDecls_H	natural \<Rightarrow> natural \<times> natural               \<Rightarrow> (Arch.invocation \<times>                              (unit \<Rightarrow> term)) \<times>                             natural \<times> natural
ArchRetypeDecls_H.RISCV64_H.page_invocation.str_init_page_invocation	ExecSpec.ArchRetypeDecls_H	RISCV64_H.page_invocation_pre_page_invocation \<Rightarrow> RISCV64_H.page_invocation.page_invocation_IITN_page_invocation               \<Rightarrow> (nat +                              RISCV64_H.page_invocation_pre_page_invocation) set                             \<Rightarrow> bool
ArchRetypeDecls_H.RISCV64_H.page_invocation.ctor_rec_page_invocation	ExecSpec.ArchRetypeDecls_H	(RISCV64_H.page_invocation_pre_page_invocation \<Rightarrow> 'a) \<Rightarrow> RISCV64_H.page_invocation \<Rightarrow> 'a
ArchRetypeDecls_H.RISCV64_H.copy_register_sets.RISCVNoExtraRegisters	ExecSpec.ArchRetypeDecls_H	Arch.copy_register_sets
Types_H.pre_bidevice_region.bidevice_region.wit_pre_bidevice_region	ExecSpec.Types_H	bidevice_region_pre_bidevice_region
Types_H.pre_bidevice_region.bidevice_region.set_pre_bidevice_region	ExecSpec.Types_H	bidevice_region_pre_bidevice_region \<Rightarrow> 'a set
Types_H.pre_bidevice_region.bidevice_region.rel_pre_bidevice_region	ExecSpec.Types_H	('a \<Rightarrow> 'b \<Rightarrow> bool) \<Rightarrow> bidevice_region_pre_bidevice_region               \<Rightarrow> bidevice_region_pre_bidevice_region                             \<Rightarrow> bool
Types_H.pre_bidevice_region.bidevice_region.map_pre_bidevice_region	ExecSpec.Types_H	('a \<Rightarrow> 'b) \<Rightarrow> bidevice_region_pre_bidevice_region               \<Rightarrow> bidevice_region_pre_bidevice_region
Structures_H.typerep_user_data_device_inst.typerep_user_data_device	ExecSpec.Structures_H	user_data_device itself \<Rightarrow> typerep
Structures_H.typerep_scheduler_action_inst.typerep_scheduler_action	ExecSpec.Structures_H	scheduler_action itself \<Rightarrow> typerep
Structures_H.term_of_user_data_device_inst.term_of_user_data_device	ExecSpec.Structures_H	user_data_device \<Rightarrow> term
Structures_H.term_of_scheduler_action_inst.term_of_scheduler_action	ExecSpec.Structures_H	scheduler_action \<Rightarrow> term
Structures_H.pre_kernel_object.kernel_object.pred_pre_kernel_object	ExecSpec.Structures_H	('a \<Rightarrow> bool) \<Rightarrow> kernel_object_pre_kernel_object \<Rightarrow> bool
Structures_H.partial_term_of_irqstate_inst.partial_term_of_irqstate	ExecSpec.Structures_H	irqstate itself \<Rightarrow> ??.Quickcheck_Narrowing.narrowing_term \<Rightarrow> term
Structures_H.partial_term_of_endpoint_inst.partial_term_of_endpoint	ExecSpec.Structures_H	endpoint itself \<Rightarrow> ??.Quickcheck_Narrowing.narrowing_term \<Rightarrow> term
Structures_H.full_exhaustive_irqstate_inst.full_exhaustive_irqstate	ExecSpec.Structures_H	(irqstate \<times> (unit \<Rightarrow> term)  \<Rightarrow> (bool \<times> term list) option) \<Rightarrow> natural \<Rightarrow> (bool \<times> term list) option
Structures_H.full_exhaustive_endpoint_inst.full_exhaustive_endpoint	ExecSpec.Structures_H	(endpoint \<times> (unit \<Rightarrow> term)  \<Rightarrow> (bool \<times> term list) option) \<Rightarrow> natural \<Rightarrow> (bool \<times> term list) option
ObjectInstances_H.pspace_storable_endpoint_inst.makeObject_endpoint	ExecSpec.ObjectInstances_H	endpoint
ObjectInstances_H.pspace_storable_endpoint_inst.loadObject_endpoint	ExecSpec.ObjectInstances_H	64 word \<Rightarrow> 64 word               \<Rightarrow> 64 word option                             \<Rightarrow> kernel_object     \<Rightarrow> (global.kernel_state, endpoint) nondet_monad
ObjectInstances_H.pre_storable_endpoint_inst.projectKO_opt_endpoint	ExecSpec.ObjectInstances_H	kernel_object \<Rightarrow> endpoint option
MachineTypes.RISCV64.typerep_vmfault_type_inst.typerep_vmfault_type	ExecSpec.MachineTypes	vmfault_type itself \<Rightarrow> typerep
MachineTypes.RISCV64.term_of_vmfault_type_inst.term_of_vmfault_type	ExecSpec.MachineTypes	vmfault_type \<Rightarrow> term
Invocations_H.pre_tcbinvocation.tcbinvocation.wit_pre_tcbinvocation	ExecSpec.Invocations_H	tcbinvocation_pre_tcbinvocation
Invocations_H.pre_tcbinvocation.tcbinvocation.set_pre_tcbinvocation	ExecSpec.Invocations_H	tcbinvocation_pre_tcbinvocation \<Rightarrow> 'a set
Invocations_H.pre_tcbinvocation.tcbinvocation.rel_pre_tcbinvocation	ExecSpec.Invocations_H	('a \<Rightarrow> 'b \<Rightarrow> bool) \<Rightarrow> tcbinvocation_pre_tcbinvocation               \<Rightarrow> tcbinvocation_pre_tcbinvocation                             \<Rightarrow> bool
Invocations_H.pre_tcbinvocation.tcbinvocation.map_pre_tcbinvocation	ExecSpec.Invocations_H	('a \<Rightarrow> 'b) \<Rightarrow> tcbinvocation_pre_tcbinvocation               \<Rightarrow> tcbinvocation_pre_tcbinvocation
Invocations_H.irqhandler_invocation.ctor_fold_irqhandler_invocation	ExecSpec.Invocations_H	(irqhandler_invocation_pre_irqhandler_invocation \<Rightarrow> 'a) \<Rightarrow> irqhandler_invocation \<Rightarrow> 'a
Invocations_H.irqcontrol_invocation.ctor_fold_irqcontrol_invocation	ExecSpec.Invocations_H	(irqcontrol_invocation_pre_irqcontrol_invocation \<Rightarrow> 'a) \<Rightarrow> irqcontrol_invocation \<Rightarrow> 'a
InvocationLabels_H.size_invocation_label_inst.size_invocation_label	ExecSpec.InvocationLabels_H	invocation_label \<Rightarrow> nat
InvocationLabels_H.gen_invocation_labels.size_gen_invocation_labels	ExecSpec.InvocationLabels_H	gen_invocation_labels \<Rightarrow> nat
InvocationLabels_H.gen_invocation_labels.dtor_gen_invocation_labels	ExecSpec.InvocationLabels_H	gen_invocation_labels \<Rightarrow> gen_invocation_labels_pre_gen_invocation_labels
InvocationLabels_H.gen_invocation_labels.ctor_gen_invocation_labels	ExecSpec.InvocationLabels_H	gen_invocation_labels_pre_gen_invocation_labels \<Rightarrow> gen_invocation_labels
InvocationLabels_H.gen_invocation_labels.case_gen_invocation_labels	ExecSpec.InvocationLabels_H	'a \<Rightarrow> 'a \<Rightarrow> 'a \<Rightarrow> 'a              \<Rightarrow> 'a \<Rightarrow> 'a       \<Rightarrow> 'a \<Rightarrow> 'a \<Rightarrow> 'a                 \<Rightarrow> 'a \<Rightarrow> 'a          \<Rightarrow> 'a \<Rightarrow> 'a   \<Rightarrow> 'a \<Rightarrow> 'a \<Rightarrow> 'a             \<Rightarrow> 'a \<Rightarrow> 'a      \<Rightarrow> 'a \<Rightarrow> 'a \<Rightarrow> 'a                \<Rightarrow> 'a \<Rightarrow> 'a         \<Rightarrow> 'a \<Rightarrow> 'a  \<Rightarrow> 'a \<Rightarrow> 'a \<Rightarrow> 'a            \<Rightarrow> 'a \<Rightarrow> 'a     \<Rightarrow> 'a \<Rightarrow> 'a \<Rightarrow> 'a               \<Rightarrow> gen_invocation_labels \<Rightarrow> 'a
InvocationLabels_H.enum_invocation_label_inst.enum_invocation_label	ExecSpec.InvocationLabels_H	invocation_label list
ArchStructures_H.RISCV64_H.arch_capability.str_init_arch_capability	ExecSpec.ArchStructures_H	RISCV64_H.arch_capability_pre_arch_capability \<Rightarrow> RISCV64_H.arch_capability.arch_capability_IITN_arch_capability               \<Rightarrow> (nat +                              RISCV64_H.arch_capability_pre_arch_capability) set                             \<Rightarrow> bool
ArchStructures_H.RISCV64_H.arch_capability.ctor_rec_arch_capability	ExecSpec.ArchStructures_H	(RISCV64_H.arch_capability_pre_arch_capability \<Rightarrow> 'a) \<Rightarrow> arch_capability \<Rightarrow> 'a
ArchRetypeDecls_H.RISCV64_H.page_table_invocation.is_PageTableUnmap	ExecSpec.ArchRetypeDecls_H	RISCV64_H.page_table_invocation \<Rightarrow> bool
ArchRetypeDecls_H.RISCV64_H.page_invocation.min_alg_page_invocation	ExecSpec.ArchRetypeDecls_H	(RISCV64_H.page_invocation_pre_page_invocation \<Rightarrow> 'a) \<Rightarrow> 'a set
ArchInvocationLabels_H.RISCV64_H.arch_invocation_label.RISCVPageMap	ExecSpec.ArchInvocationLabels_H	arch_invocation_label
ArchFault_H.RISCV64_H.pre_arch_fault.arch_fault.pred_pre_arch_fault	ExecSpec.ArchFault_H	('a \<Rightarrow> bool) \<Rightarrow> RISCV64_H.arch_fault_pre_arch_fault \<Rightarrow> bool
Types_H.partial_term_of_cap_rights_inst.partial_term_of_cap_rights	ExecSpec.Types_H	cap_rights itself \<Rightarrow> ??.Quickcheck_Narrowing.narrowing_term \<Rightarrow> term
Types_H.full_exhaustive_cap_rights_inst.full_exhaustive_cap_rights	ExecSpec.Types_H	(cap_rights \<times> (unit \<Rightarrow> term)  \<Rightarrow> (bool \<times> term list) option) \<Rightarrow> natural \<Rightarrow> (bool \<times> term list) option
Structures_H.pre_kernel_object.kernel_object.wit_pre_kernel_object	ExecSpec.Structures_H	kernel_object_pre_kernel_object
Structures_H.pre_kernel_object.kernel_object.set_pre_kernel_object	ExecSpec.Structures_H	kernel_object_pre_kernel_object \<Rightarrow> 'a set
Structures_H.pre_kernel_object.kernel_object.rel_pre_kernel_object	ExecSpec.Structures_H	('a \<Rightarrow> 'b \<Rightarrow> bool) \<Rightarrow> kernel_object_pre_kernel_object               \<Rightarrow> kernel_object_pre_kernel_object                             \<Rightarrow> bool
Structures_H.pre_kernel_object.kernel_object.map_pre_kernel_object	ExecSpec.Structures_H	('a \<Rightarrow> 'b) \<Rightarrow> kernel_object_pre_kernel_object               \<Rightarrow> kernel_object_pre_kernel_object
Structures_H.ntfn.typerep_ntfn_pre_ntfn_inst.typerep_ntfn_pre_ntfn	ExecSpec.Structures_H	ntfn_pre_ntfn itself \<Rightarrow> typerep
Structures_H.mdbnode.mdbnode_IITN_mdbnode.Rep_mdbnode_IITN_mdbnode	ExecSpec.Structures_H	mdbnode.mdbnode_IITN_mdbnode \<Rightarrow> ((nat + mdbnode_pre_mdbnode) set                \<Rightarrow> bool) set \<times>               (mdbnode_pre_mdbnode                \<Rightarrow> (nat + mdbnode_pre_mdbnode) set                              \<Rightarrow> bool)
Structures_H.mdbnode.mdbnode_IITN_mdbnode.Abs_mdbnode_IITN_mdbnode	ExecSpec.Structures_H	((nat + mdbnode_pre_mdbnode) set \<Rightarrow> bool) set \<times> (mdbnode_pre_mdbnode  \<Rightarrow> (nat + mdbnode_pre_mdbnode) set \<Rightarrow> bool) \<Rightarrow> mdbnode.mdbnode_IITN_mdbnode
MachineTypes.machine_state.machine_state_ext.Rep_machine_state_ext	ExecSpec.MachineTypes	'z RISCV64.machine_state_scheme \<Rightarrow> (((6 word \<Rightarrow> bool) \<times> nat) \<times>                (64 word \<Rightarrow> 8 word) \<times>                (64 word \<Rightarrow> 8 word option) \<times>                machine_state_rest) \<times>               'z
MachineTypes.machine_state.machine_state_ext.Abs_machine_state_ext	ExecSpec.MachineTypes	(((6 word \<Rightarrow> bool) \<times> nat) \<times>  (64 word \<Rightarrow> 8 word) \<times>  (64 word \<Rightarrow> 8 word option) \<times> machine_state_rest) \<times> 'z \<Rightarrow> 'z RISCV64.machine_state_scheme
Invocations_H.size_untyped_invocation_inst.size_untyped_invocation	ExecSpec.Invocations_H	untyped_invocation \<Rightarrow> nat
Invocations_H.random_cnode_invocation_inst.random_cnode_invocation	ExecSpec.Invocations_H	natural \<Rightarrow> natural \<times> natural               \<Rightarrow> (cnode_invocation \<times>                              (unit \<Rightarrow> term)) \<times>                             natural \<times> natural
Invocations_H.irqhandler_invocation.str_init_irqhandler_invocation	ExecSpec.Invocations_H	irqhandler_invocation_pre_irqhandler_invocation \<Rightarrow> irqhandler_invocation.irqhandler_invocation_IITN_irqhandler_invocation               \<Rightarrow> (nat +                              irqhandler_invocation_pre_irqhandler_invocation) set                             \<Rightarrow> bool
Invocations_H.irqhandler_invocation.ctor_rec_irqhandler_invocation	ExecSpec.Invocations_H	(irqhandler_invocation_pre_irqhandler_invocation \<Rightarrow> 'a) \<Rightarrow> irqhandler_invocation \<Rightarrow> 'a
Invocations_H.irqcontrol_invocation.str_init_irqcontrol_invocation	ExecSpec.Invocations_H	irqcontrol_invocation_pre_irqcontrol_invocation \<Rightarrow> irqcontrol_invocation.irqcontrol_invocation_IITN_irqcontrol_invocation               \<Rightarrow> (nat +                              irqcontrol_invocation_pre_irqcontrol_invocation) set                             \<Rightarrow> bool
Invocations_H.irqcontrol_invocation.ctor_rec_irqcontrol_invocation	ExecSpec.Invocations_H	(irqcontrol_invocation_pre_irqcontrol_invocation \<Rightarrow> 'a) \<Rightarrow> irqcontrol_invocation \<Rightarrow> 'a
Invocations_H.equal_domain_invocation_inst.equal_domain_invocation	ExecSpec.Invocations_H	domain_invocation \<Rightarrow> domain_invocation \<Rightarrow> bool
InvocationLabels_H.gen_invocation_labels.rec_gen_invocation_labels	ExecSpec.InvocationLabels_H	'a \<Rightarrow> 'a \<Rightarrow> 'a \<Rightarrow> 'a              \<Rightarrow> 'a \<Rightarrow> 'a       \<Rightarrow> 'a \<Rightarrow> 'a \<Rightarrow> 'a                 \<Rightarrow> 'a \<Rightarrow> 'a          \<Rightarrow> 'a \<Rightarrow> 'a   \<Rightarrow> 'a \<Rightarrow> 'a \<Rightarrow> 'a             \<Rightarrow> 'a \<Rightarrow> 'a      \<Rightarrow> 'a \<Rightarrow> 'a \<Rightarrow> 'a                \<Rightarrow> 'a \<Rightarrow> 'a         \<Rightarrow> 'a \<Rightarrow> 'a  \<Rightarrow> 'a \<Rightarrow> 'a \<Rightarrow> 'a            \<Rightarrow> 'a \<Rightarrow> 'a     \<Rightarrow> 'a \<Rightarrow> 'a \<Rightarrow> 'a               \<Rightarrow> gen_invocation_labels \<Rightarrow> 'a
InvocationLabels_H.gen_invocation_labels.mor_gen_invocation_labels	ExecSpec.InvocationLabels_H	'a set \<Rightarrow> (gen_invocation_labels_pre_gen_invocation_labels                \<Rightarrow> 'a)               \<Rightarrow> 'b set                             \<Rightarrow> (gen_invocation_labels_pre_gen_invocation_labels      \<Rightarrow> 'b)     \<Rightarrow> ('a \<Rightarrow> 'b) \<Rightarrow> bool
InvocationLabels_H.gen_invocation_labels.alg_gen_invocation_labels	ExecSpec.InvocationLabels_H	'a set \<Rightarrow> (gen_invocation_labels_pre_gen_invocation_labels                \<Rightarrow> 'a)               \<Rightarrow> bool
InvocationLabels_H.gen_invocation_labels.Rep_gen_invocation_labels	ExecSpec.InvocationLabels_H	gen_invocation_labels \<Rightarrow> gen_invocation_labels.gen_invocation_labels_IITN_gen_invocation_labels               \<Rightarrow> (nat +                              gen_invocation_labels_pre_gen_invocation_labels) set                             \<Rightarrow> bool
InvocationLabels_H.gen_invocation_labels.Abs_gen_invocation_labels	ExecSpec.InvocationLabels_H	(gen_invocation_labels.gen_invocation_labels_IITN_gen_invocation_labels  \<Rightarrow> (nat + gen_invocation_labels_pre_gen_invocation_labels) set                \<Rightarrow> bool) \<Rightarrow> gen_invocation_labels
Fault_H.fault.typerep_fault_pre_fault_inst.typerep_fault_pre_fault	ExecSpec.Fault_H	fault_pre_fault itself \<Rightarrow> typerep
Event_H.event.typerep_event_pre_event_inst.typerep_event_pre_event	ExecSpec.Event_H	event_pre_event itself \<Rightarrow> typerep
ArchTypes_H.narrowing_apiobject_type_inst.narrowing_apiobject_type	ExecSpec.ArchTypes_H	integer \<Rightarrow> apiobject_type ??.Quickcheck_Narrowing.narrowing_cons
ArchTypes_H.RISCV64_H.typerep_object_type_inst.typerep_object_type	ExecSpec.ArchTypes_H	object_type itself \<Rightarrow> typerep
ArchTypes_H.RISCV64_H.term_of_object_type_inst.term_of_object_type	ExecSpec.ArchTypes_H	object_type \<Rightarrow> term
ArchStructures_H.RISCV64_H.pre_asidpool.asidpool.pred_pre_asidpool	ExecSpec.ArchStructures_H	('a \<Rightarrow> bool) \<Rightarrow> RISCV64_H.asidpool_pre_asidpool \<Rightarrow> bool
ArchStructures_H.RISCV64_H.pre_arch_tcb.arch_tcb.pred_pre_arch_tcb	ExecSpec.ArchStructures_H	('a \<Rightarrow> bool) \<Rightarrow> user_context \<Rightarrow> bool
ArchStructures_H.RISCV64_H.arch_capability.min_alg_arch_capability	ExecSpec.ArchStructures_H	(RISCV64_H.arch_capability_pre_arch_capability \<Rightarrow> 'a) \<Rightarrow> 'a set
ArchStateData_H.RISCV64_H.size_kernel_state_inst.size_kernel_state	ExecSpec.ArchStateData_H	Arch.kernel_state \<Rightarrow> nat
ArchRetypeDecls_H.RISCV64_H.irqcontrol_invocation.issueHandlerSlot	ExecSpec.ArchRetypeDecls_H	Arch.irqcontrol_invocation \<Rightarrow> 64 word
ArchObjInsts_H.pspace_storable_asidpool_inst.updateObject_asidpool	ExecSpec.ArchObjInsts_H	RISCV64_H.asidpool \<Rightarrow> kernel_object               \<Rightarrow> 64 word                             \<Rightarrow> 64 word     \<Rightarrow> 64 word option                   \<Rightarrow> (global.kernel_state,                                  kernel_object) nondet_monad
ArchFault_H.RISCV64_H.pre_arch_fault.arch_fault.wit_pre_arch_fault	ExecSpec.ArchFault_H	RISCV64_H.arch_fault_pre_arch_fault
ArchFault_H.RISCV64_H.pre_arch_fault.arch_fault.set_pre_arch_fault	ExecSpec.ArchFault_H	RISCV64_H.arch_fault_pre_arch_fault \<Rightarrow> 'a set
ArchFault_H.RISCV64_H.pre_arch_fault.arch_fault.rel_pre_arch_fault	ExecSpec.ArchFault_H	('a \<Rightarrow> 'b \<Rightarrow> bool) \<Rightarrow> RISCV64_H.arch_fault_pre_arch_fault               \<Rightarrow> RISCV64_H.arch_fault_pre_arch_fault                             \<Rightarrow> bool
ArchFault_H.RISCV64_H.pre_arch_fault.arch_fault.map_pre_arch_fault	ExecSpec.ArchFault_H	('a \<Rightarrow> 'b) \<Rightarrow> RISCV64_H.arch_fault_pre_arch_fault               \<Rightarrow> RISCV64_H.arch_fault_pre_arch_fault
Structures_H.typerep_interrupt_state_inst.typerep_interrupt_state	ExecSpec.Structures_H	interrupt_state itself \<Rightarrow> typerep
Structures_H.term_of_interrupt_state_inst.term_of_interrupt_state	ExecSpec.Structures_H	interrupt_state \<Rightarrow> term
Structures_H.random_user_data_device_inst.random_user_data_device	ExecSpec.Structures_H	natural \<Rightarrow> natural \<times> natural               \<Rightarrow> (user_data_device \<times>                              (unit \<Rightarrow> term)) \<times>                             natural \<times> natural
Structures_H.random_scheduler_action_inst.random_scheduler_action	ExecSpec.Structures_H	natural \<Rightarrow> natural \<times> natural               \<Rightarrow> (scheduler_action \<times>                              (unit \<Rightarrow> term)) \<times>                             natural \<times> natural
Structures_H.partial_term_of_mdbnode_inst.partial_term_of_mdbnode	ExecSpec.Structures_H	mdbnode itself \<Rightarrow> ??.Quickcheck_Narrowing.narrowing_term \<Rightarrow> term
Structures_H.full_exhaustive_mdbnode_inst.full_exhaustive_mdbnode	ExecSpec.Structures_H	(mdbnode \<times> (unit \<Rightarrow> term)  \<Rightarrow> (bool \<times> term list) option) \<Rightarrow> natural \<Rightarrow> (bool \<times> term list) option
MachineTypes.RISCV64.typerep_vmpage_size_inst.typerep_vmpage_size	ExecSpec.MachineTypes	vmpage_size itself \<Rightarrow> typerep
MachineTypes.RISCV64.term_of_vmpage_size_inst.term_of_vmpage_size	ExecSpec.MachineTypes	vmpage_size \<Rightarrow> term
MachineTypes.RISCV64.size_hyp_fault_type_inst.size_hyp_fault_type	ExecSpec.MachineTypes	hyp_fault_type \<Rightarrow> nat
MachineTypes.RISCV64.random_vmfault_type_inst.random_vmfault_type	ExecSpec.MachineTypes	natural \<Rightarrow> natural \<times> natural               \<Rightarrow> (vmfault_type \<times>                              (unit \<Rightarrow> term)) \<times>                             natural \<times> natural
MachineOps.RISCV64.typerep_user_context_inst.typerep_user_context	ExecSpec.MachineOps	user_context itself \<Rightarrow> typerep
KernelInitMonad_H.init_data.init_data_ext.init_data_ext_Tuple_Iso	ExecSpec.KernelInitMonad_H	('z init_data_scheme,  ((64 word \<times> 64 word) list \<times>   64 word \<times> 64 word) \<times>  biframe_data \<times> 64 word \<times> global.kernel_state,  'z) tuple_isomorphism
Invocations_H.irqhandler_invocation.min_alg_irqhandler_invocation	ExecSpec.Invocations_H	(irqhandler_invocation_pre_irqhandler_invocation \<Rightarrow> 'a) \<Rightarrow> 'a set
Invocations_H.irqcontrol_invocation.min_alg_irqcontrol_invocation	ExecSpec.Invocations_H	(irqcontrol_invocation_pre_irqcontrol_invocation \<Rightarrow> 'a) \<Rightarrow> 'a set
Hardware_H.RISCV64_H.full_exhaustive_pte_inst.full_exhaustive_pte	ExecSpec.Hardware_H	(RISCV64_H.pte \<times> (unit \<Rightarrow> term)  \<Rightarrow> (bool \<times> term list) option) \<Rightarrow> natural \<Rightarrow> (bool \<times> term list) option
Fault_H.pre_lookup_failure.lookup_failure.pred_pre_lookup_failure	ExecSpec.Fault_H	('a \<Rightarrow> bool) \<Rightarrow> lookup_failure_pre_lookup_failure \<Rightarrow> bool
ArchStructures_H.RISCV64_H.typerep_asidpool_inst.typerep_asidpool	ExecSpec.ArchStructures_H	RISCV64_H.asidpool itself \<Rightarrow> typerep
ArchStructures_H.RISCV64_H.typerep_arch_tcb_inst.typerep_arch_tcb	ExecSpec.ArchStructures_H	arch_tcb itself \<Rightarrow> typerep
ArchStructures_H.RISCV64_H.term_of_asidpool_inst.term_of_asidpool	ExecSpec.ArchStructures_H	RISCV64_H.asidpool \<Rightarrow> term
ArchStructures_H.RISCV64_H.pre_asidpool.asidpool.wit_pre_asidpool	ExecSpec.ArchStructures_H	RISCV64_H.asidpool_pre_asidpool
ArchStructures_H.RISCV64_H.pre_asidpool.asidpool.set_pre_asidpool	ExecSpec.ArchStructures_H	RISCV64_H.asidpool_pre_asidpool \<Rightarrow> 'a set
ArchStructures_H.RISCV64_H.pre_asidpool.asidpool.rel_pre_asidpool	ExecSpec.ArchStructures_H	('a \<Rightarrow> 'b \<Rightarrow> bool) \<Rightarrow> RISCV64_H.asidpool_pre_asidpool               \<Rightarrow> RISCV64_H.asidpool_pre_asidpool                             \<Rightarrow> bool
ArchStructures_H.RISCV64_H.pre_asidpool.asidpool.map_pre_asidpool	ExecSpec.ArchStructures_H	('a \<Rightarrow> 'b) \<Rightarrow> RISCV64_H.asidpool_pre_asidpool               \<Rightarrow> RISCV64_H.asidpool_pre_asidpool
ArchStructures_H.RISCV64_H.pre_arch_tcb.arch_tcb.wit_pre_arch_tcb	ExecSpec.ArchStructures_H	user_context
ArchStructures_H.RISCV64_H.pre_arch_tcb.arch_tcb.set_pre_arch_tcb	ExecSpec.ArchStructures_H	user_context \<Rightarrow> 'a set
ArchStructures_H.RISCV64_H.pre_arch_tcb.arch_tcb.rel_pre_arch_tcb	ExecSpec.ArchStructures_H	('a \<Rightarrow> 'b \<Rightarrow> bool) \<Rightarrow> user_context \<Rightarrow> user_context \<Rightarrow> bool
ArchStructures_H.RISCV64_H.pre_arch_tcb.arch_tcb.map_pre_arch_tcb	ExecSpec.ArchStructures_H	('a \<Rightarrow> 'b) \<Rightarrow> user_context \<Rightarrow> user_context
ArchRetypeDecls_H.RISCV64_H.irqcontrol_invocation.issueHandlerIRQ	ExecSpec.ArchRetypeDecls_H	Arch.irqcontrol_invocation \<Rightarrow> 6 word
ArchRetypeDecls_H.RISCV64_H.irqcontrol_invocation.IssueIRQHandler	ExecSpec.ArchRetypeDecls_H	6 word \<Rightarrow> 64 word               \<Rightarrow> 64 word                             \<Rightarrow> bool     \<Rightarrow> Arch.irqcontrol_invocation
ArchRetypeDecls_H.RISCV64_H.asidcontrol_invocation.makePoolParent	ExecSpec.ArchRetypeDecls_H	RISCV64_H.asidcontrol_invocation \<Rightarrow> 64 word
ArchInvocationLabels_H.RISCV64_H.random_aux_arch_invocation_label	ExecSpec.ArchInvocationLabels_H	natural \<Rightarrow> natural               \<Rightarrow> natural \<times> natural                             \<Rightarrow> (arch_invocation_label \<times>      (unit \<Rightarrow> term)) \<times>     natural \<times> natural
Types_H.partial_term_of_init_data_inst.partial_term_of_init_data	ExecSpec.Types_H	Types_H.init_data itself \<Rightarrow> ??.Quickcheck_Narrowing.narrowing_term \<Rightarrow> term
Types_H.full_exhaustive_init_data_inst.full_exhaustive_init_data	ExecSpec.Types_H	(Types_H.init_data \<times> (unit \<Rightarrow> term)  \<Rightarrow> (bool \<times> term list) option) \<Rightarrow> natural \<Rightarrow> (bool \<times> term list) option
Structures_H.pre_thread_state.thread_state.pred_pre_thread_state	ExecSpec.Structures_H	('a \<Rightarrow> bool) \<Rightarrow> thread_state_pre_thread_state \<Rightarrow> bool
Structures_H.pre_notification.notification.pred_pre_notification	ExecSpec.Structures_H	('a \<Rightarrow> bool) \<Rightarrow> notification_pre_notification \<Rightarrow> bool
Structures_H.mdbnode.mdbnode_pre_mdbnode.Rep_mdbnode_pre_mdbnode	ExecSpec.Structures_H	mdbnode_pre_mdbnode \<Rightarrow> (64 word \<times> 64 word) \<times> bool \<times> bool
Structures_H.mdbnode.mdbnode_pre_mdbnode.Abs_mdbnode_pre_mdbnode	ExecSpec.Structures_H	(64 word \<times> 64 word) \<times> bool \<times> bool \<Rightarrow> mdbnode_pre_mdbnode
Structs_B.partial_term_of_tcb_flag_inst.partial_term_of_tcb_flag	ExecSpec.Structs_B	tcb_flag itself \<Rightarrow> ??.Quickcheck_Narrowing.narrowing_term \<Rightarrow> term
Structs_B.full_exhaustive_tcb_flag_inst.full_exhaustive_tcb_flag	ExecSpec.Structs_B	(tcb_flag \<times> (unit \<Rightarrow> term)  \<Rightarrow> (bool \<times> term list) option) \<Rightarrow> natural \<Rightarrow> (bool \<times> term list) option
PSpaceStorable_H.kernel_object_type.ctor_fold_kernel_object_type	ExecSpec.PSpaceStorable_H	(kernel_object_type_pre_kernel_object_type \<Rightarrow> 'a) \<Rightarrow> kernel_object_type \<Rightarrow> 'a
ObjectInstances_H.pre_storable_user_data_inst.injectKO_user_data	ExecSpec.ObjectInstances_H	user_data \<Rightarrow> kernel_object
Invocations_H.size_domain_invocation_inst.size_domain_invocation	ExecSpec.Invocations_H	domain_invocation \<Rightarrow> nat
Invocations_H.equal_cnode_invocation_inst.equal_cnode_invocation	ExecSpec.Invocations_H	cnode_invocation \<Rightarrow> cnode_invocation \<Rightarrow> bool
Invocations_H.domain_invocation.is_InvokeDomainScheduleConfigure	ExecSpec.Invocations_H	domain_invocation \<Rightarrow> bool
InvocationLabels_H.gen_invocation_labels.DomainScheduleConfigure	ExecSpec.InvocationLabels_H	gen_invocation_labels
Fault_H.pre_lookup_failure.lookup_failure.wit_pre_lookup_failure	ExecSpec.Fault_H	lookup_failure_pre_lookup_failure
Fault_H.pre_lookup_failure.lookup_failure.set_pre_lookup_failure	ExecSpec.Fault_H	lookup_failure_pre_lookup_failure \<Rightarrow> 'a set
Fault_H.pre_lookup_failure.lookup_failure.rel_pre_lookup_failure	ExecSpec.Fault_H	('a \<Rightarrow> 'b \<Rightarrow> bool) \<Rightarrow> lookup_failure_pre_lookup_failure               \<Rightarrow> lookup_failure_pre_lookup_failure                             \<Rightarrow> bool
Fault_H.pre_lookup_failure.lookup_failure.map_pre_lookup_failure	ExecSpec.Fault_H	('a \<Rightarrow> 'b) \<Rightarrow> lookup_failure_pre_lookup_failure               \<Rightarrow> lookup_failure_pre_lookup_failure
ArchTypes_H.enum_alt_apiobject_type_inst.enum_alt_apiobject_type	ExecSpec.ArchTypes_H	nat \<Rightarrow> apiobject_type option
ArchTypes_H.RISCV64_H.random_object_type_inst.random_object_type	ExecSpec.ArchTypes_H	natural \<Rightarrow> natural \<times> natural               \<Rightarrow> (object_type \<times>                              (unit \<Rightarrow> term)) \<times>                             natural \<times> natural
ArchRetypeDecls_H.RISCV64_H.size_invocation_inst.size_invocation	ExecSpec.ArchRetypeDecls_H	Arch.invocation \<Rightarrow> nat
ArchRetypeDecls_H.RISCV64_H.page_table_invocation.ptUnmapCapSlot	ExecSpec.ArchRetypeDecls_H	RISCV64_H.page_table_invocation \<Rightarrow> 64 word
ArchRetypeDecls_H.RISCV64_H.page_table_invocation.PageTableUnmap	ExecSpec.ArchRetypeDecls_H	arch_capability \<Rightarrow> 64 word \<Rightarrow> RISCV64_H.page_table_invocation
ArchRetypeDecls_H.RISCV64_H.page_invocation.size_page_invocation	ExecSpec.ArchRetypeDecls_H	RISCV64_H.page_invocation \<Rightarrow> nat
ArchRetypeDecls_H.RISCV64_H.page_invocation.dtor_page_invocation	ExecSpec.ArchRetypeDecls_H	RISCV64_H.page_invocation \<Rightarrow> RISCV64_H.page_invocation_pre_page_invocation
ArchRetypeDecls_H.RISCV64_H.page_invocation.ctor_page_invocation	ExecSpec.ArchRetypeDecls_H	RISCV64_H.page_invocation_pre_page_invocation \<Rightarrow> RISCV64_H.page_invocation
ArchRetypeDecls_H.RISCV64_H.page_invocation.case_page_invocation	ExecSpec.ArchRetypeDecls_H	(64 word \<Rightarrow> 'a) \<Rightarrow> (capability                \<Rightarrow> 64 word                              \<Rightarrow> RISCV64_H.pte \<times> 64 word      \<Rightarrow> 'a)               \<Rightarrow> (arch_capability                              \<Rightarrow> 64 word \<Rightarrow> 'a)                             \<Rightarrow> RISCV64_H.page_invocation     \<Rightarrow> 'a
ArchRetypeDecls_H.RISCV64_H.asidpool_invocation.assignASIDCTSlot	ExecSpec.ArchRetypeDecls_H	RISCV64_H.asidpool_invocation \<Rightarrow> 64 word
ArchRetypeDecls_H.RISCV64_H.asidcontrol_invocation.makePoolFrame	ExecSpec.ArchRetypeDecls_H	RISCV64_H.asidcontrol_invocation \<Rightarrow> 64 word
ArchObjInsts_H.pspace_storable_asidpool_inst.makeObject_asidpool	ExecSpec.ArchObjInsts_H	RISCV64_H.asidpool
ArchObjInsts_H.pspace_storable_asidpool_inst.loadObject_asidpool	ExecSpec.ArchObjInsts_H	64 word \<Rightarrow> 64 word               \<Rightarrow> 64 word option                             \<Rightarrow> kernel_object     \<Rightarrow> (global.kernel_state, RISCV64_H.asidpool) nondet_monad
ArchObjInsts_H.pre_storable_asidpool_inst.projectKO_opt_asidpool	ExecSpec.ArchObjInsts_H	kernel_object \<Rightarrow> RISCV64_H.asidpool option
ArchFault_H.RISCV64_H.typerep_arch_fault_inst.typerep_arch_fault	ExecSpec.ArchFault_H	arch_fault itself \<Rightarrow> typerep
ArchFault_H.RISCV64_H.term_of_arch_fault_inst.term_of_arch_fault	ExecSpec.ArchFault_H	arch_fault \<Rightarrow> term
Structures_H.tcb.typerep_tcb_IITN_tcb_inst.typerep_tcb_IITN_tcb	ExecSpec.Structures_H	tcb.tcb_IITN_tcb itself \<Rightarrow> typerep
Structures_H.random_interrupt_state_inst.random_interrupt_state	ExecSpec.Structures_H	natural \<Rightarrow> natural \<times> natural               \<Rightarrow> (interrupt_state \<times>                              (unit \<Rightarrow> term)) \<times>                             natural \<times> natural
Structures_H.pre_thread_state.thread_state.wit_pre_thread_state	ExecSpec.Structures_H	thread_state_pre_thread_state
Structures_H.pre_thread_state.thread_state.set_pre_thread_state	ExecSpec.Structures_H	thread_state_pre_thread_state \<Rightarrow> 'a set
Structures_H.pre_thread_state.thread_state.rel_pre_thread_state	ExecSpec.Structures_H	('a \<Rightarrow> 'b \<Rightarrow> bool) \<Rightarrow> thread_state_pre_thread_state               \<Rightarrow> thread_state_pre_thread_state \<Rightarrow> bool
Structures_H.pre_thread_state.thread_state.map_pre_thread_state	ExecSpec.Structures_H	('a \<Rightarrow> 'b) \<Rightarrow> thread_state_pre_thread_state               \<Rightarrow> thread_state_pre_thread_state
Structures_H.pre_notification.notification.wit_pre_notification	ExecSpec.Structures_H	notification_pre_notification
Structures_H.pre_notification.notification.set_pre_notification	ExecSpec.Structures_H	notification_pre_notification \<Rightarrow> 'a set
Structures_H.pre_notification.notification.rel_pre_notification	ExecSpec.Structures_H	('a \<Rightarrow> 'b \<Rightarrow> bool) \<Rightarrow> notification_pre_notification               \<Rightarrow> notification_pre_notification \<Rightarrow> bool
Structures_H.pre_notification.notification.map_pre_notification	ExecSpec.Structures_H	('a \<Rightarrow> 'b) \<Rightarrow> notification_pre_notification               \<Rightarrow> notification_pre_notification
Structures_H.equal_user_data_device_inst.equal_user_data_device	ExecSpec.Structures_H	user_data_device \<Rightarrow> user_data_device \<Rightarrow> bool
Structures_H.equal_scheduler_action_inst.equal_scheduler_action	ExecSpec.Structures_H	scheduler_action \<Rightarrow> scheduler_action \<Rightarrow> bool
Structures_H.cte.typerep_cte_IITN_cte_inst.typerep_cte_IITN_cte	ExecSpec.Structures_H	cte.cte_IITN_cte itself \<Rightarrow> typerep
PSpaceStorable_H.kernel_object_type.str_init_kernel_object_type	ExecSpec.PSpaceStorable_H	kernel_object_type_pre_kernel_object_type \<Rightarrow> kernel_object_type.kernel_object_type_IITN_kernel_object_type               \<Rightarrow> (nat +                              kernel_object_type_pre_kernel_object_type) set                             \<Rightarrow> bool
PSpaceStorable_H.kernel_object_type.ctor_rec_kernel_object_type	ExecSpec.PSpaceStorable_H	(kernel_object_type_pre_kernel_object_type \<Rightarrow> 'a) \<Rightarrow> kernel_object_type \<Rightarrow> 'a
MachineTypes.RISCV64.random_vmpage_size_inst.random_vmpage_size	ExecSpec.MachineTypes	natural \<Rightarrow> natural \<times> natural               \<Rightarrow> (vmpage_size \<times>                              (unit \<Rightarrow> term)) \<times>                             natural \<times> natural
MachineTypes.RISCV64.narrowing_register_inst.narrowing_register	ExecSpec.MachineTypes	integer \<Rightarrow> register ??.Quickcheck_Narrowing.narrowing_cons
Invocations_H.domain_invocation.is_InvokeDomainScheduleSetStart	ExecSpec.Invocations_H	domain_invocation \<Rightarrow> bool
InvocationLabels_H.gen_invocation_labels.DomainScheduleSetStart	ExecSpec.InvocationLabels_H	gen_invocation_labels
InvocationLabels_H.gen_invocation_labels.CNodeCancelBadgedSends	ExecSpec.InvocationLabels_H	gen_invocation_labels
Hardware_H.RISCV64_H.narrowing_vmrights_inst.narrowing_vmrights	ExecSpec.Hardware_H	integer \<Rightarrow> vmrights ??.Quickcheck_Narrowing.narrowing_cons
ArchStructures_H.RISCV64_H.random_asidpool_inst.random_asidpool	ExecSpec.ArchStructures_H	natural \<Rightarrow> natural \<times> natural               \<Rightarrow> (RISCV64_H.asidpool \<times>                              (unit \<Rightarrow> term)) \<times>                             natural \<times> natural
ArchStructures_H.RISCV64_H.arch_capability.size_arch_capability	ExecSpec.ArchStructures_H	arch_capability \<Rightarrow> nat
ArchStructures_H.RISCV64_H.arch_capability.dtor_arch_capability	ExecSpec.ArchStructures_H	arch_capability \<Rightarrow> RISCV64_H.arch_capability_pre_arch_capability
ArchStructures_H.RISCV64_H.arch_capability.ctor_arch_capability	ExecSpec.ArchStructures_H	RISCV64_H.arch_capability_pre_arch_capability \<Rightarrow> arch_capability
ArchStructures_H.RISCV64_H.arch_capability.case_arch_capability	ExecSpec.ArchStructures_H	'a \<Rightarrow> (64 word \<Rightarrow> 64 word \<Rightarrow> 'a)                  \<Rightarrow> (64 word                                 \<Rightarrow> vmrights         \<Rightarrow> vmpage_size                       \<Rightarrow> bool                                     \<Rightarrow> (64 word \<times>              64 word) option             \<Rightarrow> 'a)                                \<Rightarrow> (64 word         \<Rightarrow> (64 word \<times> 64 word) option \<Rightarrow> 'a)        \<Rightarrow> arch_capability \<Rightarrow> 'a
ArchRetypeDecls_H.RISCV64_H.page_invocation.rec_page_invocation	ExecSpec.ArchRetypeDecls_H	(64 word \<Rightarrow> 'a) \<Rightarrow> (capability                \<Rightarrow> 64 word                              \<Rightarrow> RISCV64_H.pte \<times> 64 word      \<Rightarrow> 'a)               \<Rightarrow> (arch_capability                              \<Rightarrow> 64 word \<Rightarrow> 'a)                             \<Rightarrow> RISCV64_H.page_invocation     \<Rightarrow> 'a
ArchRetypeDecls_H.RISCV64_H.page_invocation.mor_page_invocation	ExecSpec.ArchRetypeDecls_H	'a set \<Rightarrow> (RISCV64_H.page_invocation_pre_page_invocation                \<Rightarrow> 'a)               \<Rightarrow> 'b set                             \<Rightarrow> (RISCV64_H.page_invocation_pre_page_invocation      \<Rightarrow> 'b)     \<Rightarrow> ('a \<Rightarrow> 'b) \<Rightarrow> bool
ArchRetypeDecls_H.RISCV64_H.page_invocation.alg_page_invocation	ExecSpec.ArchRetypeDecls_H	'a set \<Rightarrow> (RISCV64_H.page_invocation_pre_page_invocation                \<Rightarrow> 'a)               \<Rightarrow> bool
ArchRetypeDecls_H.RISCV64_H.page_invocation.Rep_page_invocation	ExecSpec.ArchRetypeDecls_H	RISCV64_H.page_invocation \<Rightarrow> RISCV64_H.page_invocation.page_invocation_IITN_page_invocation               \<Rightarrow> (nat +                              RISCV64_H.page_invocation_pre_page_invocation) set                             \<Rightarrow> bool
ArchRetypeDecls_H.RISCV64_H.page_invocation.Abs_page_invocation	ExecSpec.ArchRetypeDecls_H	(RISCV64_H.page_invocation.page_invocation_IITN_page_invocation  \<Rightarrow> (nat + RISCV64_H.page_invocation_pre_page_invocation) set                \<Rightarrow> bool) \<Rightarrow> RISCV64_H.page_invocation
ArchRetypeDecls_H.RISCV64_H.asidcontrol_invocation.makePoolSlot	ExecSpec.ArchRetypeDecls_H	RISCV64_H.asidcontrol_invocation \<Rightarrow> 64 word
ArchRetypeDecls_H.RISCV64_H.asidcontrol_invocation.makePoolBase	ExecSpec.ArchRetypeDecls_H	RISCV64_H.asidcontrol_invocation \<Rightarrow> 64 word
PSpaceStorable_H.kernel_object_type.min_alg_kernel_object_type	ExecSpec.PSpaceStorable_H	(kernel_object_type_pre_kernel_object_type \<Rightarrow> 'a) \<Rightarrow> 'a set
ObjectInstances_H.pre_storable_user_data_inst.koType_user_data	ExecSpec.ObjectInstances_H	user_data itself \<Rightarrow> kernel_object_type
ObjectInstances_H.pre_storable_endpoint_inst.injectKO_endpoint	ExecSpec.ObjectInstances_H	endpoint \<Rightarrow> kernel_object
Invocations_H.typerep_tcbinvocation_inst.typerep_tcbinvocation	ExecSpec.Invocations_H	tcbinvocation itself \<Rightarrow> typerep
Invocations_H.term_of_tcbinvocation_inst.term_of_tcbinvocation	ExecSpec.Invocations_H	tcbinvocation \<Rightarrow> term
Invocations_H.size_cnode_invocation_inst.size_cnode_invocation	ExecSpec.Invocations_H	cnode_invocation \<Rightarrow> nat
Invocations_H.irqhandler_invocation.size_irqhandler_invocation	ExecSpec.Invocations_H	irqhandler_invocation \<Rightarrow> nat
Invocations_H.irqhandler_invocation.dtor_irqhandler_invocation	ExecSpec.Invocations_H	irqhandler_invocation \<Rightarrow> irqhandler_invocation_pre_irqhandler_invocation
Invocations_H.irqhandler_invocation.ctor_irqhandler_invocation	ExecSpec.Invocations_H	irqhandler_invocation_pre_irqhandler_invocation \<Rightarrow> irqhandler_invocation
Invocations_H.irqhandler_invocation.case_irqhandler_invocation	ExecSpec.Invocations_H	(6 word \<Rightarrow> 'a) \<Rightarrow> (6 word \<Rightarrow> 'a)               \<Rightarrow> (6 word                              \<Rightarrow> capability      \<Rightarrow> 64 word \<Rightarrow> 'a)                             \<Rightarrow> irqhandler_invocation     \<Rightarrow> 'a
Invocations_H.irqcontrol_invocation.size_irqcontrol_invocation	ExecSpec.Invocations_H	irqcontrol_invocation \<Rightarrow> nat
Invocations_H.irqcontrol_invocation.issueHandlerControllerSlot	ExecSpec.Invocations_H	irqcontrol_invocation \<Rightarrow> 64 word
Invocations_H.irqcontrol_invocation.dtor_irqcontrol_invocation	ExecSpec.Invocations_H	irqcontrol_invocation \<Rightarrow> irqcontrol_invocation_pre_irqcontrol_invocation
Invocations_H.irqcontrol_invocation.ctor_irqcontrol_invocation	ExecSpec.Invocations_H	irqcontrol_invocation_pre_irqcontrol_invocation \<Rightarrow> irqcontrol_invocation
Invocations_H.irqcontrol_invocation.case_irqcontrol_invocation	ExecSpec.Invocations_H	(Arch.irqcontrol_invocation \<Rightarrow> 'a) \<Rightarrow> (6 word                \<Rightarrow> 64 word \<Rightarrow> 64 word \<Rightarrow> 'a)               \<Rightarrow> irqcontrol_invocation \<Rightarrow> 'a
InvocationLabels_H.invocation_label.ctor_fold_invocation_label	ExecSpec.InvocationLabels_H	(gen_invocation_labels + arch_invocation_label \<Rightarrow> 'a) \<Rightarrow> invocation_label \<Rightarrow> 'a
InvocationLabels_H.gen_invocation_labels.TCBUnbindNotification	ExecSpec.InvocationLabels_H	gen_invocation_labels
Fault_H.pre_syscall_error.syscall_error.pred_pre_syscall_error	ExecSpec.Fault_H	('a \<Rightarrow> bool) \<Rightarrow> syscall_error_pre_syscall_error \<Rightarrow> bool
ArchTypes_H.typerep_apiobject_type_inst.typerep_apiobject_type	ExecSpec.ArchTypes_H	apiobject_type itself \<Rightarrow> typerep
ArchTypes_H.term_of_apiobject_type_inst.term_of_apiobject_type	ExecSpec.ArchTypes_H	apiobject_type \<Rightarrow> term
ArchStructures_H.RISCV64_H.arch_capability.rec_arch_capability	ExecSpec.ArchStructures_H	'a \<Rightarrow> (64 word \<Rightarrow> 64 word \<Rightarrow> 'a)                  \<Rightarrow> (64 word                                 \<Rightarrow> vmrights         \<Rightarrow> vmpage_size                       \<Rightarrow> bool                                     \<Rightarrow> (64 word \<times>              64 word) option             \<Rightarrow> 'a)                                \<Rightarrow> (64 word         \<Rightarrow> (64 word \<times> 64 word) option \<Rightarrow> 'a)        \<Rightarrow> arch_capability \<Rightarrow> 'a
ArchStructures_H.RISCV64_H.arch_capability.mor_arch_capability	ExecSpec.ArchStructures_H	'a set \<Rightarrow> (RISCV64_H.arch_capability_pre_arch_capability                \<Rightarrow> 'a)               \<Rightarrow> 'b set                             \<Rightarrow> (RISCV64_H.arch_capability_pre_arch_capability      \<Rightarrow> 'b)     \<Rightarrow> ('a \<Rightarrow> 'b) \<Rightarrow> bool
ArchStructures_H.RISCV64_H.arch_capability.alg_arch_capability	ExecSpec.ArchStructures_H	'a set \<Rightarrow> (RISCV64_H.arch_capability_pre_arch_capability                \<Rightarrow> 'a)               \<Rightarrow> bool
ArchStructures_H.RISCV64_H.arch_capability.Rep_arch_capability	ExecSpec.ArchStructures_H	arch_capability \<Rightarrow> RISCV64_H.arch_capability.arch_capability_IITN_arch_capability               \<Rightarrow> (nat +                              RISCV64_H.arch_capability_pre_arch_capability) set                             \<Rightarrow> bool
ArchStructures_H.RISCV64_H.arch_capability.Abs_arch_capability	ExecSpec.ArchStructures_H	(RISCV64_H.arch_capability.arch_capability_IITN_arch_capability  \<Rightarrow> (nat + RISCV64_H.arch_capability_pre_arch_capability) set                \<Rightarrow> bool) \<Rightarrow> arch_capability
ArchRetypeDecls_H.RISCV64_H.page_table_invocation.PageTableMap	ExecSpec.ArchRetypeDecls_H	capability \<Rightarrow> 64 word               \<Rightarrow> RISCV64_H.pte                             \<Rightarrow> 64 word     \<Rightarrow> RISCV64_H.page_table_invocation
ArchRetypeDecls_H.RISCV64_H.asidpool_invocation.assignASIDPool	ExecSpec.ArchRetypeDecls_H	RISCV64_H.asidpool_invocation \<Rightarrow> 64 word
ArchFault_H.RISCV64_H.random_arch_fault_inst.random_arch_fault	ExecSpec.ArchFault_H	natural \<Rightarrow> natural \<times> natural               \<Rightarrow> (arch_fault \<times>                              (unit \<Rightarrow> term)) \<times>                             natural \<times> natural
Structures_H.typerep_kernel_object_inst.typerep_kernel_object	ExecSpec.Structures_H	kernel_object itself \<Rightarrow> typerep
Structures_H.term_of_kernel_object_inst.term_of_kernel_object	ExecSpec.Structures_H	kernel_object \<Rightarrow> term
Structures_H.tcb.typerep_tcb_pre_tcb_inst.typerep_tcb_pre_tcb	ExecSpec.Structures_H	tcb_pre_tcb itself \<Rightarrow> typerep
Structures_H.size_user_data_device_inst.size_user_data_device	ExecSpec.Structures_H	user_data_device \<Rightarrow> nat
Structures_H.size_scheduler_action_inst.size_scheduler_action	ExecSpec.Structures_H	scheduler_action \<Rightarrow> nat
Structures_H.pre_zombie_type.zombie_type.pred_pre_zombie_type	ExecSpec.Structures_H	('a \<Rightarrow> bool) \<Rightarrow> unit + nat \<Rightarrow> bool
Structures_H.narrowing_zombie_type_inst.narrowing_zombie_type	ExecSpec.Structures_H	integer \<Rightarrow> zombie_type ??.Quickcheck_Narrowing.narrowing_cons
Structures_H.equal_interrupt_state_inst.equal_interrupt_state	ExecSpec.Structures_H	interrupt_state \<Rightarrow> interrupt_state \<Rightarrow> bool
MachineTypes.RISCV64.vmfault_type.RISCVInstructionAccessFault	ExecSpec.MachineTypes	vmfault_type
MachineTypes.RISCV64.size_vmfault_type_inst.size_vmfault_type	ExecSpec.MachineTypes	vmfault_type \<Rightarrow> nat
Invocations_H.untyped_invocation.ctor_fold_untyped_invocation	ExecSpec.Invocations_H	(untyped_invocation_pre_untyped_invocation \<Rightarrow> 'a) \<Rightarrow> untyped_invocation \<Rightarrow> 'a
Invocations_H.irqhandler_invocation.rec_irqhandler_invocation	ExecSpec.Invocations_H	(6 word \<Rightarrow> 'a) \<Rightarrow> (6 word \<Rightarrow> 'a)               \<Rightarrow> (6 word                              \<Rightarrow> capability      \<Rightarrow> 64 word \<Rightarrow> 'a)                             \<Rightarrow> irqhandler_invocation     \<Rightarrow> 'a
Invocations_H.irqhandler_invocation.mor_irqhandler_invocation	ExecSpec.Invocations_H	'a set \<Rightarrow> (irqhandler_invocation_pre_irqhandler_invocation                \<Rightarrow> 'a)               \<Rightarrow> 'b set                             \<Rightarrow> (irqhandler_invocation_pre_irqhandler_invocation      \<Rightarrow> 'b)     \<Rightarrow> ('a \<Rightarrow> 'b) \<Rightarrow> bool
Invocations_H.irqhandler_invocation.alg_irqhandler_invocation	ExecSpec.Invocations_H	'a set \<Rightarrow> (irqhandler_invocation_pre_irqhandler_invocation                \<Rightarrow> 'a)               \<Rightarrow> bool
Invocations_H.irqhandler_invocation.Rep_irqhandler_invocation	ExecSpec.Invocations_H	irqhandler_invocation \<Rightarrow> irqhandler_invocation.irqhandler_invocation_IITN_irqhandler_invocation               \<Rightarrow> (nat +                              irqhandler_invocation_pre_irqhandler_invocation) set                             \<Rightarrow> bool
Invocations_H.irqhandler_invocation.Abs_irqhandler_invocation	ExecSpec.Invocations_H	(irqhandler_invocation.irqhandler_invocation_IITN_irqhandler_invocation  \<Rightarrow> (nat + irqhandler_invocation_pre_irqhandler_invocation) set                \<Rightarrow> bool) \<Rightarrow> irqhandler_invocation
Invocations_H.irqcontrol_invocation.rec_irqcontrol_invocation	ExecSpec.Invocations_H	(Arch.irqcontrol_invocation \<Rightarrow> 'a) \<Rightarrow> (6 word                \<Rightarrow> 64 word \<Rightarrow> 64 word \<Rightarrow> 'a)               \<Rightarrow> irqcontrol_invocation \<Rightarrow> 'a
Invocations_H.irqcontrol_invocation.mor_irqcontrol_invocation	ExecSpec.Invocations_H	'a set \<Rightarrow> (irqcontrol_invocation_pre_irqcontrol_invocation                \<Rightarrow> 'a)               \<Rightarrow> 'b set                             \<Rightarrow> (irqcontrol_invocation_pre_irqcontrol_invocation      \<Rightarrow> 'b)     \<Rightarrow> ('a \<Rightarrow> 'b) \<Rightarrow> bool
Invocations_H.irqcontrol_invocation.alg_irqcontrol_invocation	ExecSpec.Invocations_H	'a set \<Rightarrow> (irqcontrol_invocation_pre_irqcontrol_invocation                \<Rightarrow> 'a)               \<Rightarrow> bool
Invocations_H.irqcontrol_invocation.Rep_irqcontrol_invocation	ExecSpec.Invocations_H	irqcontrol_invocation \<Rightarrow> irqcontrol_invocation.irqcontrol_invocation_IITN_irqcontrol_invocation               \<Rightarrow> (nat +                              irqcontrol_invocation_pre_irqcontrol_invocation) set                             \<Rightarrow> bool
Invocations_H.irqcontrol_invocation.Abs_irqcontrol_invocation	ExecSpec.Invocations_H	(irqcontrol_invocation.irqcontrol_invocation_IITN_irqcontrol_invocation  \<Rightarrow> (nat + irqcontrol_invocation_pre_irqcontrol_invocation) set                \<Rightarrow> bool) \<Rightarrow> irqcontrol_invocation
Invocations_H.domain_invocation.InvokeDomainScheduleConfigure	ExecSpec.Invocations_H	nat \<Rightarrow> 8 word \<Rightarrow> 64 word \<Rightarrow> domain_invocation
InvocationLabels_H.invocation_label.str_init_invocation_label	ExecSpec.InvocationLabels_H	gen_invocation_labels + arch_invocation_label \<Rightarrow> invocation_label.invocation_label_IITN_invocation_label               \<Rightarrow> (nat +                              gen_invocation_labels +                              arch_invocation_label) set                             \<Rightarrow> bool
InvocationLabels_H.invocation_label.ctor_rec_invocation_label	ExecSpec.InvocationLabels_H	(gen_invocation_labels + arch_invocation_label \<Rightarrow> 'a) \<Rightarrow> invocation_label \<Rightarrow> 'a
Fault_H.pre_syscall_error.syscall_error.wit_pre_syscall_error	ExecSpec.Fault_H	syscall_error_pre_syscall_error
Fault_H.pre_syscall_error.syscall_error.set_pre_syscall_error	ExecSpec.Fault_H	syscall_error_pre_syscall_error \<Rightarrow> 'a set
Fault_H.pre_syscall_error.syscall_error.rel_pre_syscall_error	ExecSpec.Fault_H	('a \<Rightarrow> 'b \<Rightarrow> bool) \<Rightarrow> syscall_error_pre_syscall_error               \<Rightarrow> syscall_error_pre_syscall_error                             \<Rightarrow> bool
Fault_H.pre_syscall_error.syscall_error.map_pre_syscall_error	ExecSpec.Fault_H	('a \<Rightarrow> 'b) \<Rightarrow> syscall_error_pre_syscall_error               \<Rightarrow> syscall_error_pre_syscall_error
Event_H.syscall.syscall_IITN_syscall.Rep_syscall_IITN_syscall	ExecSpec.Event_H	syscall.syscall_IITN_syscall \<Rightarrow> ((nat + syscall_pre_syscall) set                \<Rightarrow> bool) set \<times>               (syscall_pre_syscall                \<Rightarrow> (nat + syscall_pre_syscall) set                              \<Rightarrow> bool)
Event_H.syscall.syscall_IITN_syscall.Abs_syscall_IITN_syscall	ExecSpec.Event_H	((nat + syscall_pre_syscall) set \<Rightarrow> bool) set \<times> (syscall_pre_syscall  \<Rightarrow> (nat + syscall_pre_syscall) set \<Rightarrow> bool) \<Rightarrow> syscall.syscall_IITN_syscall
ArchVSpaceDecls_H.RISCV64_H.decodeRISCVPageTableInvocationMap	ExecSpec.ArchVSpaceDecls_H	64 word \<Rightarrow> arch_capability               \<Rightarrow> 64 word                             \<Rightarrow> 64 word     \<Rightarrow> capability                   \<Rightarrow> (global.kernel_state,                                  syscall_error +                                  Arch.invocation) nondet_monad
ArchStructures_H.RISCV64_H.random_aux_arch_kernel_object_type	ExecSpec.ArchStructures_H	natural \<Rightarrow> natural               \<Rightarrow> natural \<times> natural                             \<Rightarrow> (arch_kernel_object_type \<times>      (unit \<Rightarrow> term)) \<times>     natural \<times> natural
ArchStructures_H.RISCV64_H.arch_capability.capPTMappedAddress	ExecSpec.ArchStructures_H	arch_capability \<Rightarrow> (64 word \<times> 64 word) option
ArchStateData_H.RISCV64_H.kernel_state.ctor_fold_kernel_state	ExecSpec.ArchStateData_H	(RISCV64_H.kernel_state_pre_kernel_state \<Rightarrow> 'a) \<Rightarrow> Arch.kernel_state \<Rightarrow> 'a
ArchRetypeDecls_H.RISCV64_H.random_aux_asidcontrol_invocation	ExecSpec.ArchRetypeDecls_H	natural \<Rightarrow> natural               \<Rightarrow> natural \<times> natural                             \<Rightarrow> (RISCV64_H.asidcontrol_invocation \<times>      (unit \<Rightarrow> term)) \<times>     natural \<times> natural
ArchRetypeDecls_H.RISCV64_H.page_table_invocation.ptMapPTSlot	ExecSpec.ArchRetypeDecls_H	RISCV64_H.page_table_invocation \<Rightarrow> 64 word
ArchRetypeDecls_H.RISCV64_H.page_table_invocation.ptMapCTSlot	ExecSpec.ArchRetypeDecls_H	RISCV64_H.page_table_invocation \<Rightarrow> 64 word
ArchRetypeDecls_H.RISCV64_H.issueHandlerControllerSlot_update	ExecSpec.ArchRetypeDecls_H	(64 word \<Rightarrow> 64 word) \<Rightarrow> Arch.irqcontrol_invocation               \<Rightarrow> Arch.irqcontrol_invocation
Types_H.typerep_bidevice_region_inst.typerep_bidevice_region	ExecSpec.Types_H	bidevice_region itself \<Rightarrow> typerep
Types_H.term_of_bidevice_region_inst.term_of_bidevice_region	ExecSpec.Types_H	bidevice_region \<Rightarrow> term
Structures_H.pre_zombie_type.zombie_type.wit_pre_zombie_type	ExecSpec.Structures_H	unit + nat
Structures_H.pre_zombie_type.zombie_type.set_pre_zombie_type	ExecSpec.Structures_H	unit + nat \<Rightarrow> 'a set
Structures_H.pre_zombie_type.zombie_type.rel_pre_zombie_type	ExecSpec.Structures_H	('a \<Rightarrow> 'b \<Rightarrow> bool) \<Rightarrow> unit + nat \<Rightarrow> unit + nat \<Rightarrow> bool
Structures_H.pre_zombie_type.zombie_type.map_pre_zombie_type	ExecSpec.Structures_H	('a \<Rightarrow> 'b) \<Rightarrow> unit + nat \<Rightarrow> unit + nat
ObjectInstances_H.pre_storable_endpoint_inst.koType_endpoint	ExecSpec.ObjectInstances_H	endpoint itself \<Rightarrow> kernel_object_type
MachineTypes.RISCV64.pre_register.register.pred_pre_register	ExecSpec.MachineTypes	('a \<Rightarrow> bool) \<Rightarrow> RISCV64.register_pre_register \<Rightarrow> bool
MachineTypes.RISCV64.hyp_fault_type.ctor_fold_hyp_fault_type	ExecSpec.MachineTypes	(unit \<Rightarrow> 'a) \<Rightarrow> hyp_fault_type \<Rightarrow> 'a
Invocations_H.untyped_invocation.str_init_untyped_invocation	ExecSpec.Invocations_H	untyped_invocation_pre_untyped_invocation \<Rightarrow> untyped_invocation.untyped_invocation_IITN_untyped_invocation               \<Rightarrow> (nat +                              untyped_invocation_pre_untyped_invocation) set                             \<Rightarrow> bool
Invocations_H.untyped_invocation.ctor_rec_untyped_invocation	ExecSpec.Invocations_H	(untyped_invocation_pre_untyped_invocation \<Rightarrow> 'a) \<Rightarrow> untyped_invocation \<Rightarrow> 'a
Invocations_H.random_tcbinvocation_inst.random_tcbinvocation	ExecSpec.Invocations_H	natural \<Rightarrow> natural \<times> natural               \<Rightarrow> (tcbinvocation \<times>                              (unit \<Rightarrow> term)) \<times>                             natural \<times> natural
Invocations_H.domain_invocation.InvokeDomainScheduleSetStart	ExecSpec.Invocations_H	nat \<Rightarrow> domain_invocation
InvocationLabels_H.invocation_label.min_alg_invocation_label	ExecSpec.InvocationLabels_H	(gen_invocation_labels + arch_invocation_label \<Rightarrow> 'a) \<Rightarrow> 'a set
InvocationLabels_H.gen_invocation_labels.TCBBindNotification	ExecSpec.InvocationLabels_H	gen_invocation_labels
Hardware_H.RISCV64_H.pre_vmrights.vmrights.pred_pre_vmrights	ExecSpec.Hardware_H	('a \<Rightarrow> bool) \<Rightarrow> unit + unit + unit \<Rightarrow> bool
Event_H.partial_term_of_syscall_inst.partial_term_of_syscall	ExecSpec.Event_H	syscall itself \<Rightarrow> ??.Quickcheck_Narrowing.narrowing_term \<Rightarrow> term
Event_H.full_exhaustive_syscall_inst.full_exhaustive_syscall	ExecSpec.Event_H	(syscall \<times> (unit \<Rightarrow> term)  \<Rightarrow> (bool \<times> term list) option) \<Rightarrow> natural \<Rightarrow> (bool \<times> term list) option
ArchVSpaceDecls_H.RISCV64_H.decodeRISCVASIDControlInvocation	ExecSpec.ArchVSpaceDecls_H	64 word \<Rightarrow> 64 word list               \<Rightarrow> arch_capability                             \<Rightarrow> (capability \<times> 64 word) list     \<Rightarrow> (global.kernel_state,                    syscall_error + Arch.invocation) nondet_monad
ArchTypes_H.random_apiobject_type_inst.random_apiobject_type	ExecSpec.ArchTypes_H	natural \<Rightarrow> natural \<times> natural               \<Rightarrow> (apiobject_type \<times>                              (unit \<Rightarrow> term)) \<times>                             natural \<times> natural
ArchTypes_H.enum_apiobject_type_inst.enum_all_apiobject_type	ExecSpec.ArchTypes_H	(apiobject_type \<Rightarrow> bool) \<Rightarrow> bool
ArchTypes_H.RISCV64_H.size_object_type_inst.size_object_type	ExecSpec.ArchTypes_H	object_type \<Rightarrow> nat
ArchStructures_H.RISCV64_H.arch_kernel_object_type.ASIDPoolT	ExecSpec.ArchStructures_H	arch_kernel_object_type
ArchStructures_H.RISCV64_H.arch_capability.capFMappedAddress	ExecSpec.ArchStructures_H	arch_capability \<Rightarrow> (64 word \<times> 64 word) option
ArchStateData_H.RISCV64_H.kernel_state.str_init_kernel_state	ExecSpec.ArchStateData_H	RISCV64_H.kernel_state_pre_kernel_state \<Rightarrow> RISCV64_H.kernel_state.kernel_state_IITN_kernel_state               \<Rightarrow> (nat +                              RISCV64_H.kernel_state_pre_kernel_state) set                             \<Rightarrow> bool
ArchStateData_H.RISCV64_H.kernel_state.ctor_rec_kernel_state	ExecSpec.ArchStateData_H	(RISCV64_H.kernel_state_pre_kernel_state \<Rightarrow> 'a) \<Rightarrow> Arch.kernel_state \<Rightarrow> 'a
ArchRetypeDecls_H.RISCV64_H.random_aux_page_table_invocation	ExecSpec.ArchRetypeDecls_H	natural \<Rightarrow> natural               \<Rightarrow> natural \<times> natural                             \<Rightarrow> (RISCV64_H.page_table_invocation \<times>      (unit \<Rightarrow> term)) \<times>     natural \<times> natural
ArchRetypeDecls_H.RISCV64_H.random_aux_irqcontrol_invocation	ExecSpec.ArchRetypeDecls_H	natural \<Rightarrow> natural               \<Rightarrow> natural \<times> natural                             \<Rightarrow> (Arch.irqcontrol_invocation \<times>      (unit \<Rightarrow> term)) \<times>     natural \<times> natural
ArchRetypeDecls_H.RISCV64_H.page_table_invocation.ptUnmapCap	ExecSpec.ArchRetypeDecls_H	RISCV64_H.page_table_invocation \<Rightarrow> arch_capability
ArchRetypeDecls_H.RISCV64_H.page_invocation.pageUnmapCapSlot	ExecSpec.ArchRetypeDecls_H	RISCV64_H.page_invocation \<Rightarrow> 64 word
Types_H.pre_message_info.message_info.pred_pre_message_info	ExecSpec.Types_H	('a \<Rightarrow> bool) \<Rightarrow> message_info_pre_message_info \<Rightarrow> bool
Types_H.pre_cap_transfer.cap_transfer.pred_pre_cap_transfer	ExecSpec.Types_H	('a \<Rightarrow> bool) \<Rightarrow> cap_transfer_pre_cap_transfer \<Rightarrow> bool
Types_H.pre_biframe_data.biframe_data.pred_pre_biframe_data	ExecSpec.Types_H	('a \<Rightarrow> bool) \<Rightarrow> biframe_data_pre_biframe_data \<Rightarrow> bool
Structures_H.typerep_thread_state_inst.typerep_thread_state	ExecSpec.Structures_H	thread_state itself \<Rightarrow> typerep
Structures_H.typerep_notification_inst.typerep_notification	ExecSpec.Structures_H	notification itself \<Rightarrow> typerep
Structures_H.term_of_thread_state_inst.term_of_thread_state	ExecSpec.Structures_H	thread_state \<Rightarrow> term
Structures_H.term_of_notification_inst.term_of_notification	ExecSpec.Structures_H	notification \<Rightarrow> term
Structures_H.size_interrupt_state_inst.size_interrupt_state	ExecSpec.Structures_H	interrupt_state \<Rightarrow> nat
Structures_H.partial_term_of_ntfn_inst.partial_term_of_ntfn	ExecSpec.Structures_H	ntfn itself \<Rightarrow> ??.Quickcheck_Narrowing.narrowing_term \<Rightarrow> term
Structures_H.full_exhaustive_ntfn_inst.full_exhaustive_ntfn	ExecSpec.Structures_H	(ntfn \<times> (unit \<Rightarrow> term)  \<Rightarrow> (bool \<times> term list) option) \<Rightarrow> natural \<Rightarrow> (bool \<times> term list) option
PSpaceStorable_H.kernel_object_type.size_kernel_object_type	ExecSpec.PSpaceStorable_H	kernel_object_type \<Rightarrow> nat
PSpaceStorable_H.kernel_object_type.dtor_kernel_object_type	ExecSpec.PSpaceStorable_H	kernel_object_type \<Rightarrow> kernel_object_type_pre_kernel_object_type
PSpaceStorable_H.kernel_object_type.ctor_kernel_object_type	ExecSpec.PSpaceStorable_H	kernel_object_type_pre_kernel_object_type \<Rightarrow> kernel_object_type
PSpaceStorable_H.kernel_object_type.case_kernel_object_type	ExecSpec.PSpaceStorable_H	'a \<Rightarrow> 'a \<Rightarrow> 'a \<Rightarrow> 'a              \<Rightarrow> 'a \<Rightarrow> 'a       \<Rightarrow> 'a \<Rightarrow> (arch_kernel_object_type \<Rightarrow> 'a)                                      \<Rightarrow> kernel_object_type              \<Rightarrow> 'a
ObjectInstances_H.pspace_storable_tcb_inst.updateObject_tcb	ExecSpec.ObjectInstances_H	tcb \<Rightarrow> kernel_object               \<Rightarrow> 64 word                             \<Rightarrow> 64 word     \<Rightarrow> 64 word option                   \<Rightarrow> (global.kernel_state,                                  kernel_object) nondet_monad
ObjectInstances_H.pspace_storable_cte_inst.updateObject_cte	ExecSpec.ObjectInstances_H	cte \<Rightarrow> kernel_object               \<Rightarrow> 64 word                             \<Rightarrow> 64 word     \<Rightarrow> 64 word option                   \<Rightarrow> (global.kernel_state,                                  kernel_object) nondet_monad
MachineTypes.enum_alt_vmpage_size_inst.enum_alt_vmpage_size	ExecSpec.MachineTypes	nat \<Rightarrow> vmpage_size option
MachineTypes.RISCV64.vmfault_type.RISCVInstructionPageFault	ExecSpec.MachineTypes	vmfault_type
MachineTypes.RISCV64.typerep_register_inst.typerep_register	ExecSpec.MachineTypes	register itself \<Rightarrow> typerep
MachineTypes.RISCV64.term_of_register_inst.term_of_register	ExecSpec.MachineTypes	register \<Rightarrow> term
MachineTypes.RISCV64.size_vmpage_size_inst.size_vmpage_size	ExecSpec.MachineTypes	vmpage_size \<Rightarrow> nat
MachineTypes.RISCV64.pre_register.register.wit_pre_register	ExecSpec.MachineTypes	RISCV64.register_pre_register
MachineTypes.RISCV64.pre_register.register.set_pre_register	ExecSpec.MachineTypes	RISCV64.register_pre_register \<Rightarrow> 'a set
MachineTypes.RISCV64.pre_register.register.rel_pre_register	ExecSpec.MachineTypes	('a \<Rightarrow> 'b \<Rightarrow> bool) \<Rightarrow> RISCV64.register_pre_register               \<Rightarrow> RISCV64.register_pre_register \<Rightarrow> bool
MachineTypes.RISCV64.pre_register.register.map_pre_register	ExecSpec.MachineTypes	('a \<Rightarrow> 'b) \<Rightarrow> RISCV64.register_pre_register               \<Rightarrow> RISCV64.register_pre_register
MachineTypes.RISCV64.hyp_fault_type.str_init_hyp_fault_type	ExecSpec.MachineTypes	unit \<Rightarrow> RISCV64.hyp_fault_type.hyp_fault_type_IITN_hyp_fault_type               \<Rightarrow> (nat + unit) set \<Rightarrow> bool
MachineTypes.RISCV64.hyp_fault_type.ctor_rec_hyp_fault_type	ExecSpec.MachineTypes	(unit \<Rightarrow> 'a) \<Rightarrow> hyp_fault_type \<Rightarrow> 'a
MachineOps.RISCV64.size_user_context_inst.size_user_context	ExecSpec.MachineOps	user_context \<Rightarrow> nat
KernelStateData_H.kernel_state.ksReadyQueuesL2Bitmap_update	ExecSpec.KernelStateData_H	((8 word \<times> nat \<Rightarrow> 64 word)  \<Rightarrow> 8 word \<times> nat \<Rightarrow> 64 word) \<Rightarrow> 'z kernel_state_scheme \<Rightarrow> 'z kernel_state_scheme
KernelStateData_H.kernel_state.ksReadyQueuesL1Bitmap_update	ExecSpec.KernelStateData_H	((8 word \<Rightarrow> 64 word) \<Rightarrow> 8 word \<Rightarrow> 64 word) \<Rightarrow> 'z kernel_state_scheme \<Rightarrow> 'z kernel_state_scheme
KernelInitMonad_H.init_data.init_data_ext.Rep_init_data_ext	ExecSpec.KernelInitMonad_H	'z init_data_scheme \<Rightarrow> (((64 word \<times> 64 word) list \<times>                 64 word \<times> 64 word) \<times>                biframe_data \<times>                64 word \<times> global.kernel_state) \<times>               'z
KernelInitMonad_H.init_data.init_data_ext.Abs_init_data_ext	ExecSpec.KernelInitMonad_H	(((64 word \<times> 64 word) list \<times>   64 word \<times> 64 word) \<times>  biframe_data \<times> 64 word \<times> global.kernel_state) \<times> 'z \<Rightarrow> 'z init_data_scheme
Invocations_H.untyped_invocation.min_alg_untyped_invocation	ExecSpec.Invocations_H	(untyped_invocation_pre_untyped_invocation \<Rightarrow> 'a) \<Rightarrow> 'a set
Invocations_H.pre_invocation.invocation.pred_pre_invocation	ExecSpec.Invocations_H	('a \<Rightarrow> bool) \<Rightarrow> invocation_pre_invocation \<Rightarrow> bool
Invocations_H.domain_invocation.ctor_fold_domain_invocation	ExecSpec.Invocations_H	(domain_invocation_pre_domain_invocation \<Rightarrow> 'a) \<Rightarrow> domain_invocation \<Rightarrow> 'a
InvocationLabels_H.gen_invocation_labels.IRQIssueIRQHandler	ExecSpec.InvocationLabels_H	gen_invocation_labels
InvocationLabels_H.gen_invocation_labels.IRQClearIRQHandler	ExecSpec.InvocationLabels_H	gen_invocation_labels
Hardware_H.RISCV64_H.typerep_vmrights_inst.typerep_vmrights	ExecSpec.Hardware_H	vmrights itself \<Rightarrow> typerep
Hardware_H.RISCV64_H.term_of_vmrights_inst.term_of_vmrights	ExecSpec.Hardware_H	vmrights \<Rightarrow> term
Hardware_H.RISCV64_H.pre_vmrights.vmrights.wit_pre_vmrights	ExecSpec.Hardware_H	unit + unit + unit
Hardware_H.RISCV64_H.pre_vmrights.vmrights.set_pre_vmrights	ExecSpec.Hardware_H	unit + unit + unit \<Rightarrow> 'a set
Hardware_H.RISCV64_H.pre_vmrights.vmrights.rel_pre_vmrights	ExecSpec.Hardware_H	('a \<Rightarrow> 'b \<Rightarrow> bool) \<Rightarrow> unit + unit + unit               \<Rightarrow> unit + unit + unit \<Rightarrow> bool
Hardware_H.RISCV64_H.pre_vmrights.vmrights.map_pre_vmrights	ExecSpec.Hardware_H	('a \<Rightarrow> 'b) \<Rightarrow> unit + unit + unit \<Rightarrow> unit + unit + unit
Fault_H.pre_init_failure.init_failure.pred_pre_init_failure	ExecSpec.Fault_H	('a \<Rightarrow> bool) \<Rightarrow> unit \<Rightarrow> bool
Event_H.syscall.syscall_pre_syscall.Rep_syscall_pre_syscall	ExecSpec.Event_H	syscall_pre_syscall \<Rightarrow> ((unit + unit) + unit + unit) + (unit + unit) + unit + unit
Event_H.syscall.syscall_pre_syscall.Abs_syscall_pre_syscall	ExecSpec.Event_H	((unit + unit) + unit + unit) + (unit + unit) + unit + unit \<Rightarrow> syscall_pre_syscall
ArchTypes_H.enum_apiobject_type_inst.enum_ex_apiobject_type	ExecSpec.ArchTypes_H	(apiobject_type \<Rightarrow> bool) \<Rightarrow> bool
ArchStructures_H.RISCV64_H.size_asidpool_inst.size_asidpool	ExecSpec.ArchStructures_H	RISCV64_H.asidpool \<Rightarrow> nat
ArchStructures_H.RISCV64_H.size_arch_tcb_inst.size_arch_tcb	ExecSpec.ArchStructures_H	arch_tcb \<Rightarrow> nat
ArchStateData_H.RISCV64_H.kernel_state.min_alg_kernel_state	ExecSpec.ArchStateData_H	(RISCV64_H.kernel_state_pre_kernel_state \<Rightarrow> 'a) \<Rightarrow> 'a set
ArchRetypeDecls_H.RISCV64_H.invocation.ctor_fold_invocation	ExecSpec.ArchRetypeDecls_H	(RISCV64_H.invocation_pre_invocation \<Rightarrow> 'a) \<Rightarrow> Arch.invocation \<Rightarrow> 'a
ArchRetypeDecls_H.RISCV64_H.asidcontrol_invocation.MakePool	ExecSpec.ArchRetypeDecls_H	64 word \<Rightarrow> 64 word               \<Rightarrow> 64 word                             \<Rightarrow> 64 word     \<Rightarrow> RISCV64_H.asidcontrol_invocation
ArchObjInsts_H.pre_storable_asidpool_inst.injectKO_asidpool	ExecSpec.ArchObjInsts_H	RISCV64_H.asidpool \<Rightarrow> kernel_object
Types_H.random_bidevice_region_inst.random_bidevice_region	ExecSpec.Types_H	natural \<Rightarrow> natural \<times> natural               \<Rightarrow> (bidevice_region \<times>                              (unit \<Rightarrow> term)) \<times>                             natural \<times> natural
Types_H.pre_message_info.message_info.wit_pre_message_info	ExecSpec.Types_H	message_info_pre_message_info
Types_H.pre_message_info.message_info.set_pre_message_info	ExecSpec.Types_H	message_info_pre_message_info \<Rightarrow> 'a set
Types_H.pre_message_info.message_info.rel_pre_message_info	ExecSpec.Types_H	('a \<Rightarrow> 'b \<Rightarrow> bool) \<Rightarrow> message_info_pre_message_info               \<Rightarrow> message_info_pre_message_info \<Rightarrow> bool
Types_H.pre_message_info.message_info.map_pre_message_info	ExecSpec.Types_H	('a \<Rightarrow> 'b) \<Rightarrow> message_info_pre_message_info               \<Rightarrow> message_info_pre_message_info
Types_H.pre_cap_transfer.cap_transfer.wit_pre_cap_transfer	ExecSpec.Types_H	cap_transfer_pre_cap_transfer
Types_H.pre_cap_transfer.cap_transfer.set_pre_cap_transfer	ExecSpec.Types_H	cap_transfer_pre_cap_transfer \<Rightarrow> 'a set
Types_H.pre_cap_transfer.cap_transfer.rel_pre_cap_transfer	ExecSpec.Types_H	('a \<Rightarrow> 'b \<Rightarrow> bool) \<Rightarrow> cap_transfer_pre_cap_transfer               \<Rightarrow> cap_transfer_pre_cap_transfer \<Rightarrow> bool
Types_H.pre_cap_transfer.cap_transfer.map_pre_cap_transfer	ExecSpec.Types_H	('a \<Rightarrow> 'b) \<Rightarrow> cap_transfer_pre_cap_transfer               \<Rightarrow> cap_transfer_pre_cap_transfer
Types_H.pre_biframe_data.biframe_data.wit_pre_biframe_data	ExecSpec.Types_H	biframe_data_pre_biframe_data
Types_H.pre_biframe_data.biframe_data.set_pre_biframe_data	ExecSpec.Types_H	biframe_data_pre_biframe_data \<Rightarrow> 'a set
Types_H.pre_biframe_data.biframe_data.rel_pre_biframe_data	ExecSpec.Types_H	('a \<Rightarrow> 'b \<Rightarrow> bool) \<Rightarrow> biframe_data_pre_biframe_data               \<Rightarrow> biframe_data_pre_biframe_data \<Rightarrow> bool
Types_H.pre_biframe_data.biframe_data.map_pre_biframe_data	ExecSpec.Types_H	('a \<Rightarrow> 'b) \<Rightarrow> biframe_data_pre_biframe_data               \<Rightarrow> biframe_data_pre_biframe_data
Structures_H.pre_capability.capability.pred_pre_capability	ExecSpec.Structures_H	('a \<Rightarrow> bool) \<Rightarrow> capability_pre_capability \<Rightarrow> bool
PSpaceStorable_H.kernel_object_type.rec_kernel_object_type	ExecSpec.PSpaceStorable_H	'a \<Rightarrow> 'a \<Rightarrow> 'a \<Rightarrow> 'a              \<Rightarrow> 'a \<Rightarrow> 'a       \<Rightarrow> 'a \<Rightarrow> (arch_kernel_object_type \<Rightarrow> 'a)                                      \<Rightarrow> kernel_object_type              \<Rightarrow> 'a
PSpaceStorable_H.kernel_object_type.mor_kernel_object_type	ExecSpec.PSpaceStorable_H	'a set \<Rightarrow> (kernel_object_type_pre_kernel_object_type \<Rightarrow> 'a)               \<Rightarrow> 'b set                             \<Rightarrow> (kernel_object_type_pre_kernel_object_type      \<Rightarrow> 'b)     \<Rightarrow> ('a \<Rightarrow> 'b) \<Rightarrow> bool
PSpaceStorable_H.kernel_object_type.alg_kernel_object_type	ExecSpec.PSpaceStorable_H	'a set \<Rightarrow> (kernel_object_type_pre_kernel_object_type \<Rightarrow> 'a)               \<Rightarrow> bool
PSpaceStorable_H.kernel_object_type.Rep_kernel_object_type	ExecSpec.PSpaceStorable_H	kernel_object_type \<Rightarrow> kernel_object_type.kernel_object_type_IITN_kernel_object_type               \<Rightarrow> (nat +                              kernel_object_type_pre_kernel_object_type) set                             \<Rightarrow> bool
PSpaceStorable_H.kernel_object_type.Abs_kernel_object_type	ExecSpec.PSpaceStorable_H	(kernel_object_type.kernel_object_type_IITN_kernel_object_type  \<Rightarrow> (nat + kernel_object_type_pre_kernel_object_type) set                \<Rightarrow> bool) \<Rightarrow> kernel_object_type
MachineTypes.RISCV64.hyp_fault_type.min_alg_hyp_fault_type	ExecSpec.MachineTypes	(unit \<Rightarrow> 'a) \<Rightarrow> 'a set
KernelStateData_H.kernel_state.ksWorkUnitsCompleted_update	ExecSpec.KernelStateData_H	(64 word \<Rightarrow> 64 word) \<Rightarrow> 'z kernel_state_scheme \<Rightarrow> 'z kernel_state_scheme
Invocations_H.pre_invocation.invocation.wit_pre_invocation	ExecSpec.Invocations_H	invocation_pre_invocation
Invocations_H.pre_invocation.invocation.set_pre_invocation	ExecSpec.Invocations_H	invocation_pre_invocation \<Rightarrow> 'a set
Invocations_H.pre_invocation.invocation.rel_pre_invocation	ExecSpec.Invocations_H	('a \<Rightarrow> 'b \<Rightarrow> bool) \<Rightarrow> invocation_pre_invocation               \<Rightarrow> invocation_pre_invocation \<Rightarrow> bool
Invocations_H.pre_invocation.invocation.map_pre_invocation	ExecSpec.Invocations_H	('a \<Rightarrow> 'b) \<Rightarrow> invocation_pre_invocation               \<Rightarrow> invocation_pre_invocation
Invocations_H.equal_tcbinvocation_inst.equal_tcbinvocation	ExecSpec.Invocations_H	tcbinvocation \<Rightarrow> tcbinvocation \<Rightarrow> bool
Invocations_H.domain_invocation.str_init_domain_invocation	ExecSpec.Invocations_H	domain_invocation_pre_domain_invocation \<Rightarrow> domain_invocation.domain_invocation_IITN_domain_invocation               \<Rightarrow> (nat +                              domain_invocation_pre_domain_invocation) set                             \<Rightarrow> bool
Invocations_H.domain_invocation.ctor_rec_domain_invocation	ExecSpec.Invocations_H	(domain_invocation_pre_domain_invocation \<Rightarrow> 'a) \<Rightarrow> domain_invocation \<Rightarrow> 'a
InvocationLabels_H.gen_invocation_labels.TCBWriteRegisters	ExecSpec.InvocationLabels_H	gen_invocation_labels
InvocationLabels_H.gen_invocation_labels.TCBSetSchedParams	ExecSpec.InvocationLabels_H	gen_invocation_labels
InvocationLabels_H.gen_invocation_labels.InvalidInvocation	ExecSpec.InvocationLabels_H	gen_invocation_labels
Fault_H.typerep_lookup_failure_inst.typerep_lookup_failure	ExecSpec.Fault_H	lookup_failure itself \<Rightarrow> typerep
Fault_H.term_of_lookup_failure_inst.term_of_lookup_failure	ExecSpec.Fault_H	lookup_failure \<Rightarrow> term
Fault_H.pre_init_failure.init_failure.wit_pre_init_failure	ExecSpec.Fault_H	unit
Fault_H.pre_init_failure.init_failure.set_pre_init_failure	ExecSpec.Fault_H	unit \<Rightarrow> 'a set
Fault_H.pre_init_failure.init_failure.rel_pre_init_failure	ExecSpec.Fault_H	('a \<Rightarrow> 'b \<Rightarrow> bool) \<Rightarrow> unit \<Rightarrow> unit \<Rightarrow> bool
Fault_H.pre_init_failure.init_failure.map_pre_init_failure	ExecSpec.Fault_H	('a \<Rightarrow> 'b) \<Rightarrow> unit \<Rightarrow> unit
Fault_H.narrowing_init_failure_inst.narrowing_init_failure	ExecSpec.Fault_H	integer \<Rightarrow> init_failure ??.Quickcheck_Narrowing.narrowing_cons
Arch_Structs_B.RISCV64_H.random_aux_riscvvspace_region_use	ExecSpec.Arch_Structs_B	natural \<Rightarrow> natural               \<Rightarrow> natural \<times> natural                             \<Rightarrow> (RISCV64_H.riscvvspace_region_use \<times>      (unit \<Rightarrow> term)) \<times>     natural \<times> natural
ArchVSpaceDecls_H.RISCV64_H.decodeRISCVPageTableInvocation	ExecSpec.ArchVSpaceDecls_H	64 word \<Rightarrow> 64 word list               \<Rightarrow> 64 word                             \<Rightarrow> arch_capability     \<Rightarrow> (capability \<times> 64 word) list                   \<Rightarrow> (global.kernel_state,                                  syscall_error +                                  Arch.invocation) nondet_monad
ArchTypes_H.equal_apiobject_type_inst.equal_apiobject_type	ExecSpec.ArchTypes_H	apiobject_type \<Rightarrow> apiobject_type \<Rightarrow> bool
ArchTypes_H.enum_alt_object_type_inst.enum_alt_object_type	ExecSpec.ArchTypes_H	nat \<Rightarrow> object_type option
ArchStructures_H.RISCV64_H.arch_capability.is_PageTableCap	ExecSpec.ArchStructures_H	arch_capability \<Rightarrow> bool
ArchStateData_H.RISCV64_H.kernel_state.riscvKSKernelVSpace	ExecSpec.ArchStateData_H	Arch.kernel_state \<Rightarrow> 64 word \<Rightarrow> RISCV64_H.riscvvspace_region_use
ArchRetypeDecls_H.RISCV64_H.random_aux_asidpool_invocation	ExecSpec.ArchRetypeDecls_H	natural \<Rightarrow> natural               \<Rightarrow> natural \<times> natural                             \<Rightarrow> (RISCV64_H.asidpool_invocation \<times>      (unit \<Rightarrow> term)) \<times>     natural \<times> natural
ArchRetypeDecls_H.RISCV64_H.page_table_invocation.ptMapPTE	ExecSpec.ArchRetypeDecls_H	RISCV64_H.page_table_invocation \<Rightarrow> RISCV64_H.pte
ArchRetypeDecls_H.RISCV64_H.page_table_invocation.ptMapCap	ExecSpec.ArchRetypeDecls_H	RISCV64_H.page_table_invocation \<Rightarrow> capability
ArchRetypeDecls_H.RISCV64_H.page_invocation.pageMapEntries	ExecSpec.ArchRetypeDecls_H	RISCV64_H.page_invocation \<Rightarrow> RISCV64_H.pte \<times> 64 word
ArchRetypeDecls_H.RISCV64_H.page_invocation.pageGetBasePtr	ExecSpec.ArchRetypeDecls_H	RISCV64_H.page_invocation \<Rightarrow> 64 word
ArchRetypeDecls_H.RISCV64_H.page_invocation.is_PageGetAddr	ExecSpec.ArchRetypeDecls_H	RISCV64_H.page_invocation \<Rightarrow> bool
ArchRetypeDecls_H.RISCV64_H.invocation.str_init_invocation	ExecSpec.ArchRetypeDecls_H	RISCV64_H.invocation_pre_invocation \<Rightarrow> RISCV64_H.invocation.invocation_IITN_invocation               \<Rightarrow> (nat + RISCV64_H.invocation_pre_invocation) set                             \<Rightarrow> bool
ArchRetypeDecls_H.RISCV64_H.invocation.ctor_rec_invocation	ExecSpec.ArchRetypeDecls_H	(RISCV64_H.invocation_pre_invocation \<Rightarrow> 'a) \<Rightarrow> Arch.invocation \<Rightarrow> 'a
ArchRetypeDecls_H.RISCV64_H.asidpool_invocation.assignASID	ExecSpec.ArchRetypeDecls_H	RISCV64_H.asidpool_invocation \<Rightarrow> 64 word
ArchFault_H.RISCV64_H.size_arch_fault_inst.size_arch_fault	ExecSpec.ArchFault_H	arch_fault \<Rightarrow> nat
Structures_H.typerep_zombie_type_inst.typerep_zombie_type	ExecSpec.Structures_H	zombie_type itself \<Rightarrow> typerep
Structures_H.term_of_zombie_type_inst.term_of_zombie_type	ExecSpec.Structures_H	zombie_type \<Rightarrow> term
Structures_H.random_thread_state_inst.random_thread_state	ExecSpec.Structures_H	natural \<Rightarrow> natural \<times> natural               \<Rightarrow> (thread_state \<times>                              (unit \<Rightarrow> term)) \<times>                             natural \<times> natural
Structures_H.random_notification_inst.random_notification	ExecSpec.Structures_H	natural \<Rightarrow> natural \<times> natural               \<Rightarrow> (notification \<times>                              (unit \<Rightarrow> term)) \<times>                             natural \<times> natural
Structures_H.pre_capability.capability.wit_pre_capability	ExecSpec.Structures_H	capability_pre_capability
Structures_H.pre_capability.capability.set_pre_capability	ExecSpec.Structures_H	capability_pre_capability \<Rightarrow> 'a set
Structures_H.pre_capability.capability.rel_pre_capability	ExecSpec.Structures_H	('a \<Rightarrow> 'b \<Rightarrow> bool) \<Rightarrow> capability_pre_capability               \<Rightarrow> capability_pre_capability \<Rightarrow> bool
Structures_H.pre_capability.capability.map_pre_capability	ExecSpec.Structures_H	('a \<Rightarrow> 'b) \<Rightarrow> capability_pre_capability               \<Rightarrow> capability_pre_capability
Structures_H.partial_term_of_tcb_inst.partial_term_of_tcb	ExecSpec.Structures_H	tcb itself \<Rightarrow> ??.Quickcheck_Narrowing.narrowing_term \<Rightarrow> term
Structures_H.partial_term_of_cte_inst.partial_term_of_cte	ExecSpec.Structures_H	cte itself \<Rightarrow> ??.Quickcheck_Narrowing.narrowing_term \<Rightarrow> term
Structures_H.narrowing_user_data_inst.narrowing_user_data	ExecSpec.Structures_H	integer \<Rightarrow> user_data ??.Quickcheck_Narrowing.narrowing_cons
Structures_H.full_exhaustive_cte_inst.full_exhaustive_cte	ExecSpec.Structures_H	(cte \<times> (unit \<Rightarrow> term)  \<Rightarrow> (bool \<times> term list) option) \<Rightarrow> natural \<Rightarrow> (bool \<times> term list) option
Structures_H.equal_kernel_object_inst.equal_kernel_object	ExecSpec.Structures_H	kernel_object \<Rightarrow> kernel_object \<Rightarrow> bool
ObjectInstances_H.pspace_storable_tcb_inst.makeObject_tcb	ExecSpec.ObjectInstances_H	tcb
ObjectInstances_H.pspace_storable_tcb_inst.loadObject_tcb	ExecSpec.ObjectInstances_H	64 word \<Rightarrow> 64 word               \<Rightarrow> 64 word option                             \<Rightarrow> kernel_object     \<Rightarrow> (global.kernel_state, tcb) nondet_monad
ObjectInstances_H.pspace_storable_cte_inst.makeObject_cte	ExecSpec.ObjectInstances_H	cte
ObjectInstances_H.pspace_storable_cte_inst.loadObject_cte	ExecSpec.ObjectInstances_H	64 word \<Rightarrow> 64 word               \<Rightarrow> 64 word option                             \<Rightarrow> kernel_object     \<Rightarrow> (global.kernel_state, cte) nondet_monad
ObjectInstances_H.pre_storable_tcb_inst.projectKO_opt_tcb	ExecSpec.ObjectInstances_H	kernel_object \<Rightarrow> tcb option
ObjectInstances_H.pre_storable_cte_inst.projectKO_opt_cte	ExecSpec.ObjectInstances_H	kernel_object \<Rightarrow> cte option
MachineTypes.RISCV64.random_register_inst.random_register	ExecSpec.MachineTypes	natural \<Rightarrow> natural \<times> natural               \<Rightarrow> (register \<times>                              (unit \<Rightarrow> term)) \<times>                             natural \<times> natural
KernelStateData_H.kernel_state.gsUntypedZeroRanges_update	ExecSpec.KernelStateData_H	((64 word \<times> 64 word) set  \<Rightarrow> (64 word \<times> 64 word) set) \<Rightarrow> 'z kernel_state_scheme \<Rightarrow> 'z kernel_state_scheme
Invocations_H.domain_invocation.min_alg_domain_invocation	ExecSpec.Invocations_H	(domain_invocation_pre_domain_invocation \<Rightarrow> 'a) \<Rightarrow> 'a set
Invocations_H.cnode_invocation.ctor_fold_cnode_invocation	ExecSpec.Invocations_H	(cnode_invocation_pre_cnode_invocation \<Rightarrow> 'a) \<Rightarrow> cnode_invocation \<Rightarrow> 'a
InvocationLabels_H.invocation_label.size_invocation_label	ExecSpec.InvocationLabels_H	invocation_label \<Rightarrow> nat
InvocationLabels_H.invocation_label.dtor_invocation_label	ExecSpec.InvocationLabels_H	invocation_label \<Rightarrow> gen_invocation_labels + arch_invocation_label
InvocationLabels_H.invocation_label.ctor_invocation_label	ExecSpec.InvocationLabels_H	gen_invocation_labels + arch_invocation_label \<Rightarrow> invocation_label
InvocationLabels_H.invocation_label.case_invocation_label	ExecSpec.InvocationLabels_H	(gen_invocation_labels \<Rightarrow> 'a) \<Rightarrow> (arch_invocation_label \<Rightarrow> 'a)               \<Rightarrow> invocation_label \<Rightarrow> 'a
InvocationLabels_H.gen_invocation_labels.TCBSetMCPriority	ExecSpec.InvocationLabels_H	gen_invocation_labels
InvocationLabels_H.gen_invocation_labels.TCBReadRegisters	ExecSpec.InvocationLabels_H	gen_invocation_labels
InvocationLabels_H.gen_invocation_labels.TCBCopyRegisters	ExecSpec.InvocationLabels_H	gen_invocation_labels
InvocationLabels_H.gen_invocation_labels.IRQSetIRQHandler	ExecSpec.InvocationLabels_H	gen_invocation_labels
Hardware_H.RISCV64_H.random_vmrights_inst.random_vmrights	ExecSpec.Hardware_H	natural \<Rightarrow> natural \<times> natural               \<Rightarrow> (vmrights \<times>                              (unit \<Rightarrow> term)) \<times>                             natural \<times> natural
ArchVSpaceDecls_H.RISCV64_H.decodeRISCVFrameInvocationMap	ExecSpec.ArchVSpaceDecls_H	64 word \<Rightarrow> arch_capability               \<Rightarrow> 64 word                             \<Rightarrow> 64 word     \<Rightarrow> 64 word                   \<Rightarrow> capability                                 \<Rightarrow> (global.kernel_state,          syscall_error + Arch.invocation) nondet_monad
ArchVSpaceDecls_H.RISCV64_H.decodeRISCVASIDPoolInvocation	ExecSpec.ArchVSpaceDecls_H	64 word \<Rightarrow> arch_capability               \<Rightarrow> (capability \<times> 64 word) list                             \<Rightarrow> (global.kernel_state,      syscall_error + Arch.invocation) nondet_monad
ArchStructures_H.RISCV64_H.arch_capability.is_ASIDPoolCap	ExecSpec.ArchStructures_H	arch_capability \<Rightarrow> bool
ArchStructures_H.RISCV64_H.arch_capability.ASIDControlCap	ExecSpec.ArchStructures_H	arch_capability
ArchRetypeDecls_H.RISCV64_H.random_aux_copy_register_sets	ExecSpec.ArchRetypeDecls_H	natural \<Rightarrow> natural               \<Rightarrow> natural \<times> natural                             \<Rightarrow> (Arch.copy_register_sets \<times>      (unit \<Rightarrow> term)) \<times>     natural \<times> natural
ArchRetypeDecls_H.RISCV64_H.page_invocation.pageMapCTSlot	ExecSpec.ArchRetypeDecls_H	RISCV64_H.page_invocation \<Rightarrow> 64 word
ArchRetypeDecls_H.RISCV64_H.invocation.min_alg_invocation	ExecSpec.ArchRetypeDecls_H	(RISCV64_H.invocation_pre_invocation \<Rightarrow> 'a) \<Rightarrow> 'a set
ArchObjInsts_H.pre_storable_asidpool_inst.koType_asidpool	ExecSpec.ArchObjInsts_H	RISCV64_H.asidpool itself \<Rightarrow> kernel_object_type
ArchInterruptDecls_H.RISCV64_H.decodeIRQControlInvocation	ExecSpec.ArchInterruptDecls_H	64 word \<Rightarrow> 64 word list               \<Rightarrow> 64 word                             \<Rightarrow> capability list     \<Rightarrow> (global.kernel_state,                    syscall_error + Arch.irqcontrol_invocation) nondet_monad
Types_H.equal_bidevice_region_inst.equal_bidevice_region	ExecSpec.Types_H	bidevice_region \<Rightarrow> bidevice_region \<Rightarrow> bool
Structures_H.user_data_device.ctor_fold_user_data_device	ExecSpec.Structures_H	(unit \<Rightarrow> 'a) \<Rightarrow> user_data_device \<Rightarrow> 'a
Structures_H.scheduler_action.ctor_fold_scheduler_action	ExecSpec.Structures_H	(scheduler_action_pre_scheduler_action \<Rightarrow> 'a) \<Rightarrow> scheduler_action \<Rightarrow> 'a
PSpaceStorable_H.pre_storable_class.updateObject_default	ExecSpec.PSpaceStorable_H	'a \<Rightarrow> kernel_object                  \<Rightarrow> 64 word                                \<Rightarrow> 64 word        \<Rightarrow> 64 word option                      \<Rightarrow> (global.kernel_state,                                     kernel_object) nondet_monad
MachineTypes.RISCV64.vmfault_type.ctor_fold_vmfault_type	ExecSpec.MachineTypes	(RISCV64.vmfault_type_pre_vmfault_type \<Rightarrow> 'a) \<Rightarrow> vmfault_type \<Rightarrow> 'a
KernelStateData_H.kernel_state.ksDomScheduleStart_update	ExecSpec.KernelStateData_H	(nat \<Rightarrow> nat) \<Rightarrow> 'z kernel_state_scheme \<Rightarrow> 'z kernel_state_scheme
Invocations_H.untyped_invocation.size_untyped_invocation	ExecSpec.Invocations_H	untyped_invocation \<Rightarrow> nat
Invocations_H.untyped_invocation.dtor_untyped_invocation	ExecSpec.Invocations_H	untyped_invocation \<Rightarrow> untyped_invocation_pre_untyped_invocation
Invocations_H.untyped_invocation.ctor_untyped_invocation	ExecSpec.Invocations_H	untyped_invocation_pre_untyped_invocation \<Rightarrow> untyped_invocation
Invocations_H.untyped_invocation.case_untyped_invocation	ExecSpec.Invocations_H	(64 word  \<Rightarrow> bool                \<Rightarrow> 64 word                              \<Rightarrow> 64 word      \<Rightarrow> object_type                    \<Rightarrow> nat                                  \<Rightarrow> 64 word list          \<Rightarrow> bool \<Rightarrow> 'a) \<Rightarrow> untyped_invocation \<Rightarrow> 'a
Invocations_H.typerep_invocation_inst.typerep_invocation	ExecSpec.Invocations_H	global.invocation itself \<Rightarrow> typerep
Invocations_H.term_of_invocation_inst.term_of_invocation	ExecSpec.Invocations_H	global.invocation \<Rightarrow> term
Invocations_H.size_tcbinvocation_inst.size_tcbinvocation	ExecSpec.Invocations_H	tcbinvocation \<Rightarrow> nat
Invocations_H.cnode_invocation.str_init_cnode_invocation	ExecSpec.Invocations_H	cnode_invocation_pre_cnode_invocation \<Rightarrow> cnode_invocation.cnode_invocation_IITN_cnode_invocation               \<Rightarrow> (nat +                              cnode_invocation_pre_cnode_invocation) set                             \<Rightarrow> bool
Invocations_H.cnode_invocation.ctor_rec_cnode_invocation	ExecSpec.Invocations_H	(cnode_invocation_pre_cnode_invocation \<Rightarrow> 'a) \<Rightarrow> cnode_invocation \<Rightarrow> 'a
InvocationLabels_H.invocation_label.rec_invocation_label	ExecSpec.InvocationLabels_H	(gen_invocation_labels \<Rightarrow> 'a) \<Rightarrow> (arch_invocation_label \<Rightarrow> 'a)               \<Rightarrow> invocation_label \<Rightarrow> 'a
InvocationLabels_H.invocation_label.mor_invocation_label	ExecSpec.InvocationLabels_H	'a set \<Rightarrow> (gen_invocation_labels + arch_invocation_label                \<Rightarrow> 'a)               \<Rightarrow> 'b set                             \<Rightarrow> (gen_invocation_labels +      arch_invocation_label      \<Rightarrow> 'b)     \<Rightarrow> ('a \<Rightarrow> 'b) \<Rightarrow> bool
InvocationLabels_H.invocation_label.alg_invocation_label	ExecSpec.InvocationLabels_H	'a set \<Rightarrow> (gen_invocation_labels + arch_invocation_label                \<Rightarrow> 'a)               \<Rightarrow> bool
InvocationLabels_H.invocation_label.Rep_invocation_label	ExecSpec.InvocationLabels_H	invocation_label \<Rightarrow> invocation_label.invocation_label_IITN_invocation_label               \<Rightarrow> (nat +                              gen_invocation_labels +                              arch_invocation_label) set                             \<Rightarrow> bool
InvocationLabels_H.invocation_label.Abs_invocation_label	ExecSpec.InvocationLabels_H	(invocation_label.invocation_label_IITN_invocation_label  \<Rightarrow> (nat + gen_invocation_labels + arch_invocation_label) set                \<Rightarrow> bool) \<Rightarrow> invocation_label
InvocationLabels_H.gen_invocation_labels.TCBSetIPCBuffer	ExecSpec.InvocationLabels_H	gen_invocation_labels
InvocationLabels_H.gen_invocation_labels.CNodeSaveCaller	ExecSpec.InvocationLabels_H	gen_invocation_labels
Fault_H.typerep_syscall_error_inst.typerep_syscall_error	ExecSpec.Fault_H	syscall_error itself \<Rightarrow> typerep
Fault_H.term_of_syscall_error_inst.term_of_syscall_error	ExecSpec.Fault_H	syscall_error \<Rightarrow> term
Fault_H.random_lookup_failure_inst.random_lookup_failure	ExecSpec.Fault_H	natural \<Rightarrow> natural \<times> natural               \<Rightarrow> (lookup_failure \<times>                              (unit \<Rightarrow> term)) \<times>                             natural \<times> natural
Fault_H.partial_term_of_fault_inst.partial_term_of_fault	ExecSpec.Fault_H	fault itself \<Rightarrow> ??.Quickcheck_Narrowing.narrowing_term \<Rightarrow> term
Fault_H.full_exhaustive_fault_inst.full_exhaustive_fault	ExecSpec.Fault_H	(fault \<times> (unit \<Rightarrow> term)  \<Rightarrow> (bool \<times> term list) option) \<Rightarrow> natural \<Rightarrow> (bool \<times> term list) option
Event_H.partial_term_of_event_inst.partial_term_of_event	ExecSpec.Event_H	event itself \<Rightarrow> ??.Quickcheck_Narrowing.narrowing_term \<Rightarrow> term
Event_H.full_exhaustive_event_inst.full_exhaustive_event	ExecSpec.Event_H	(event \<times> (unit \<Rightarrow> term)  \<Rightarrow> (bool \<times> term list) option) \<Rightarrow> natural \<Rightarrow> (bool \<times> term list) option
ArchVSpaceDecls_H.RISCV64_H.performASIDControlInvocation	ExecSpec.ArchVSpaceDecls_H	RISCV64_H.asidcontrol_invocation \<Rightarrow> (global.kernel_state, unit) nondet_monad
ArchTypes_H.size_apiobject_type_inst.size_apiobject_type	ExecSpec.ArchTypes_H	apiobject_type \<Rightarrow> nat
ArchTypes_H.enum_apiobject_type_inst.enum_apiobject_type	ExecSpec.ArchTypes_H	apiobject_type list
ArchStructures_H.RISCV64_H.random_aux_arch_kernel_object	ExecSpec.ArchStructures_H	natural \<Rightarrow> natural               \<Rightarrow> natural \<times> natural                             \<Rightarrow> (arch_kernel_object \<times>      (unit \<Rightarrow> term)) \<times>     natural \<times> natural
ArchStructures_H.RISCV64_H.arch_kernel_object.KOASIDPool	ExecSpec.ArchStructures_H	RISCV64_H.asidpool \<Rightarrow> arch_kernel_object
ArchStateData_H.RISCV64_H.kernel_state.size_kernel_state	ExecSpec.ArchStateData_H	Arch.kernel_state \<Rightarrow> nat
ArchStateData_H.RISCV64_H.kernel_state.dtor_kernel_state	ExecSpec.ArchStateData_H	Arch.kernel_state \<Rightarrow> RISCV64_H.kernel_state_pre_kernel_state
ArchStateData_H.RISCV64_H.kernel_state.ctor_kernel_state	ExecSpec.ArchStateData_H	RISCV64_H.kernel_state_pre_kernel_state \<Rightarrow> Arch.kernel_state
ArchStateData_H.RISCV64_H.kernel_state.case_kernel_state	ExecSpec.ArchStateData_H	((64 word \<Rightarrow> 64 word option)  \<Rightarrow> (nat \<Rightarrow> 64 word list)                \<Rightarrow> (64 word                               \<Rightarrow> RISCV64_H.riscvvspace_region_use)                              \<Rightarrow> 'a) \<Rightarrow> Arch.kernel_state \<Rightarrow> 'a
ArchRetypeDecls_H.RISCV64_H.page_invocation.pageUnmapCap	ExecSpec.ArchRetypeDecls_H	RISCV64_H.page_invocation \<Rightarrow> arch_capability
ArchRetypeDecls_H.RISCV64_H.page_invocation.is_PageUnmap	ExecSpec.ArchRetypeDecls_H	RISCV64_H.page_invocation \<Rightarrow> bool
ArchRetypeDecls_H.RISCV64_H.invocation.InvokeASIDControl	ExecSpec.ArchRetypeDecls_H	RISCV64_H.asidcontrol_invocation \<Rightarrow> Arch.invocation
ArchObjInsts_H.pspace_storable_pte_inst.updateObject_pte	ExecSpec.ArchObjInsts_H	RISCV64_H.pte \<Rightarrow> kernel_object               \<Rightarrow> 64 word                             \<Rightarrow> 64 word     \<Rightarrow> 64 word option                   \<Rightarrow> (global.kernel_state,                                  kernel_object) nondet_monad
Structures_H.user_data_device.str_init_user_data_device	ExecSpec.Structures_H	unit \<Rightarrow> user_data_device.user_data_device_IITN_user_data_device               \<Rightarrow> (nat + unit) set \<Rightarrow> bool
Structures_H.user_data_device.ctor_rec_user_data_device	ExecSpec.Structures_H	(unit \<Rightarrow> 'a) \<Rightarrow> user_data_device \<Rightarrow> 'a
Structures_H.typerep_capability_inst.typerep_capability	ExecSpec.Structures_H	capability itself \<Rightarrow> typerep
Structures_H.term_of_capability_inst.term_of_capability	ExecSpec.Structures_H	capability \<Rightarrow> term
Structures_H.size_kernel_object_inst.size_kernel_object	ExecSpec.Structures_H	kernel_object \<Rightarrow> nat
Structures_H.scheduler_action.str_init_scheduler_action	ExecSpec.Structures_H	scheduler_action_pre_scheduler_action \<Rightarrow> scheduler_action.scheduler_action_IITN_scheduler_action               \<Rightarrow> (nat +                              scheduler_action_pre_scheduler_action) set                             \<Rightarrow> bool
Structures_H.scheduler_action.ctor_rec_scheduler_action	ExecSpec.Structures_H	(scheduler_action_pre_scheduler_action \<Rightarrow> 'a) \<Rightarrow> scheduler_action \<Rightarrow> 'a
Structures_H.random_zombie_type_inst.random_zombie_type	ExecSpec.Structures_H	natural \<Rightarrow> natural \<times> natural               \<Rightarrow> (zombie_type \<times>                              (unit \<Rightarrow> term)) \<times>                             natural \<times> natural
Structures_H.pre_user_data.user_data.pred_pre_user_data	ExecSpec.Structures_H	('a \<Rightarrow> bool) \<Rightarrow> unit \<Rightarrow> bool
Structures_H.narrowing_irqstate_inst.narrowing_irqstate	ExecSpec.Structures_H	integer \<Rightarrow> irqstate ??.Quickcheck_Narrowing.narrowing_cons
Structures_H.equal_thread_state_inst.equal_thread_state	ExecSpec.Structures_H	thread_state \<Rightarrow> thread_state \<Rightarrow> bool
Structures_H.equal_notification_inst.equal_notification	ExecSpec.Structures_H	notification \<Rightarrow> notification \<Rightarrow> bool
MachineTypes.enum_vmpage_size_inst.enum_all_vmpage_size	ExecSpec.MachineTypes	(vmpage_size \<Rightarrow> bool) \<Rightarrow> bool
MachineTypes.RISCV64.vmfault_type.str_init_vmfault_type	ExecSpec.MachineTypes	RISCV64.vmfault_type_pre_vmfault_type \<Rightarrow> RISCV64.vmfault_type.vmfault_type_IITN_vmfault_type               \<Rightarrow> (nat +                              RISCV64.vmfault_type_pre_vmfault_type) set                             \<Rightarrow> bool
MachineTypes.RISCV64.vmfault_type.ctor_rec_vmfault_type	ExecSpec.MachineTypes	(RISCV64.vmfault_type_pre_vmfault_type \<Rightarrow> 'a) \<Rightarrow> vmfault_type \<Rightarrow> 'a
MachineTypes.RISCV64.vmfault_type.RISCVStoreAccessFault	ExecSpec.MachineTypes	vmfault_type
MachineTypes.RISCV64.hyp_fault_type.size_hyp_fault_type	ExecSpec.MachineTypes	hyp_fault_type \<Rightarrow> nat
MachineTypes.RISCV64.hyp_fault_type.dtor_hyp_fault_type	ExecSpec.MachineTypes	hyp_fault_type \<Rightarrow> unit
MachineTypes.RISCV64.hyp_fault_type.ctor_hyp_fault_type	ExecSpec.MachineTypes	unit \<Rightarrow> hyp_fault_type
MachineTypes.RISCV64.hyp_fault_type.case_hyp_fault_type	ExecSpec.MachineTypes	'a \<Rightarrow> hyp_fault_type \<Rightarrow> 'a
KernelStateData_H.kernel_state.ksSchedulerAction_update	ExecSpec.KernelStateData_H	(scheduler_action \<Rightarrow> scheduler_action) \<Rightarrow> 'z kernel_state_scheme \<Rightarrow> 'z kernel_state_scheme
Invocations_H.untyped_invocation.rec_untyped_invocation	ExecSpec.Invocations_H	(64 word  \<Rightarrow> bool                \<Rightarrow> 64 word                              \<Rightarrow> 64 word      \<Rightarrow> object_type                    \<Rightarrow> nat                                  \<Rightarrow> 64 word list          \<Rightarrow> bool \<Rightarrow> 'a) \<Rightarrow> untyped_invocation \<Rightarrow> 'a
Invocations_H.untyped_invocation.mor_untyped_invocation	ExecSpec.Invocations_H	'a set \<Rightarrow> (untyped_invocation_pre_untyped_invocation \<Rightarrow> 'a)               \<Rightarrow> 'b set                             \<Rightarrow> (untyped_invocation_pre_untyped_invocation      \<Rightarrow> 'b)     \<Rightarrow> ('a \<Rightarrow> 'b) \<Rightarrow> bool
Invocations_H.untyped_invocation.alg_untyped_invocation	ExecSpec.Invocations_H	'a set \<Rightarrow> (untyped_invocation_pre_untyped_invocation \<Rightarrow> 'a)               \<Rightarrow> bool
Invocations_H.untyped_invocation.Rep_untyped_invocation	ExecSpec.Invocations_H	untyped_invocation \<Rightarrow> untyped_invocation.untyped_invocation_IITN_untyped_invocation               \<Rightarrow> (nat +                              untyped_invocation_pre_untyped_invocation) set                             \<Rightarrow> bool
Invocations_H.untyped_invocation.Abs_untyped_invocation	ExecSpec.Invocations_H	(untyped_invocation.untyped_invocation_IITN_untyped_invocation  \<Rightarrow> (nat + untyped_invocation_pre_untyped_invocation) set                \<Rightarrow> bool) \<Rightarrow> untyped_invocation
Invocations_H.cnode_invocation.min_alg_cnode_invocation	ExecSpec.Invocations_H	(cnode_invocation_pre_cnode_invocation \<Rightarrow> 'a) \<Rightarrow> 'a set
InvocationLabels_H.invocation_label.ArchInvocationLabel	ExecSpec.InvocationLabels_H	arch_invocation_label \<Rightarrow> invocation_label
InvocationLabels_H.gen_invocation_labels.TCBSetPriority	ExecSpec.InvocationLabels_H	gen_invocation_labels
ArchTypes_H.RISCV64_H.object_type.ctor_fold_object_type	ExecSpec.ArchTypes_H	(RISCV64_H.object_type_pre_object_type \<Rightarrow> 'a) \<Rightarrow> object_type \<Rightarrow> 'a
ArchStructures_H.RISCV64_H.arch_kernel_object_type.PTET	ExecSpec.ArchStructures_H	arch_kernel_object_type
ArchStructures_H.RISCV64_H.arch_capability.capPTBasePtr	ExecSpec.ArchStructures_H	arch_capability \<Rightarrow> 64 word
ArchStructures_H.RISCV64_H.arch_capability.capFVMRights	ExecSpec.ArchStructures_H	arch_capability \<Rightarrow> vmrights
ArchStructures_H.RISCV64_H.arch_capability.capFIsDevice	ExecSpec.ArchStructures_H	arch_capability \<Rightarrow> bool
ArchStructures_H.RISCV64_H.arch_capability.PageTableCap	ExecSpec.ArchStructures_H	64 word \<Rightarrow> (64 word \<times> 64 word) option               \<Rightarrow> arch_capability
ArchStateData_H.RISCV64_H.kernel_state.riscvKSGlobalPTs	ExecSpec.ArchStateData_H	Arch.kernel_state \<Rightarrow> nat \<Rightarrow> 64 word list
ArchStateData_H.RISCV64_H.kernel_state.riscvKSASIDTable	ExecSpec.ArchStateData_H	Arch.kernel_state \<Rightarrow> 64 word \<Rightarrow> 64 word option
ArchStateData_H.RISCV64_H.kernel_state.rec_kernel_state	ExecSpec.ArchStateData_H	((64 word \<Rightarrow> 64 word option)  \<Rightarrow> (nat \<Rightarrow> 64 word list)                \<Rightarrow> (64 word                               \<Rightarrow> RISCV64_H.riscvvspace_region_use)                              \<Rightarrow> 'a) \<Rightarrow> Arch.kernel_state \<Rightarrow> 'a
ArchStateData_H.RISCV64_H.kernel_state.mor_kernel_state	ExecSpec.ArchStateData_H	'a set \<Rightarrow> (RISCV64_H.kernel_state_pre_kernel_state \<Rightarrow> 'a)               \<Rightarrow> 'b set                             \<Rightarrow> (RISCV64_H.kernel_state_pre_kernel_state      \<Rightarrow> 'b)     \<Rightarrow> ('a \<Rightarrow> 'b) \<Rightarrow> bool
ArchStateData_H.RISCV64_H.kernel_state.alg_kernel_state	ExecSpec.ArchStateData_H	'a set \<Rightarrow> (RISCV64_H.kernel_state_pre_kernel_state \<Rightarrow> 'a)               \<Rightarrow> bool
ArchStateData_H.RISCV64_H.kernel_state.Rep_kernel_state	ExecSpec.ArchStateData_H	Arch.kernel_state \<Rightarrow> RISCV64_H.kernel_state.kernel_state_IITN_kernel_state               \<Rightarrow> (nat +                              RISCV64_H.kernel_state_pre_kernel_state) set                             \<Rightarrow> bool
ArchStateData_H.RISCV64_H.kernel_state.RISCVKernelState	ExecSpec.ArchStateData_H	(64 word \<Rightarrow> 64 word option) \<Rightarrow> (nat \<Rightarrow> 64 word list)               \<Rightarrow> (64 word                              \<Rightarrow> RISCV64_H.riscvvspace_region_use)                             \<Rightarrow> Arch.kernel_state
ArchStateData_H.RISCV64_H.kernel_state.Abs_kernel_state	ExecSpec.ArchStateData_H	(RISCV64_H.kernel_state.kernel_state_IITN_kernel_state  \<Rightarrow> (nat + RISCV64_H.kernel_state_pre_kernel_state) set                \<Rightarrow> bool) \<Rightarrow> Arch.kernel_state
ArchRetypeDecls_H.RISCV64_H.page_invocation.PageGetAddr	ExecSpec.ArchRetypeDecls_H	64 word \<Rightarrow> RISCV64_H.page_invocation
Types_H.typerep_message_info_inst.typerep_message_info	ExecSpec.Types_H	message_info itself \<Rightarrow> typerep
Types_H.typerep_cap_transfer_inst.typerep_cap_transfer	ExecSpec.Types_H	cap_transfer itself \<Rightarrow> typerep
Types_H.typerep_biframe_data_inst.typerep_biframe_data	ExecSpec.Types_H	biframe_data itself \<Rightarrow> typerep
Types_H.term_of_message_info_inst.term_of_message_info	ExecSpec.Types_H	message_info \<Rightarrow> term
Types_H.term_of_cap_transfer_inst.term_of_cap_transfer	ExecSpec.Types_H	cap_transfer \<Rightarrow> term
Types_H.term_of_biframe_data_inst.term_of_biframe_data	ExecSpec.Types_H	biframe_data \<Rightarrow> term
Types_H.size_bidevice_region_inst.size_bidevice_region	ExecSpec.Types_H	bidevice_region \<Rightarrow> nat
Types_H.narrowing_cap_rights_inst.narrowing_cap_rights	ExecSpec.Types_H	integer \<Rightarrow> cap_rights ??.Quickcheck_Narrowing.narrowing_cons
Structures_H.user_data_device.min_alg_user_data_device	ExecSpec.Structures_H	(unit \<Rightarrow> 'a) \<Rightarrow> 'a set
Structures_H.scheduler_action.min_alg_scheduler_action	ExecSpec.Structures_H	(scheduler_action_pre_scheduler_action \<Rightarrow> 'a) \<Rightarrow> 'a set
Structures_H.pre_user_data.user_data.wit_pre_user_data	ExecSpec.Structures_H	unit
Structures_H.pre_user_data.user_data.set_pre_user_data	ExecSpec.Structures_H	unit \<Rightarrow> 'a set
Structures_H.pre_user_data.user_data.rel_pre_user_data	ExecSpec.Structures_H	('a \<Rightarrow> 'b \<Rightarrow> bool) \<Rightarrow> unit \<Rightarrow> unit \<Rightarrow> bool
Structures_H.pre_user_data.user_data.map_pre_user_data	ExecSpec.Structures_H	('a \<Rightarrow> 'b) \<Rightarrow> unit \<Rightarrow> unit
Structures_H.interrupt_state.ctor_fold_interrupt_state	ExecSpec.Structures_H	(interrupt_state_pre_interrupt_state \<Rightarrow> 'a) \<Rightarrow> interrupt_state \<Rightarrow> 'a
PSpaceStorable_H.pre_storable_class.loadObject_default	ExecSpec.PSpaceStorable_H	64 word \<Rightarrow> 64 word               \<Rightarrow> 64 word option                             \<Rightarrow> kernel_object     \<Rightarrow> (global.kernel_state, 'a) nondet_monad
MachineTypes.enum_vmpage_size_inst.enum_ex_vmpage_size	ExecSpec.MachineTypes	(vmpage_size \<Rightarrow> bool) \<Rightarrow> bool
MachineTypes.RISCV64.vmpage_size.ctor_fold_vmpage_size	ExecSpec.MachineTypes	(unit + unit + unit \<Rightarrow> 'a) \<Rightarrow> vmpage_size \<Rightarrow> 'a
MachineTypes.RISCV64.vmfault_type.min_alg_vmfault_type	ExecSpec.MachineTypes	(RISCV64.vmfault_type_pre_vmfault_type \<Rightarrow> 'a) \<Rightarrow> 'a set
MachineTypes.RISCV64.vmfault_type.RISCVLoadAccessFault	ExecSpec.MachineTypes	vmfault_type
MachineTypes.RISCV64.hyp_fault_type.rec_hyp_fault_type	ExecSpec.MachineTypes	'a \<Rightarrow> hyp_fault_type \<Rightarrow> 'a
MachineTypes.RISCV64.hyp_fault_type.mor_hyp_fault_type	ExecSpec.MachineTypes	'a set \<Rightarrow> (unit \<Rightarrow> 'a)               \<Rightarrow> 'b set                             \<Rightarrow> (unit \<Rightarrow> 'b)     \<Rightarrow> ('a \<Rightarrow> 'b) \<Rightarrow> bool
MachineTypes.RISCV64.hyp_fault_type.alg_hyp_fault_type	ExecSpec.MachineTypes	'a set \<Rightarrow> (unit \<Rightarrow> 'a) \<Rightarrow> bool
MachineTypes.RISCV64.hyp_fault_type.Rep_hyp_fault_type	ExecSpec.MachineTypes	hyp_fault_type \<Rightarrow> RISCV64.hyp_fault_type.hyp_fault_type_IITN_hyp_fault_type               \<Rightarrow> (nat + unit) set \<Rightarrow> bool
MachineTypes.RISCV64.hyp_fault_type.Abs_hyp_fault_type	ExecSpec.MachineTypes	(RISCV64.hyp_fault_type.hyp_fault_type_IITN_hyp_fault_type  \<Rightarrow> (nat + unit) set \<Rightarrow> bool) \<Rightarrow> hyp_fault_type
MachineOps.RISCV64.user_context.ctor_fold_user_context	ExecSpec.MachineOps	(RISCV64.user_context_pre_user_context \<Rightarrow> 'a) \<Rightarrow> user_context \<Rightarrow> 'a
Kernel_Config.CONFIG_ARM_HIKEY_OUTSTANDING_PREFETCHERS	ExecSpec.Kernel_Config	bool
KernelStateData_H.kernel_state.ksInterruptState_update	ExecSpec.KernelStateData_H	(interrupt_state \<Rightarrow> interrupt_state) \<Rightarrow> 'z kernel_state_scheme \<Rightarrow> 'z kernel_state_scheme
KernelStateData_H.kernel_state.ksDomScheduleIdx_update	ExecSpec.KernelStateData_H	(nat \<Rightarrow> nat) \<Rightarrow> 'z kernel_state_scheme \<Rightarrow> 'z kernel_state_scheme
Invocations_H.random_invocation_inst.random_invocation	ExecSpec.Invocations_H	natural \<Rightarrow> natural \<times> natural               \<Rightarrow> (global.invocation \<times>                              (unit \<Rightarrow> term)) \<times>                             natural \<times> natural
Invocations_H.irqhandler_invocation.is_ClearIRQHandler	ExecSpec.Invocations_H	irqhandler_invocation \<Rightarrow> bool
Invocations_H.domain_invocation.size_domain_invocation	ExecSpec.Invocations_H	domain_invocation \<Rightarrow> nat
Invocations_H.domain_invocation.dtor_domain_invocation	ExecSpec.Invocations_H	domain_invocation \<Rightarrow> domain_invocation_pre_domain_invocation
Invocations_H.domain_invocation.ctor_domain_invocation	ExecSpec.Invocations_H	domain_invocation_pre_domain_invocation \<Rightarrow> domain_invocation
Invocations_H.domain_invocation.case_domain_invocation	ExecSpec.Invocations_H	(64 word \<Rightarrow> 8 word \<Rightarrow> 'a) \<Rightarrow> (nat \<Rightarrow> 'a)               \<Rightarrow> (nat                              \<Rightarrow> 8 word      \<Rightarrow> 64 word \<Rightarrow> 'a)                             \<Rightarrow> domain_invocation \<Rightarrow> 'a
InvocationLabels_H.invocation_label.GenInvocationLabel	ExecSpec.InvocationLabels_H	gen_invocation_labels \<Rightarrow> invocation_label
InvocationLabels_H.gen_invocation_labels.UntypedRetype	ExecSpec.InvocationLabels_H	gen_invocation_labels
InvocationLabels_H.gen_invocation_labels.TCBSetTLSBase	ExecSpec.InvocationLabels_H	gen_invocation_labels
Hardware_H.RISCV64_H.pte.pte_IITN_pte.Rep_pte_IITN_pte	ExecSpec.Hardware_H	RISCV64_H.pte.pte_IITN_pte \<Rightarrow> ((nat + RISCV64_H.pte_pre_pte) set                \<Rightarrow> bool) set \<times>               (RISCV64_H.pte_pre_pte                \<Rightarrow> (nat + RISCV64_H.pte_pre_pte) set                              \<Rightarrow> bool)
Hardware_H.RISCV64_H.pte.pte_IITN_pte.Abs_pte_IITN_pte	ExecSpec.Hardware_H	((nat + RISCV64_H.pte_pre_pte) set \<Rightarrow> bool) set \<times> (RISCV64_H.pte_pre_pte  \<Rightarrow> (nat + RISCV64_H.pte_pre_pte) set \<Rightarrow> bool) \<Rightarrow> RISCV64_H.pte.pte_IITN_pte
Fault_H.typerep_init_failure_inst.typerep_init_failure	ExecSpec.Fault_H	init_failure itself \<Rightarrow> typerep
Fault_H.term_of_init_failure_inst.term_of_init_failure	ExecSpec.Fault_H	init_failure \<Rightarrow> term
Fault_H.random_syscall_error_inst.random_syscall_error	ExecSpec.Fault_H	natural \<Rightarrow> natural \<times> natural               \<Rightarrow> (syscall_error \<times>                              (unit \<Rightarrow> term)) \<times>                             natural \<times> natural
Fault_H.equal_lookup_failure_inst.equal_lookup_failure	ExecSpec.Fault_H	lookup_failure \<Rightarrow> lookup_failure \<Rightarrow> bool
ArchVSpaceDecls_H.RISCV64_H.performPageTableInvocation	ExecSpec.ArchVSpaceDecls_H	RISCV64_H.page_table_invocation \<Rightarrow> (global.kernel_state, unit) nondet_monad
ArchVSpaceDecls_H.RISCV64_H.decodeRISCVFrameInvocation	ExecSpec.ArchVSpaceDecls_H	64 word \<Rightarrow> 64 word list               \<Rightarrow> 64 word                             \<Rightarrow> arch_capability     \<Rightarrow> (capability \<times> 64 word) list                   \<Rightarrow> (global.kernel_state,                                  syscall_error +                                  Arch.invocation) nondet_monad
ArchTypes_H.enum_object_type_inst.enum_all_object_type	ExecSpec.ArchTypes_H	(object_type \<Rightarrow> bool) \<Rightarrow> bool
ArchTypes_H.RISCV64_H.object_type.str_init_object_type	ExecSpec.ArchTypes_H	RISCV64_H.object_type_pre_object_type \<Rightarrow> RISCV64_H.object_type.object_type_IITN_object_type               \<Rightarrow> (nat +                              RISCV64_H.object_type_pre_object_type) set                             \<Rightarrow> bool
ArchTypes_H.RISCV64_H.object_type.ctor_rec_object_type	ExecSpec.ArchTypes_H	(RISCV64_H.object_type_pre_object_type \<Rightarrow> 'a) \<Rightarrow> object_type \<Rightarrow> 'a
ArchStructures_H.RISCV64_H.asidpool.ctor_fold_asidpool	ExecSpec.ArchStructures_H	(RISCV64_H.asidpool_pre_asidpool \<Rightarrow> 'a) \<Rightarrow> RISCV64_H.asidpool \<Rightarrow> 'a
ArchStructures_H.RISCV64_H.arch_tcb.ctor_fold_arch_tcb	ExecSpec.ArchStructures_H	(user_context \<Rightarrow> 'a) \<Rightarrow> arch_tcb \<Rightarrow> 'a
ArchStructures_H.RISCV64_H.arch_capability.is_FrameCap	ExecSpec.ArchStructures_H	arch_capability \<Rightarrow> bool
ArchStructures_H.RISCV64_H.arch_capability.capFBasePtr	ExecSpec.ArchStructures_H	arch_capability \<Rightarrow> 64 word
ArchStructures_H.RISCV64_H.arch_capability.capASIDPool	ExecSpec.ArchStructures_H	arch_capability \<Rightarrow> 64 word
ArchStructures_H.RISCV64_H.arch_capability.capASIDBase	ExecSpec.ArchStructures_H	arch_capability \<Rightarrow> 64 word
ArchStructures_H.RISCV64_H.arch_capability.ASIDPoolCap	ExecSpec.ArchStructures_H	64 word \<Rightarrow> 64 word \<Rightarrow> arch_capability
ArchRetypeDecls_H.RISCV64_H.random_aux_page_invocation	ExecSpec.ArchRetypeDecls_H	natural \<Rightarrow> natural               \<Rightarrow> natural \<times> natural                             \<Rightarrow> (RISCV64_H.page_invocation \<times>      (unit \<Rightarrow> term)) \<times>     natural \<times> natural
ArchRetypeDecls_H.RISCV64_H.page_invocation.pageMapCap	ExecSpec.ArchRetypeDecls_H	RISCV64_H.page_invocation \<Rightarrow> capability
ArchRetypeDecls_H.RISCV64_H.page_invocation.is_PageMap	ExecSpec.ArchRetypeDecls_H	RISCV64_H.page_invocation \<Rightarrow> bool
ArchRetypeDecls_H.RISCV64_H.issueHandlerTrigger_update	ExecSpec.ArchRetypeDecls_H	(bool \<Rightarrow> bool) \<Rightarrow> Arch.irqcontrol_invocation               \<Rightarrow> Arch.irqcontrol_invocation
ArchRetypeDecls_H.RISCV64_H.invocation.size_invocation	ExecSpec.ArchRetypeDecls_H	Arch.invocation \<Rightarrow> nat
ArchRetypeDecls_H.RISCV64_H.invocation.dtor_invocation	ExecSpec.ArchRetypeDecls_H	Arch.invocation \<Rightarrow> RISCV64_H.invocation_pre_invocation
ArchRetypeDecls_H.RISCV64_H.invocation.ctor_invocation	ExecSpec.ArchRetypeDecls_H	RISCV64_H.invocation_pre_invocation \<Rightarrow> Arch.invocation
ArchRetypeDecls_H.RISCV64_H.invocation.case_invocation	ExecSpec.ArchRetypeDecls_H	(RISCV64_H.page_table_invocation \<Rightarrow> 'a) \<Rightarrow> (RISCV64_H.page_invocation \<Rightarrow> 'a)               \<Rightarrow> (RISCV64_H.asidcontrol_invocation                              \<Rightarrow> 'a)                             \<Rightarrow> (RISCV64_H.asidpool_invocation      \<Rightarrow> 'a)     \<Rightarrow> Arch.invocation \<Rightarrow> 'a
ArchRetypeDecls_H.RISCV64_H.invocation.InvokePageTable	ExecSpec.ArchRetypeDecls_H	RISCV64_H.page_table_invocation \<Rightarrow> Arch.invocation
ArchRetypeDecls_H.RISCV64_H.asidpool_invocation.Assign	ExecSpec.ArchRetypeDecls_H	64 word \<Rightarrow> 64 word               \<Rightarrow> 64 word                             \<Rightarrow> RISCV64_H.asidpool_invocation
ArchObjInsts_H.pspace_storable_pte_inst.makeObject_pte	ExecSpec.ArchObjInsts_H	RISCV64_H.pte
ArchObjInsts_H.pspace_storable_pte_inst.loadObject_pte	ExecSpec.ArchObjInsts_H	64 word \<Rightarrow> 64 word               \<Rightarrow> 64 word option                             \<Rightarrow> kernel_object     \<Rightarrow> (global.kernel_state, RISCV64_H.pte) nondet_monad
ArchObjInsts_H.pre_storable_pte_inst.projectKO_opt_pte	ExecSpec.ArchObjInsts_H	kernel_object \<Rightarrow> RISCV64_H.pte option
ArchInterruptDecls_H.RISCV64_H.initInterruptController	ExecSpec.ArchInterruptDecls_H	(global.kernel_state, unit) nondet_monad
Types_H.pre_cap_rights.cap_rights.pred_pre_cap_rights	ExecSpec.Types_H	('a \<Rightarrow> bool) \<Rightarrow> cap_rights_pre_cap_rights \<Rightarrow> bool
Structures_H.typerep_user_data_inst.typerep_user_data	ExecSpec.Structures_H	user_data itself \<Rightarrow> typerep
Structures_H.term_of_user_data_inst.term_of_user_data	ExecSpec.Structures_H	user_data \<Rightarrow> term
Structures_H.size_thread_state_inst.size_thread_state	ExecSpec.Structures_H	thread_state \<Rightarrow> nat
Structures_H.size_notification_inst.size_notification	ExecSpec.Structures_H	notification \<Rightarrow> nat
Structures_H.random_capability_inst.random_capability	ExecSpec.Structures_H	natural \<Rightarrow> natural \<times> natural               \<Rightarrow> (capability \<times>                              (unit \<Rightarrow> term)) \<times>                             natural \<times> natural
Structures_H.interrupt_state.str_init_interrupt_state	ExecSpec.Structures_H	interrupt_state_pre_interrupt_state \<Rightarrow> interrupt_state.interrupt_state_IITN_interrupt_state               \<Rightarrow> (nat + interrupt_state_pre_interrupt_state) set                             \<Rightarrow> bool
Structures_H.interrupt_state.ctor_rec_interrupt_state	ExecSpec.Structures_H	(interrupt_state_pre_interrupt_state \<Rightarrow> 'a) \<Rightarrow> interrupt_state \<Rightarrow> 'a
Structures_H.equal_zombie_type_inst.equal_zombie_type	ExecSpec.Structures_H	zombie_type \<Rightarrow> zombie_type \<Rightarrow> bool
MachineTypes.enum_alt_register_inst.enum_alt_register	ExecSpec.MachineTypes	nat \<Rightarrow> register option
MachineTypes.RISCV64.vmpage_size.str_init_vmpage_size	ExecSpec.MachineTypes	unit + unit + unit \<Rightarrow> RISCV64.vmpage_size.vmpage_size_IITN_vmpage_size               \<Rightarrow> (nat + unit + unit + unit) set                             \<Rightarrow> bool
MachineTypes.RISCV64.vmpage_size.ctor_rec_vmpage_size	ExecSpec.MachineTypes	(unit + unit + unit \<Rightarrow> 'a) \<Rightarrow> vmpage_size \<Rightarrow> 'a
MachineTypes.RISCV64.vmfault_type.RISCVStorePageFault	ExecSpec.MachineTypes	vmfault_type
MachineTypes.RISCV64.size_register_inst.size_register	ExecSpec.MachineTypes	register \<Rightarrow> nat
MachineOps.RISCV64.user_context.str_init_user_context	ExecSpec.MachineOps	RISCV64.user_context_pre_user_context \<Rightarrow> RISCV64.user_context.user_context_IITN_user_context               \<Rightarrow> (nat +                              RISCV64.user_context_pre_user_context) set                             \<Rightarrow> bool
MachineOps.RISCV64.user_context.ctor_rec_user_context	ExecSpec.MachineOps	(RISCV64.user_context_pre_user_context \<Rightarrow> 'a) \<Rightarrow> user_context \<Rightarrow> 'a
KernelStateData_H.kernel_state.gsMaxObjectSize_update	ExecSpec.KernelStateData_H	(nat \<Rightarrow> nat) \<Rightarrow> 'z kernel_state_scheme \<Rightarrow> 'z kernel_state_scheme
Invocations_H.untyped_invocation.retypeFreeRegionBase	ExecSpec.Invocations_H	untyped_invocation \<Rightarrow> 64 word
Invocations_H.irqhandler_invocation.setIRQHandlerSlot	ExecSpec.Invocations_H	irqhandler_invocation \<Rightarrow> 64 word
Invocations_H.irqcontrol_invocation.is_ArchIRQControl	ExecSpec.Invocations_H	irqcontrol_invocation \<Rightarrow> bool
Invocations_H.domain_invocation.rec_domain_invocation	ExecSpec.Invocations_H	(64 word \<Rightarrow> 8 word \<Rightarrow> 'a) \<Rightarrow> (nat \<Rightarrow> 'a)               \<Rightarrow> (nat                              \<Rightarrow> 8 word      \<Rightarrow> 64 word \<Rightarrow> 'a)                             \<Rightarrow> domain_invocation \<Rightarrow> 'a
Invocations_H.domain_invocation.mor_domain_invocation	ExecSpec.Invocations_H	'a set \<Rightarrow> (domain_invocation_pre_domain_invocation \<Rightarrow> 'a)               \<Rightarrow> 'b set                             \<Rightarrow> (domain_invocation_pre_domain_invocation      \<Rightarrow> 'b)     \<Rightarrow> ('a \<Rightarrow> 'b) \<Rightarrow> bool
Invocations_H.domain_invocation.alg_domain_invocation	ExecSpec.Invocations_H	'a set \<Rightarrow> (domain_invocation_pre_domain_invocation \<Rightarrow> 'a)               \<Rightarrow> bool
Invocations_H.domain_invocation.Rep_domain_invocation	ExecSpec.Invocations_H	domain_invocation \<Rightarrow> domain_invocation.domain_invocation_IITN_domain_invocation               \<Rightarrow> (nat +                              domain_invocation_pre_domain_invocation) set                             \<Rightarrow> bool
Invocations_H.domain_invocation.Abs_domain_invocation	ExecSpec.Invocations_H	(domain_invocation.domain_invocation_IITN_domain_invocation  \<Rightarrow> (nat + domain_invocation_pre_domain_invocation) set                \<Rightarrow> bool) \<Rightarrow> domain_invocation
InvocationLabels_H.gen_invocation_labels.TCBConfigure	ExecSpec.InvocationLabels_H	gen_invocation_labels
InvocationLabels_H.gen_invocation_labels.DomainSetSet	ExecSpec.InvocationLabels_H	gen_invocation_labels
Hardware_H.RISCV64_H.size_vmrights_inst.size_vmrights	ExecSpec.Hardware_H	vmrights \<Rightarrow> nat
ArchVSpaceDecls_H.RISCV64_H.performRISCVMMUInvocation	ExecSpec.ArchVSpaceDecls_H	Arch.invocation \<Rightarrow> (global.kernel_state, 6 word + 64 word list) nondet_monad
ArchVSpaceDecls_H.RISCV64_H.performASIDPoolInvocation	ExecSpec.ArchVSpaceDecls_H	RISCV64_H.asidpool_invocation \<Rightarrow> (global.kernel_state, unit) nondet_monad
ArchTypes_H.enum_object_type_inst.enum_ex_object_type	ExecSpec.ArchTypes_H	(object_type \<Rightarrow> bool) \<Rightarrow> bool
ArchTypes_H.RISCV64_H.object_type.min_alg_object_type	ExecSpec.ArchTypes_H	(RISCV64_H.object_type_pre_object_type \<Rightarrow> 'a) \<Rightarrow> 'a set
ArchStructures_H.RISCV64_H.random_aux_arch_capability	ExecSpec.ArchStructures_H	natural \<Rightarrow> natural               \<Rightarrow> natural \<times> natural                             \<Rightarrow> (arch_capability \<times>      (unit \<Rightarrow> term)) \<times>     natural \<times> natural
ArchStructures_H.RISCV64_H.asidpool.str_init_asidpool	ExecSpec.ArchStructures_H	RISCV64_H.asidpool_pre_asidpool \<Rightarrow> RISCV64_H.asidpool.asidpool_IITN_asidpool               \<Rightarrow> (nat + RISCV64_H.asidpool_pre_asidpool) set                             \<Rightarrow> bool
ArchStructures_H.RISCV64_H.asidpool.ctor_rec_asidpool	ExecSpec.ArchStructures_H	(RISCV64_H.asidpool_pre_asidpool \<Rightarrow> 'a) \<Rightarrow> RISCV64_H.asidpool \<Rightarrow> 'a
ArchStructures_H.RISCV64_H.arch_tcb.str_init_arch_tcb	ExecSpec.ArchStructures_H	user_context \<Rightarrow> RISCV64_H.arch_tcb.arch_tcb_IITN_arch_tcb               \<Rightarrow> (nat + user_context) set \<Rightarrow> bool
ArchStructures_H.RISCV64_H.arch_tcb.ctor_rec_arch_tcb	ExecSpec.ArchStructures_H	(user_context \<Rightarrow> 'a) \<Rightarrow> arch_tcb \<Rightarrow> 'a
ArchRetypeDecls_H.RISCV64_H.page_invocation.PageUnmap	ExecSpec.ArchRetypeDecls_H	arch_capability \<Rightarrow> 64 word \<Rightarrow> RISCV64_H.page_invocation
ArchRetypeDecls_H.RISCV64_H.isIRQControlCapDescendant	ExecSpec.ArchRetypeDecls_H	arch_capability \<Rightarrow> bool
ArchRetypeDecls_H.RISCV64_H.invocation.rec_invocation	ExecSpec.ArchRetypeDecls_H	(RISCV64_H.page_table_invocation \<Rightarrow> 'a) \<Rightarrow> (RISCV64_H.page_invocation \<Rightarrow> 'a)               \<Rightarrow> (RISCV64_H.asidcontrol_invocation                              \<Rightarrow> 'a)                             \<Rightarrow> (RISCV64_H.asidpool_invocation      \<Rightarrow> 'a)     \<Rightarrow> Arch.invocation \<Rightarrow> 'a
ArchRetypeDecls_H.RISCV64_H.invocation.mor_invocation	ExecSpec.ArchRetypeDecls_H	'a set \<Rightarrow> (RISCV64_H.invocation_pre_invocation \<Rightarrow> 'a)               \<Rightarrow> 'b set                             \<Rightarrow> (RISCV64_H.invocation_pre_invocation      \<Rightarrow> 'b)     \<Rightarrow> ('a \<Rightarrow> 'b) \<Rightarrow> bool
ArchRetypeDecls_H.RISCV64_H.invocation.alg_invocation	ExecSpec.ArchRetypeDecls_H	'a set \<Rightarrow> (RISCV64_H.invocation_pre_invocation \<Rightarrow> 'a)               \<Rightarrow> bool
ArchRetypeDecls_H.RISCV64_H.invocation.Rep_invocation	ExecSpec.ArchRetypeDecls_H	Arch.invocation \<Rightarrow> RISCV64_H.invocation.invocation_IITN_invocation               \<Rightarrow> (nat + RISCV64_H.invocation_pre_invocation) set                             \<Rightarrow> bool
ArchRetypeDecls_H.RISCV64_H.invocation.InvokeASIDPool	ExecSpec.ArchRetypeDecls_H	RISCV64_H.asidpool_invocation \<Rightarrow> Arch.invocation
ArchRetypeDecls_H.RISCV64_H.invocation.Abs_invocation	ExecSpec.ArchRetypeDecls_H	(RISCV64_H.invocation.invocation_IITN_invocation  \<Rightarrow> (nat + RISCV64_H.invocation_pre_invocation) set                \<Rightarrow> bool) \<Rightarrow> Arch.invocation
ArchFault_H.RISCV64_H.arch_fault.ctor_fold_arch_fault	ExecSpec.ArchFault_H	(RISCV64_H.arch_fault_pre_arch_fault \<Rightarrow> 'a) \<Rightarrow> arch_fault \<Rightarrow> 'a
Types_H.random_message_info_inst.random_message_info	ExecSpec.Types_H	natural \<Rightarrow> natural \<times> natural               \<Rightarrow> (message_info \<times>                              (unit \<Rightarrow> term)) \<times>                             natural \<times> natural
Types_H.random_cap_transfer_inst.random_cap_transfer	ExecSpec.Types_H	natural \<Rightarrow> natural \<times> natural               \<Rightarrow> (cap_transfer \<times>                              (unit \<Rightarrow> term)) \<times>                             natural \<times> natural
Types_H.random_biframe_data_inst.random_biframe_data	ExecSpec.Types_H	natural \<Rightarrow> natural \<times> natural               \<Rightarrow> (biframe_data \<times>                              (unit \<Rightarrow> term)) \<times>                             natural \<times> natural
Types_H.pre_cap_rights.cap_rights.wit_pre_cap_rights	ExecSpec.Types_H	cap_rights_pre_cap_rights
Types_H.pre_cap_rights.cap_rights.set_pre_cap_rights	ExecSpec.Types_H	cap_rights_pre_cap_rights \<Rightarrow> 'a set
Types_H.pre_cap_rights.cap_rights.rel_pre_cap_rights	ExecSpec.Types_H	('a \<Rightarrow> 'b \<Rightarrow> bool) \<Rightarrow> cap_rights_pre_cap_rights               \<Rightarrow> cap_rights_pre_cap_rights \<Rightarrow> bool
Types_H.pre_cap_rights.cap_rights.map_pre_cap_rights	ExecSpec.Types_H	('a \<Rightarrow> 'b) \<Rightarrow> cap_rights_pre_cap_rights               \<Rightarrow> cap_rights_pre_cap_rights
Structures_H.pre_irqstate.irqstate.pred_pre_irqstate	ExecSpec.Structures_H	('a \<Rightarrow> bool) \<Rightarrow> irqstate_pre_irqstate \<Rightarrow> bool
Structures_H.pre_endpoint.endpoint.pred_pre_endpoint	ExecSpec.Structures_H	('a \<Rightarrow> bool) \<Rightarrow> endpoint_pre_endpoint \<Rightarrow> bool
Structures_H.interrupt_state.min_alg_interrupt_state	ExecSpec.Structures_H	(interrupt_state_pre_interrupt_state \<Rightarrow> 'a) \<Rightarrow> 'a set
Structs_B.narrowing_tcb_flag_inst.narrowing_tcb_flag	ExecSpec.Structs_B	integer \<Rightarrow> tcb_flag ??.Quickcheck_Narrowing.narrowing_cons
ObjectInstances_H.pre_storable_tcb_inst.injectKO_tcb	ExecSpec.ObjectInstances_H	tcb \<Rightarrow> kernel_object
ObjectInstances_H.pre_storable_cte_inst.injectKO_cte	ExecSpec.ObjectInstances_H	cte \<Rightarrow> kernel_object
MachineTypes.machine_state.machine_state_rest_update	ExecSpec.MachineTypes	(machine_state_rest \<Rightarrow> machine_state_rest) \<Rightarrow> 'z RISCV64.machine_state_scheme               \<Rightarrow> 'z RISCV64.machine_state_scheme
MachineTypes.RISCV64.vmpage_size.min_alg_vmpage_size	ExecSpec.MachineTypes	(unit + unit + unit \<Rightarrow> 'a) \<Rightarrow> 'a set
MachineTypes.RISCV64.vmfault_type.RISCVLoadPageFault	ExecSpec.MachineTypes	vmfault_type
MachineTypes.RISCV64.hyp_fault_type.RISCVNoHypFaults	ExecSpec.MachineTypes	hyp_fault_type
MachineOps.RISCV64.user_context.min_alg_user_context	ExecSpec.MachineOps	(RISCV64.user_context_pre_user_context \<Rightarrow> 'a) \<Rightarrow> 'a set
KernelStateData_H.kernel_state.ksReadyQueuesL2Bitmap	ExecSpec.KernelStateData_H	'z kernel_state_scheme \<Rightarrow> 8 word \<times> nat \<Rightarrow> 64 word
KernelStateData_H.kernel_state.ksReadyQueuesL1Bitmap	ExecSpec.KernelStateData_H	'z kernel_state_scheme \<Rightarrow> 8 word \<Rightarrow> 64 word
KernelStateData_H.kernel_state.ksMachineState_update	ExecSpec.KernelStateData_H	(machine_state \<Rightarrow> machine_state) \<Rightarrow> 'z kernel_state_scheme \<Rightarrow> 'z kernel_state_scheme
KernelInitMonad_H.init_data.initBootInfoFrame_update	ExecSpec.KernelInitMonad_H	(64 word \<Rightarrow> 64 word) \<Rightarrow> 'z init_data_scheme \<Rightarrow> 'z init_data_scheme
Invocations_H.irqhandler_invocation.setIRQHandlerCap	ExecSpec.Invocations_H	irqhandler_invocation \<Rightarrow> capability
Invocations_H.irqhandler_invocation.is_SetIRQHandler	ExecSpec.Invocations_H	irqhandler_invocation \<Rightarrow> bool
Invocations_H.irqcontrol_invocation.issueHandlerSlot	ExecSpec.Invocations_H	irqcontrol_invocation \<Rightarrow> 64 word
Invocations_H.equal_invocation_inst.equal_invocation	ExecSpec.Invocations_H	global.invocation \<Rightarrow> global.invocation \<Rightarrow> bool
Invocations_H.cnode_invocation.size_cnode_invocation	ExecSpec.Invocations_H	cnode_invocation \<Rightarrow> nat
Invocations_H.cnode_invocation.dtor_cnode_invocation	ExecSpec.Invocations_H	cnode_invocation \<Rightarrow> cnode_invocation_pre_cnode_invocation
Invocations_H.cnode_invocation.ctor_cnode_invocation	ExecSpec.Invocations_H	cnode_invocation_pre_cnode_invocation \<Rightarrow> cnode_invocation
Invocations_H.cnode_invocation.case_cnode_invocation	ExecSpec.Invocations_H	(capability \<Rightarrow> 64 word \<Rightarrow> 64 word \<Rightarrow> 'a) \<Rightarrow> (capability                \<Rightarrow> capability                              \<Rightarrow> 64 word      \<Rightarrow> 64 word \<Rightarrow> 64 word \<Rightarrow> 'a)               \<Rightarrow> (64 word \<Rightarrow> 'a)                             \<Rightarrow> (capability      \<Rightarrow> 64 word \<Rightarrow> 64 word \<Rightarrow> 'a)     \<Rightarrow> (capability \<Rightarrow> 'a)                   \<Rightarrow> (64 word \<Rightarrow> 'a)                                 \<Rightarrow> (64 word \<Rightarrow> 'a)         \<Rightarrow> cnode_invocation \<Rightarrow> 'a
InvocationLabels_H.gen_invocation_labels.TCBSetSpace	ExecSpec.InvocationLabels_H	gen_invocation_labels
InvocationLabels_H.gen_invocation_labels.TCBSetFlags	ExecSpec.InvocationLabels_H	gen_invocation_labels
InvocationLabels_H.gen_invocation_labels.CNodeRotate	ExecSpec.InvocationLabels_H	gen_invocation_labels
InvocationLabels_H.gen_invocation_labels.CNodeRevoke	ExecSpec.InvocationLabels_H	gen_invocation_labels
InvocationLabels_H.gen_invocation_labels.CNodeMutate	ExecSpec.InvocationLabels_H	gen_invocation_labels
InvocationLabels_H.gen_invocation_labels.CNodeDelete	ExecSpec.InvocationLabels_H	gen_invocation_labels
Hardware_H.RISCV64_H.pte.pte_pre_pte.Rep_pte_pre_pte	ExecSpec.Hardware_H	RISCV64_H.pte_pre_pte \<Rightarrow> unit +               (64 word \<times> bool) \<times>               bool \<times> bool \<times> vmrights +               64 word \<times> bool
Hardware_H.RISCV64_H.pte.pte_pre_pte.Abs_pte_pre_pte	ExecSpec.Hardware_H	unit + (64 word \<times> bool) \<times> bool \<times> bool \<times> vmrights + 64 word \<times> bool \<Rightarrow> RISCV64_H.pte_pre_pte
Fault_H.size_lookup_failure_inst.size_lookup_failure	ExecSpec.Fault_H	lookup_failure \<Rightarrow> nat
Fault_H.random_init_failure_inst.random_init_failure	ExecSpec.Fault_H	natural \<Rightarrow> natural \<times> natural               \<Rightarrow> (init_failure \<times>                              (unit \<Rightarrow> term)) \<times>                             natural \<times> natural
Fault_H.equal_syscall_error_inst.equal_syscall_error	ExecSpec.Fault_H	syscall_error \<Rightarrow> syscall_error \<Rightarrow> bool
ArchVSpaceDecls_H.RISCV64_H.decodeRISCVMMUInvocation	ExecSpec.ArchVSpaceDecls_H	64 word \<Rightarrow> 64 word list               \<Rightarrow> 64 word                             \<Rightarrow> 64 word     \<Rightarrow> arch_capability                   \<Rightarrow> (capability \<times> 64 word) list                                 \<Rightarrow> (global.kernel_state,          syscall_error + Arch.invocation) nondet_monad
ArchStructures_H.RISCV64_H.capPTMappedAddress_update	ExecSpec.ArchStructures_H	((64 word \<times> 64 word) option  \<Rightarrow> (64 word \<times> 64 word) option) \<Rightarrow> arch_capability \<Rightarrow> arch_capability
ArchStructures_H.RISCV64_H.asidpool.min_alg_asidpool	ExecSpec.ArchStructures_H	(RISCV64_H.asidpool_pre_asidpool \<Rightarrow> 'a) \<Rightarrow> 'a set
ArchStructures_H.RISCV64_H.arch_tcb.min_alg_arch_tcb	ExecSpec.ArchStructures_H	(user_context \<Rightarrow> 'a) \<Rightarrow> 'a set
ArchStateData_H.RISCV64_H.riscvKSKernelVSpace_update	ExecSpec.ArchStateData_H	((64 word \<Rightarrow> RISCV64_H.riscvvspace_region_use)  \<Rightarrow> 64 word \<Rightarrow> RISCV64_H.riscvvspace_region_use) \<Rightarrow> Arch.kernel_state \<Rightarrow> Arch.kernel_state
ArchFault_H.RISCV64_H.arch_fault.str_init_arch_fault	ExecSpec.ArchFault_H	RISCV64_H.arch_fault_pre_arch_fault \<Rightarrow> RISCV64_H.arch_fault.arch_fault_IITN_arch_fault               \<Rightarrow> (nat + RISCV64_H.arch_fault_pre_arch_fault) set                             \<Rightarrow> bool
ArchFault_H.RISCV64_H.arch_fault.ctor_rec_arch_fault	ExecSpec.ArchFault_H	(RISCV64_H.arch_fault_pre_arch_fault \<Rightarrow> 'a) \<Rightarrow> arch_fault \<Rightarrow> 'a
Structures_H.user_data_device.size_user_data_device	ExecSpec.Structures_H	user_data_device \<Rightarrow> nat
Structures_H.user_data_device.dtor_user_data_device	ExecSpec.Structures_H	user_data_device \<Rightarrow> unit
Structures_H.user_data_device.ctor_user_data_device	ExecSpec.Structures_H	unit \<Rightarrow> user_data_device
Structures_H.user_data_device.case_user_data_device	ExecSpec.Structures_H	'a \<Rightarrow> user_data_device \<Rightarrow> 'a
Structures_H.typerep_irqstate_inst.typerep_irqstate	ExecSpec.Structures_H	irqstate itself \<Rightarrow> typerep
Structures_H.typerep_endpoint_inst.typerep_endpoint	ExecSpec.Structures_H	endpoint itself \<Rightarrow> typerep
Structures_H.term_of_irqstate_inst.term_of_irqstate	ExecSpec.Structures_H	irqstate \<Rightarrow> term
Structures_H.term_of_endpoint_inst.term_of_endpoint	ExecSpec.Structures_H	endpoint \<Rightarrow> term
Structures_H.size_zombie_type_inst.size_zombie_type	ExecSpec.Structures_H	zombie_type \<Rightarrow> nat
Structures_H.scheduler_action.size_scheduler_action	ExecSpec.Structures_H	scheduler_action \<Rightarrow> nat
Structures_H.scheduler_action.dtor_scheduler_action	ExecSpec.Structures_H	scheduler_action \<Rightarrow> scheduler_action_pre_scheduler_action
Structures_H.scheduler_action.ctor_scheduler_action	ExecSpec.Structures_H	scheduler_action_pre_scheduler_action \<Rightarrow> scheduler_action
Structures_H.scheduler_action.case_scheduler_action	ExecSpec.Structures_H	'a \<Rightarrow> 'a \<Rightarrow> (64 word \<Rightarrow> 'a)                                   \<Rightarrow> scheduler_action           \<Rightarrow> 'a
Structures_H.random_user_data_inst.random_user_data	ExecSpec.Structures_H	natural \<Rightarrow> natural \<times> natural               \<Rightarrow> (user_data \<times>                              (unit \<Rightarrow> term)) \<times>                             natural \<times> natural
Structures_H.pre_irqstate.irqstate.wit_pre_irqstate	ExecSpec.Structures_H	irqstate_pre_irqstate
Structures_H.pre_irqstate.irqstate.set_pre_irqstate	ExecSpec.Structures_H	irqstate_pre_irqstate \<Rightarrow> 'a set
Structures_H.pre_irqstate.irqstate.rel_pre_irqstate	ExecSpec.Structures_H	('a \<Rightarrow> 'b \<Rightarrow> bool) \<Rightarrow> irqstate_pre_irqstate               \<Rightarrow> irqstate_pre_irqstate \<Rightarrow> bool
Structures_H.pre_irqstate.irqstate.map_pre_irqstate	ExecSpec.Structures_H	('a \<Rightarrow> 'b) \<Rightarrow> irqstate_pre_irqstate \<Rightarrow> irqstate_pre_irqstate
Structures_H.pre_endpoint.endpoint.wit_pre_endpoint	ExecSpec.Structures_H	endpoint_pre_endpoint
Structures_H.pre_endpoint.endpoint.set_pre_endpoint	ExecSpec.Structures_H	endpoint_pre_endpoint \<Rightarrow> 'a set
Structures_H.pre_endpoint.endpoint.rel_pre_endpoint	ExecSpec.Structures_H	('a \<Rightarrow> 'b \<Rightarrow> bool) \<Rightarrow> endpoint_pre_endpoint               \<Rightarrow> endpoint_pre_endpoint \<Rightarrow> bool
Structures_H.pre_endpoint.endpoint.map_pre_endpoint	ExecSpec.Structures_H	('a \<Rightarrow> 'b) \<Rightarrow> endpoint_pre_endpoint \<Rightarrow> endpoint_pre_endpoint
Structures_H.ntfn.ntfn_IITN_ntfn.Rep_ntfn_IITN_ntfn	ExecSpec.Structures_H	ntfn.ntfn_IITN_ntfn \<Rightarrow> ((nat + ntfn_pre_ntfn) set \<Rightarrow> bool) set \<times>               (ntfn_pre_ntfn                \<Rightarrow> (nat + ntfn_pre_ntfn) set \<Rightarrow> bool)
Structures_H.ntfn.ntfn_IITN_ntfn.Abs_ntfn_IITN_ntfn	ExecSpec.Structures_H	((nat + ntfn_pre_ntfn) set \<Rightarrow> bool) set \<times> (ntfn_pre_ntfn \<Rightarrow> (nat + ntfn_pre_ntfn) set \<Rightarrow> bool) \<Rightarrow> ntfn.ntfn_IITN_ntfn
Structures_H.equal_capability_inst.equal_capability	ExecSpec.Structures_H	capability \<Rightarrow> capability \<Rightarrow> bool
PSpaceStorable_H.pspace_storable_class.updateObject	ExecSpec.PSpaceStorable_H	'a \<Rightarrow> kernel_object                  \<Rightarrow> 64 word                                \<Rightarrow> 64 word        \<Rightarrow> 64 word option                      \<Rightarrow> (global.kernel_state,                                     kernel_object) nondet_monad
PSpaceStorable_H.kernel_object_type.UserDataDeviceT	ExecSpec.PSpaceStorable_H	kernel_object_type
MachineTypes.machine_state.underlying_memory_update	ExecSpec.MachineTypes	((64 word \<Rightarrow> 8 word) \<Rightarrow> 64 word \<Rightarrow> 8 word) \<Rightarrow> 'z RISCV64.machine_state_scheme               \<Rightarrow> 'z RISCV64.machine_state_scheme
MachineTypes.enum_vmpage_size_inst.enum_vmpage_size	ExecSpec.MachineTypes	vmpage_size list
MachineTypes.RISCV64.vmfault_type.size_vmfault_type	ExecSpec.MachineTypes	vmfault_type \<Rightarrow> nat
MachineTypes.RISCV64.vmfault_type.dtor_vmfault_type	ExecSpec.MachineTypes	vmfault_type \<Rightarrow> RISCV64.vmfault_type_pre_vmfault_type
MachineTypes.RISCV64.vmfault_type.ctor_vmfault_type	ExecSpec.MachineTypes	RISCV64.vmfault_type_pre_vmfault_type \<Rightarrow> vmfault_type
MachineTypes.RISCV64.vmfault_type.case_vmfault_type	ExecSpec.MachineTypes	'a \<Rightarrow> 'a \<Rightarrow> 'a \<Rightarrow> 'a              \<Rightarrow> 'a \<Rightarrow> 'a       \<Rightarrow> vmfault_type \<Rightarrow> 'a
KernelStateData_H.kernel_state.ksWorkUnitsCompleted	ExecSpec.KernelStateData_H	'z kernel_state_scheme \<Rightarrow> 64 word
KernelStateData_H.kernel_state.ksReadyQueues_update	ExecSpec.KernelStateData_H	((8 word \<times> 8 word \<Rightarrow> 64 word head_end_ptrs)  \<Rightarrow> 8 word \<times> 8 word \<Rightarrow> 64 word head_end_ptrs) \<Rightarrow> 'z kernel_state_scheme \<Rightarrow> 'z kernel_state_scheme
KernelStateData_H.kernel_state.ksDomSchedule_update	ExecSpec.KernelStateData_H	((8 word \<times> 64 word) list  \<Rightarrow> (8 word \<times> 64 word) list) \<Rightarrow> 'z kernel_state_scheme \<Rightarrow> 'z kernel_state_scheme
Invocations_H.untyped_invocation.retypeResetUntyped	ExecSpec.Invocations_H	untyped_invocation \<Rightarrow> bool
Invocations_H.tcbinvocation.ctor_fold_tcbinvocation	ExecSpec.Invocations_H	(tcbinvocation_pre_tcbinvocation \<Rightarrow> 'a) \<Rightarrow> tcbinvocation \<Rightarrow> 'a
Invocations_H.tcbinvocation.copyRegsTransferInteger	ExecSpec.Invocations_H	tcbinvocation \<Rightarrow> bool
Invocations_H.irqhandler_invocation.ClearIRQHandler	ExecSpec.Invocations_H	6 word \<Rightarrow> irqhandler_invocation
Invocations_H.irqcontrol_invocation.issueHandlerIRQ	ExecSpec.Invocations_H	irqcontrol_invocation \<Rightarrow> 6 word
Invocations_H.irqcontrol_invocation.IssueIRQHandler	ExecSpec.Invocations_H	6 word \<Rightarrow> 64 word               \<Rightarrow> 64 word \<Rightarrow> irqcontrol_invocation
Invocations_H.cnode_invocation.rec_cnode_invocation	ExecSpec.Invocations_H	(capability \<Rightarrow> 64 word \<Rightarrow> 64 word \<Rightarrow> 'a) \<Rightarrow> (capability                \<Rightarrow> capability                              \<Rightarrow> 64 word      \<Rightarrow> 64 word \<Rightarrow> 64 word \<Rightarrow> 'a)               \<Rightarrow> (64 word \<Rightarrow> 'a)                             \<Rightarrow> (capability      \<Rightarrow> 64 word \<Rightarrow> 64 word \<Rightarrow> 'a)     \<Rightarrow> (capability \<Rightarrow> 'a)                   \<Rightarrow> (64 word \<Rightarrow> 'a)                                 \<Rightarrow> (64 word \<Rightarrow> 'a)         \<Rightarrow> cnode_invocation \<Rightarrow> 'a
Invocations_H.cnode_invocation.mor_cnode_invocation	ExecSpec.Invocations_H	'a set \<Rightarrow> (cnode_invocation_pre_cnode_invocation \<Rightarrow> 'a)               \<Rightarrow> 'b set                             \<Rightarrow> (cnode_invocation_pre_cnode_invocation      \<Rightarrow> 'b)     \<Rightarrow> ('a \<Rightarrow> 'b) \<Rightarrow> bool
Invocations_H.cnode_invocation.is_CancelBadgedSends	ExecSpec.Invocations_H	cnode_invocation \<Rightarrow> bool
Invocations_H.cnode_invocation.alg_cnode_invocation	ExecSpec.Invocations_H	'a set \<Rightarrow> (cnode_invocation_pre_cnode_invocation \<Rightarrow> 'a)               \<Rightarrow> bool
Invocations_H.cnode_invocation.Rep_cnode_invocation	ExecSpec.Invocations_H	cnode_invocation \<Rightarrow> cnode_invocation.cnode_invocation_IITN_cnode_invocation               \<Rightarrow> (nat +                              cnode_invocation_pre_cnode_invocation) set                             \<Rightarrow> bool
Invocations_H.cnode_invocation.Abs_cnode_invocation	ExecSpec.Invocations_H	(cnode_invocation.cnode_invocation_IITN_cnode_invocation  \<Rightarrow> (nat + cnode_invocation_pre_cnode_invocation) set                \<Rightarrow> bool) \<Rightarrow> cnode_invocation
InvocationLabels_H.random_aux_gen_invocation_labels	ExecSpec.InvocationLabels_H	natural \<Rightarrow> natural               \<Rightarrow> natural \<times> natural                             \<Rightarrow> (gen_invocation_labels \<times>      (unit \<Rightarrow> term)) \<times>     natural \<times> natural
InvocationLabels_H.gen_invocation_labels.TCBSuspend	ExecSpec.InvocationLabels_H	gen_invocation_labels
Fault_H.fault.fault_IITN_fault.Rep_fault_IITN_fault	ExecSpec.Fault_H	fault.fault_IITN_fault \<Rightarrow> ((nat + fault_pre_fault) set \<Rightarrow> bool) set \<times>               (fault_pre_fault                \<Rightarrow> (nat + fault_pre_fault) set \<Rightarrow> bool)
Fault_H.fault.fault_IITN_fault.Abs_fault_IITN_fault	ExecSpec.Fault_H	((nat + fault_pre_fault) set \<Rightarrow> bool) set \<times> (fault_pre_fault  \<Rightarrow> (nat + fault_pre_fault) set \<Rightarrow> bool) \<Rightarrow> fault.fault_IITN_fault
Event_H.event.event_IITN_event.Rep_event_IITN_event	ExecSpec.Event_H	event.event_IITN_event \<Rightarrow> ((nat + event_pre_event) set \<Rightarrow> bool) set \<times>               (event_pre_event                \<Rightarrow> (nat + event_pre_event) set \<Rightarrow> bool)
Event_H.event.event_IITN_event.Abs_event_IITN_event	ExecSpec.Event_H	((nat + event_pre_event) set \<Rightarrow> bool) set \<times> (event_pre_event  \<Rightarrow> (nat + event_pre_event) set \<Rightarrow> bool) \<Rightarrow> event.event_IITN_event
ArchTypes_H.apiobject_type.ctor_fold_apiobject_type	ExecSpec.ArchTypes_H	(apiobject_type_pre_apiobject_type \<Rightarrow> 'a) \<Rightarrow> apiobject_type \<Rightarrow> 'a
ArchStructures_H.RISCV64_H.capFMappedAddress_update	ExecSpec.ArchStructures_H	((64 word \<times> 64 word) option  \<Rightarrow> (64 word \<times> 64 word) option) \<Rightarrow> arch_capability \<Rightarrow> arch_capability
ArchStructures_H.RISCV64_H.arch_kernel_object.KOPTE	ExecSpec.ArchStructures_H	RISCV64_H.pte \<Rightarrow> arch_kernel_object
ArchStructures_H.RISCV64_H.arch_capability.capFSize	ExecSpec.ArchStructures_H	arch_capability \<Rightarrow> vmpage_size
ArchStructures_H.RISCV64_H.arch_capability.FrameCap	ExecSpec.ArchStructures_H	64 word \<Rightarrow> vmrights               \<Rightarrow> vmpage_size                             \<Rightarrow> bool     \<Rightarrow> (64 word \<times> 64 word) option                   \<Rightarrow> arch_capability
ArchRetypeDecls_H.RISCV64_H.page_invocation.PageMap	ExecSpec.ArchRetypeDecls_H	capability \<Rightarrow> 64 word               \<Rightarrow> RISCV64_H.pte \<times> 64 word                             \<Rightarrow> RISCV64_H.page_invocation
ArchRetypeDecls_H.RISCV64_H.pageUnmapCapSlot_update	ExecSpec.ArchRetypeDecls_H	(64 word \<Rightarrow> 64 word) \<Rightarrow> RISCV64_H.page_invocation               \<Rightarrow> RISCV64_H.page_invocation
ArchRetypeDecls_H.RISCV64_H.issueHandlerSlot_update	ExecSpec.ArchRetypeDecls_H	(64 word \<Rightarrow> 64 word) \<Rightarrow> Arch.irqcontrol_invocation               \<Rightarrow> Arch.irqcontrol_invocation
ArchRetypeDecls_H.RISCV64_H.assignASIDCTSlot_update	ExecSpec.ArchRetypeDecls_H	(64 word \<Rightarrow> 64 word) \<Rightarrow> RISCV64_H.asidpool_invocation               \<Rightarrow> RISCV64_H.asidpool_invocation
ArchFault_H.RISCV64_H.arch_fault.min_alg_arch_fault	ExecSpec.ArchFault_H	(RISCV64_H.arch_fault_pre_arch_fault \<Rightarrow> 'a) \<Rightarrow> 'a set
Types_H.typerep_cap_rights_inst.typerep_cap_rights	ExecSpec.Types_H	cap_rights itself \<Rightarrow> typerep
Types_H.term_of_cap_rights_inst.term_of_cap_rights	ExecSpec.Types_H	cap_rights \<Rightarrow> term
Types_H.pre_init_data.init_data.pred_pre_init_data	ExecSpec.Types_H	('a \<Rightarrow> bool) \<Rightarrow> init_data_pre_init_data \<Rightarrow> bool
Types_H.equal_message_info_inst.equal_message_info	ExecSpec.Types_H	message_info \<Rightarrow> message_info \<Rightarrow> bool
Types_H.equal_cap_transfer_inst.equal_cap_transfer	ExecSpec.Types_H	cap_transfer \<Rightarrow> cap_transfer \<Rightarrow> bool
Types_H.equal_biframe_data_inst.equal_biframe_data	ExecSpec.Types_H	biframe_data \<Rightarrow> biframe_data \<Rightarrow> bool
Structures_H.user_data_device.rec_user_data_device	ExecSpec.Structures_H	'a \<Rightarrow> user_data_device \<Rightarrow> 'a
Structures_H.user_data_device.mor_user_data_device	ExecSpec.Structures_H	'a set \<Rightarrow> (unit \<Rightarrow> 'a)               \<Rightarrow> 'b set                             \<Rightarrow> (unit \<Rightarrow> 'b)     \<Rightarrow> ('a \<Rightarrow> 'b) \<Rightarrow> bool
Structures_H.user_data_device.alg_user_data_device	ExecSpec.Structures_H	'a set \<Rightarrow> (unit \<Rightarrow> 'a) \<Rightarrow> bool
Structures_H.user_data_device.Rep_user_data_device	ExecSpec.Structures_H	user_data_device \<Rightarrow> user_data_device.user_data_device_IITN_user_data_device               \<Rightarrow> (nat + unit) set \<Rightarrow> bool
Structures_H.user_data_device.Abs_user_data_device	ExecSpec.Structures_H	(user_data_device.user_data_device_IITN_user_data_device  \<Rightarrow> (nat + unit) set \<Rightarrow> bool) \<Rightarrow> user_data_device
Structures_H.thread_state.is_BlockedOnNotification	ExecSpec.Structures_H	thread_state \<Rightarrow> bool
Structures_H.thread_state.blockingIPCCanGrantReply	ExecSpec.Structures_H	thread_state \<Rightarrow> bool
Structures_H.scheduler_action.rec_scheduler_action	ExecSpec.Structures_H	'a \<Rightarrow> 'a \<Rightarrow> (64 word \<Rightarrow> 'a)                                   \<Rightarrow> scheduler_action           \<Rightarrow> 'a
Structures_H.scheduler_action.mor_scheduler_action	ExecSpec.Structures_H	'a set \<Rightarrow> (scheduler_action_pre_scheduler_action \<Rightarrow> 'a)               \<Rightarrow> 'b set                             \<Rightarrow> (scheduler_action_pre_scheduler_action      \<Rightarrow> 'b)     \<Rightarrow> ('a \<Rightarrow> 'b) \<Rightarrow> bool
Structures_H.scheduler_action.alg_scheduler_action	ExecSpec.Structures_H	'a set \<Rightarrow> (scheduler_action_pre_scheduler_action \<Rightarrow> 'a)               \<Rightarrow> bool
Structures_H.scheduler_action.Rep_scheduler_action	ExecSpec.Structures_H	scheduler_action \<Rightarrow> scheduler_action.scheduler_action_IITN_scheduler_action               \<Rightarrow> (nat +                              scheduler_action_pre_scheduler_action) set                             \<Rightarrow> bool
Structures_H.scheduler_action.Abs_scheduler_action	ExecSpec.Structures_H	(scheduler_action.scheduler_action_IITN_scheduler_action  \<Rightarrow> (nat + scheduler_action_pre_scheduler_action) set                \<Rightarrow> bool) \<Rightarrow> scheduler_action
Structures_H.kernel_object.ctor_fold_kernel_object	ExecSpec.Structures_H	(kernel_object_pre_kernel_object \<Rightarrow> 'a) \<Rightarrow> kernel_object \<Rightarrow> 'a
PSpaceStorable_H.pre_storable.updateObject_default	ExecSpec.PSpaceStorable_H	('a \<Rightarrow> kernel_object) \<Rightarrow> (kernel_object \<Rightarrow> 'a option)               \<Rightarrow> 'a \<Rightarrow> kernel_object        \<Rightarrow> 64 word                      \<Rightarrow> 64 word                                    \<Rightarrow> 64 word option            \<Rightarrow> (global.kernel_state, kernel_object) nondet_monad
ObjectInstances_H.pre_storable_tcb_inst.koType_tcb	ExecSpec.ObjectInstances_H	tcb itself \<Rightarrow> kernel_object_type
ObjectInstances_H.pre_storable_cte_inst.koType_cte	ExecSpec.ObjectInstances_H	cte itself \<Rightarrow> kernel_object_type
MachineTypes.RISCV64.vmfault_type.rec_vmfault_type	ExecSpec.MachineTypes	'a \<Rightarrow> 'a \<Rightarrow> 'a \<Rightarrow> 'a              \<Rightarrow> 'a \<Rightarrow> 'a       \<Rightarrow> vmfault_type \<Rightarrow> 'a
MachineTypes.RISCV64.vmfault_type.mor_vmfault_type	ExecSpec.MachineTypes	'a set \<Rightarrow> (RISCV64.vmfault_type_pre_vmfault_type \<Rightarrow> 'a)               \<Rightarrow> 'b set                             \<Rightarrow> (RISCV64.vmfault_type_pre_vmfault_type      \<Rightarrow> 'b)     \<Rightarrow> ('a \<Rightarrow> 'b) \<Rightarrow> bool
MachineTypes.RISCV64.vmfault_type.alg_vmfault_type	ExecSpec.MachineTypes	'a set \<Rightarrow> (RISCV64.vmfault_type_pre_vmfault_type \<Rightarrow> 'a)               \<Rightarrow> bool
MachineTypes.RISCV64.vmfault_type.Rep_vmfault_type	ExecSpec.MachineTypes	vmfault_type \<Rightarrow> RISCV64.vmfault_type.vmfault_type_IITN_vmfault_type               \<Rightarrow> (nat +                              RISCV64.vmfault_type_pre_vmfault_type) set                             \<Rightarrow> bool
MachineTypes.RISCV64.vmfault_type.Abs_vmfault_type	ExecSpec.MachineTypes	(RISCV64.vmfault_type.vmfault_type_IITN_vmfault_type  \<Rightarrow> (nat + RISCV64.vmfault_type_pre_vmfault_type) set                \<Rightarrow> bool) \<Rightarrow> vmfault_type
Kernel_Config.CONFIG_MAX_NUM_BOOTINFO_UNTYPED_CAPS	ExecSpec.Kernel_Config	nat
KernelStateData_H.kernel_state.ksIdleThread_update	ExecSpec.KernelStateData_H	(64 word \<Rightarrow> 64 word) \<Rightarrow> 'z kernel_state_scheme \<Rightarrow> 'z kernel_state_scheme
KernelStateData_H.kernel_state.ksDomainTime_update	ExecSpec.KernelStateData_H	(64 word \<Rightarrow> 64 word) \<Rightarrow> 'z kernel_state_scheme \<Rightarrow> 'z kernel_state_scheme
KernelStateData_H.kernel_state.gsUntypedZeroRanges	ExecSpec.KernelStateData_H	'z kernel_state_scheme \<Rightarrow> (64 word \<times> 64 word) set
KernelInitMonad_H.init_data.initKernelState_update	ExecSpec.KernelInitMonad_H	(global.kernel_state \<Rightarrow> global.kernel_state) \<Rightarrow> 'z init_data_scheme \<Rightarrow> 'z init_data_scheme
Invocations_H.untyped_invocation.retypeNewSizeBits	ExecSpec.Invocations_H	untyped_invocation \<Rightarrow> nat
Invocations_H.tcbinvocation.str_init_tcbinvocation	ExecSpec.Invocations_H	tcbinvocation_pre_tcbinvocation \<Rightarrow> tcbinvocation.tcbinvocation_IITN_tcbinvocation               \<Rightarrow> (nat + tcbinvocation_pre_tcbinvocation) set                             \<Rightarrow> bool
Invocations_H.tcbinvocation.is_NotificationControl	ExecSpec.Invocations_H	tcbinvocation \<Rightarrow> bool
Invocations_H.tcbinvocation.ctor_rec_tcbinvocation	ExecSpec.Invocations_H	(tcbinvocation_pre_tcbinvocation \<Rightarrow> 'a) \<Rightarrow> tcbinvocation \<Rightarrow> 'a
Invocations_H.size_invocation_inst.size_invocation	ExecSpec.Invocations_H	global.invocation \<Rightarrow> nat
Invocations_H.irqcontrol_invocation.archIRQControl	ExecSpec.Invocations_H	irqcontrol_invocation \<Rightarrow> Arch.irqcontrol_invocation
Invocations_H.irqcontrol_invocation.ArchIRQControl	ExecSpec.Invocations_H	Arch.irqcontrol_invocation \<Rightarrow> irqcontrol_invocation
Invocations_H.domain_invocation.is_InvokeDomainSet	ExecSpec.Invocations_H	domain_invocation \<Rightarrow> bool
InvocationLabels_H.gen_invocation_labels.TCBResume	ExecSpec.InvocationLabels_H	gen_invocation_labels
InvocationLabels_H.gen_invocation_labels.IRQAckIRQ	ExecSpec.InvocationLabels_H	gen_invocation_labels
InvocationLabels_H.gen_invocation_labels.CNodeMove	ExecSpec.InvocationLabels_H	gen_invocation_labels
InvocationLabels_H.gen_invocation_labels.CNodeMint	ExecSpec.InvocationLabels_H	gen_invocation_labels
InvocationLabels_H.gen_invocation_labels.CNodeCopy	ExecSpec.InvocationLabels_H	gen_invocation_labels
Fault_H.size_syscall_error_inst.size_syscall_error	ExecSpec.Fault_H	syscall_error \<Rightarrow> nat
Fault_H.equal_init_failure_inst.equal_init_failure	ExecSpec.Fault_H	init_failure \<Rightarrow> init_failure \<Rightarrow> bool
ArchVSpace_H.RISCV64_H.lookupPTSlotFromLevel_graph	ExecSpec.ArchVSpace_H	nat \<times> 64 word \<times> 64 word \<Rightarrow> (global.kernel_state, nat \<times> 64 word) nondet_monad               \<Rightarrow> bool
ArchTypes_H.enum_object_type_inst.enum_object_type	ExecSpec.ArchTypes_H	object_type list
ArchTypes_H.apiobject_type.str_init_apiobject_type	ExecSpec.ArchTypes_H	apiobject_type_pre_apiobject_type \<Rightarrow> apiobject_type.apiobject_type_IITN_apiobject_type               \<Rightarrow> (nat + apiobject_type_pre_apiobject_type) set                             \<Rightarrow> bool
ArchTypes_H.apiobject_type.ctor_rec_apiobject_type	ExecSpec.ArchTypes_H	(apiobject_type_pre_apiobject_type \<Rightarrow> 'a) \<Rightarrow> apiobject_type \<Rightarrow> 'a
ArchTypes_H.RISCV64_H.object_type.size_object_type	ExecSpec.ArchTypes_H	object_type \<Rightarrow> nat
ArchTypes_H.RISCV64_H.object_type.dtor_object_type	ExecSpec.ArchTypes_H	object_type \<Rightarrow> RISCV64_H.object_type_pre_object_type
ArchTypes_H.RISCV64_H.object_type.ctor_object_type	ExecSpec.ArchTypes_H	RISCV64_H.object_type_pre_object_type \<Rightarrow> object_type
ArchTypes_H.RISCV64_H.object_type.case_object_type	ExecSpec.ArchTypes_H	(apiobject_type \<Rightarrow> 'a) \<Rightarrow> 'a \<Rightarrow> 'a \<Rightarrow> 'a           \<Rightarrow> 'a \<Rightarrow> object_type \<Rightarrow> 'a
ArchRetypeDecls_H.RISCV64_H.issueHandlerIRQ_update	ExecSpec.ArchRetypeDecls_H	(6 word \<Rightarrow> 6 word) \<Rightarrow> Arch.irqcontrol_invocation               \<Rightarrow> Arch.irqcontrol_invocation
Types_H.pre_init_data.init_data.wit_pre_init_data	ExecSpec.Types_H	init_data_pre_init_data
Types_H.pre_init_data.init_data.set_pre_init_data	ExecSpec.Types_H	init_data_pre_init_data \<Rightarrow> 'a set
Types_H.pre_init_data.init_data.rel_pre_init_data	ExecSpec.Types_H	('a \<Rightarrow> 'b \<Rightarrow> bool) \<Rightarrow> init_data_pre_init_data               \<Rightarrow> init_data_pre_init_data \<Rightarrow> bool
Types_H.pre_init_data.init_data.map_pre_init_data	ExecSpec.Types_H	('a \<Rightarrow> 'b) \<Rightarrow> init_data_pre_init_data \<Rightarrow> init_data_pre_init_data
Types_H.bidevice_region.ctor_fold_bidevice_region	ExecSpec.Types_H	(bidevice_region_pre_bidevice_region \<Rightarrow> 'a) \<Rightarrow> bidevice_region \<Rightarrow> 'a
Structures_H.typerep_mdbnode_inst.typerep_mdbnode	ExecSpec.Structures_H	mdbnode itself \<Rightarrow> typerep
Structures_H.term_of_mdbnode_inst.term_of_mdbnode	ExecSpec.Structures_H	mdbnode \<Rightarrow> term
Structures_H.size_capability_inst.size_capability	ExecSpec.Structures_H	capability \<Rightarrow> nat
Structures_H.scheduler_action.ResumeCurrentThread	ExecSpec.Structures_H	scheduler_action
Structures_H.random_irqstate_inst.random_irqstate	ExecSpec.Structures_H	natural \<Rightarrow> natural \<times> natural               \<Rightarrow> (irqstate \<times>                              (unit \<Rightarrow> term)) \<times>                             natural \<times> natural
Structures_H.random_endpoint_inst.random_endpoint	ExecSpec.Structures_H	natural \<Rightarrow> natural \<times> natural               \<Rightarrow> (endpoint \<times>                              (unit \<Rightarrow> term)) \<times>                             natural \<times> natural
Structures_H.pre_mdbnode.mdbnode.pred_pre_mdbnode	ExecSpec.Structures_H	('a \<Rightarrow> bool) \<Rightarrow> mdbnode_pre_mdbnode \<Rightarrow> bool
Structures_H.ntfn.ntfn_pre_ntfn.Rep_ntfn_pre_ntfn	ExecSpec.Structures_H	ntfn_pre_ntfn \<Rightarrow> unit + 64 word + 64 word list
Structures_H.ntfn.ntfn_pre_ntfn.Abs_ntfn_pre_ntfn	ExecSpec.Structures_H	unit + 64 word + 64 word list \<Rightarrow> ntfn_pre_ntfn
Structures_H.kernel_object.str_init_kernel_object	ExecSpec.Structures_H	kernel_object_pre_kernel_object \<Rightarrow> kernel_object.kernel_object_IITN_kernel_object               \<Rightarrow> (nat + kernel_object_pre_kernel_object) set                             \<Rightarrow> bool
Structures_H.kernel_object.ctor_rec_kernel_object	ExecSpec.Structures_H	(kernel_object_pre_kernel_object \<Rightarrow> 'a) \<Rightarrow> kernel_object \<Rightarrow> 'a
Structures_H.interrupt_state.size_interrupt_state	ExecSpec.Structures_H	interrupt_state \<Rightarrow> nat
Structures_H.interrupt_state.dtor_interrupt_state	ExecSpec.Structures_H	interrupt_state \<Rightarrow> interrupt_state_pre_interrupt_state
Structures_H.interrupt_state.ctor_interrupt_state	ExecSpec.Structures_H	interrupt_state_pre_interrupt_state \<Rightarrow> interrupt_state
Structures_H.interrupt_state.case_interrupt_state	ExecSpec.Structures_H	(64 word \<Rightarrow> (6 word \<Rightarrow> irqstate) \<Rightarrow> 'a) \<Rightarrow> interrupt_state \<Rightarrow> 'a
Structures_H.equal_user_data_inst.equal_user_data	ExecSpec.Structures_H	user_data \<Rightarrow> user_data \<Rightarrow> bool
Structs_B.pre_tcb_flag.tcb_flag.pred_pre_tcb_flag	ExecSpec.Structs_B	('a \<Rightarrow> bool) \<Rightarrow> unit \<Rightarrow> bool
PSpaceStorable_H.pspace_storable_class.makeObject	ExecSpec.PSpaceStorable_H	'a
PSpaceStorable_H.pspace_storable_class.loadObject	ExecSpec.PSpaceStorable_H	64 word \<Rightarrow> 64 word               \<Rightarrow> 64 word option                             \<Rightarrow> kernel_object     \<Rightarrow> (global.kernel_state, 'a) nondet_monad
PSpaceStorable_H.pre_storable_class.projectKO_opt	ExecSpec.PSpaceStorable_H	kernel_object \<Rightarrow> 'a option
PSpaceStorable_H.kernel_object_type.NotificationT	ExecSpec.PSpaceStorable_H	kernel_object_type
MachineTypes.enum_register_inst.enum_all_register	ExecSpec.MachineTypes	(register \<Rightarrow> bool) \<Rightarrow> bool
MachineTypes.RISCV64.vmpage_size.size_vmpage_size	ExecSpec.MachineTypes	vmpage_size \<Rightarrow> nat
MachineTypes.RISCV64.vmpage_size.dtor_vmpage_size	ExecSpec.MachineTypes	vmpage_size \<Rightarrow> unit + unit + unit
MachineTypes.RISCV64.vmpage_size.ctor_vmpage_size	ExecSpec.MachineTypes	unit + unit + unit \<Rightarrow> vmpage_size
MachineTypes.RISCV64.vmpage_size.case_vmpage_size	ExecSpec.MachineTypes	'a \<Rightarrow> 'a \<Rightarrow> 'a \<Rightarrow> vmpage_size              \<Rightarrow> 'a
MachineOps.RISCV64.user_context.size_user_context	ExecSpec.MachineOps	user_context \<Rightarrow> nat
MachineOps.RISCV64.user_context.dtor_user_context	ExecSpec.MachineOps	user_context \<Rightarrow> RISCV64.user_context_pre_user_context
MachineOps.RISCV64.user_context.ctor_user_context	ExecSpec.MachineOps	RISCV64.user_context_pre_user_context \<Rightarrow> user_context
MachineOps.RISCV64.user_context.case_user_context	ExecSpec.MachineOps	((register \<Rightarrow> 64 word) \<Rightarrow> 'a) \<Rightarrow> user_context \<Rightarrow> 'a
Kernel_Config.CONFIG_ARM_HIKEY_PREFETCHER_NPFSTRM	ExecSpec.Kernel_Config	bool
KernelStateData_H.kernel_state.ksDomScheduleStart	ExecSpec.KernelStateData_H	'z kernel_state_scheme \<Rightarrow> nat
KernelStateData_H.kernel_state.ksCurThread_update	ExecSpec.KernelStateData_H	(64 word \<Rightarrow> 64 word) \<Rightarrow> 'z kernel_state_scheme \<Rightarrow> 'z kernel_state_scheme
KernelStateData_H.kernel_state.ksCurDomain_update	ExecSpec.KernelStateData_H	(8 word \<Rightarrow> 8 word) \<Rightarrow> 'z kernel_state_scheme \<Rightarrow> 'z kernel_state_scheme
KernelStateData_H.kernel_state.ksArchState_update	ExecSpec.KernelStateData_H	(Arch.kernel_state \<Rightarrow> Arch.kernel_state) \<Rightarrow> 'z kernel_state_scheme \<Rightarrow> 'z kernel_state_scheme
KernelStateData_H.kernel_state.gsUserPages_update	ExecSpec.KernelStateData_H	((64 word \<Rightarrow> vmpage_size option)  \<Rightarrow> 64 word \<Rightarrow> vmpage_size option) \<Rightarrow> 'z kernel_state_scheme \<Rightarrow> 'z kernel_state_scheme
KernelInitMonad_H.init_data.initSlotPosMax_update	ExecSpec.KernelInitMonad_H	(64 word \<Rightarrow> 64 word) \<Rightarrow> 'z init_data_scheme \<Rightarrow> 'z init_data_scheme
KernelInitMonad_H.init_data.initSlotPosCur_update	ExecSpec.KernelInitMonad_H	(64 word \<Rightarrow> 64 word) \<Rightarrow> 'z init_data_scheme \<Rightarrow> 'z init_data_scheme
KernelInitMonad_H.init_data.initFreeMemory_update	ExecSpec.KernelInitMonad_H	((64 word \<times> 64 word) list  \<Rightarrow> (64 word \<times> 64 word) list) \<Rightarrow> 'z init_data_scheme \<Rightarrow> 'z init_data_scheme
Invocations_H.untyped_invocation.retypeRegionBase	ExecSpec.Invocations_H	untyped_invocation \<Rightarrow> 64 word
Invocations_H.tcbinvocation.min_alg_tcbinvocation	ExecSpec.Invocations_H	(tcbinvocation_pre_tcbinvocation \<Rightarrow> 'a) \<Rightarrow> 'a set
Invocations_H.tcbinvocation.copyRegsTransferFrame	ExecSpec.Invocations_H	tcbinvocation \<Rightarrow> bool
Invocations_H.tcbinvocation.copyRegsSuspendSource	ExecSpec.Invocations_H	tcbinvocation \<Rightarrow> bool
Invocations_H.irqhandler_invocation.irqHandlerIRQ	ExecSpec.Invocations_H	irqhandler_invocation \<Rightarrow> 6 word
Invocations_H.irqhandler_invocation.SetIRQHandler	ExecSpec.Invocations_H	6 word \<Rightarrow> capability               \<Rightarrow> 64 word \<Rightarrow> irqhandler_invocation
Invocations_H.InvokeDomainScheduleConfigure_trans	ExecSpec.Invocations_H	nat \<Rightarrow> 8 word \<Rightarrow> 64 word \<Rightarrow> domain_invocation
Hardware_H.RISCV64_H.typerep_pte_inst.typerep_pte	ExecSpec.Hardware_H	RISCV64_H.pte itself \<Rightarrow> typerep
Hardware_H.RISCV64_H.term_of_pte_inst.term_of_pte	ExecSpec.Hardware_H	RISCV64_H.pte \<Rightarrow> term
Fault_H.fault.fault_pre_fault.Rep_fault_pre_fault	ExecSpec.Fault_H	fault_pre_fault \<Rightarrow> (64 word \<times> 64 word +                64 word \<times> bool \<times> lookup_failure) +               64 word + arch_fault
Fault_H.fault.fault_pre_fault.Abs_fault_pre_fault	ExecSpec.Fault_H	(64 word \<times> 64 word + 64 word \<times> bool \<times> lookup_failure) + 64 word + arch_fault \<Rightarrow> fault_pre_fault
Event_H.event.event_pre_event.Rep_event_pre_event	ExecSpec.Event_H	event_pre_event \<Rightarrow> (syscall + nat + 64 word \<times> 64 word) +               unit + vmfault_type + hyp_fault_type
Event_H.event.event_pre_event.Abs_event_pre_event	ExecSpec.Event_H	(syscall + nat + 64 word \<times> 64 word) + unit + vmfault_type + hyp_fault_type \<Rightarrow> event_pre_event
ArchVSpace_H.RISCV64_H.lookupPTSlotFromLevel_sumC	ExecSpec.ArchVSpace_H	nat \<times> 64 word \<times> 64 word \<Rightarrow> (global.kernel_state, nat \<times> 64 word) nondet_monad
ArchVSpaceDecls_H.RISCV64_H.performPageInvocation	ExecSpec.ArchVSpaceDecls_H	RISCV64_H.page_invocation \<Rightarrow> (global.kernel_state, 64 word list) nondet_monad
ArchTypes_H.apiobject_type.min_alg_apiobject_type	ExecSpec.ArchTypes_H	(apiobject_type_pre_apiobject_type \<Rightarrow> 'a) \<Rightarrow> 'a set
ArchTypes_H.RISCV64_H.object_type.rec_object_type	ExecSpec.ArchTypes_H	(apiobject_type \<Rightarrow> 'a) \<Rightarrow> 'a \<Rightarrow> 'a \<Rightarrow> 'a           \<Rightarrow> 'a \<Rightarrow> object_type \<Rightarrow> 'a
ArchTypes_H.RISCV64_H.object_type.mor_object_type	ExecSpec.ArchTypes_H	'a set \<Rightarrow> (RISCV64_H.object_type_pre_object_type \<Rightarrow> 'a)               \<Rightarrow> 'b set                             \<Rightarrow> (RISCV64_H.object_type_pre_object_type      \<Rightarrow> 'b)     \<Rightarrow> ('a \<Rightarrow> 'b) \<Rightarrow> bool
ArchTypes_H.RISCV64_H.object_type.alg_object_type	ExecSpec.ArchTypes_H	'a set \<Rightarrow> (RISCV64_H.object_type_pre_object_type \<Rightarrow> 'a)               \<Rightarrow> bool
ArchTypes_H.RISCV64_H.object_type.SmallPageObject	ExecSpec.ArchTypes_H	object_type
ArchTypes_H.RISCV64_H.object_type.Rep_object_type	ExecSpec.ArchTypes_H	object_type \<Rightarrow> RISCV64_H.object_type.object_type_IITN_object_type               \<Rightarrow> (nat +                              RISCV64_H.object_type_pre_object_type) set                             \<Rightarrow> bool
ArchTypes_H.RISCV64_H.object_type.PageTableObject	ExecSpec.ArchTypes_H	object_type
ArchTypes_H.RISCV64_H.object_type.LargePageObject	ExecSpec.ArchTypes_H	object_type
ArchTypes_H.RISCV64_H.object_type.Abs_object_type	ExecSpec.ArchTypes_H	(RISCV64_H.object_type.object_type_IITN_object_type  \<Rightarrow> (nat + RISCV64_H.object_type_pre_object_type) set                \<Rightarrow> bool) \<Rightarrow> object_type
ArchStructures_H.RISCV64_H.asidpool.size_asidpool	ExecSpec.ArchStructures_H	RISCV64_H.asidpool \<Rightarrow> nat
ArchStructures_H.RISCV64_H.asidpool.dtor_asidpool	ExecSpec.ArchStructures_H	RISCV64_H.asidpool \<Rightarrow> RISCV64_H.asidpool_pre_asidpool
ArchStructures_H.RISCV64_H.asidpool.ctor_asidpool	ExecSpec.ArchStructures_H	RISCV64_H.asidpool_pre_asidpool \<Rightarrow> RISCV64_H.asidpool
ArchStructures_H.RISCV64_H.asidpool.case_asidpool	ExecSpec.ArchStructures_H	((64 word \<Rightarrow> 64 word option) \<Rightarrow> 'a) \<Rightarrow> RISCV64_H.asidpool \<Rightarrow> 'a
ArchStructures_H.RISCV64_H.arch_tcb.size_arch_tcb	ExecSpec.ArchStructures_H	arch_tcb \<Rightarrow> nat
ArchStructures_H.RISCV64_H.arch_tcb.dtor_arch_tcb	ExecSpec.ArchStructures_H	arch_tcb \<Rightarrow> user_context
ArchStructures_H.RISCV64_H.arch_tcb.ctor_arch_tcb	ExecSpec.ArchStructures_H	user_context \<Rightarrow> arch_tcb
ArchStructures_H.RISCV64_H.arch_tcb.case_arch_tcb	ExecSpec.ArchStructures_H	(user_context \<Rightarrow> 'a) \<Rightarrow> arch_tcb \<Rightarrow> 'a
ArchStateData_H.RISCV64_H.riscvKSGlobalPTs_update	ExecSpec.ArchStateData_H	((nat \<Rightarrow> 64 word list)  \<Rightarrow> nat \<Rightarrow> 64 word list) \<Rightarrow> Arch.kernel_state \<Rightarrow> Arch.kernel_state
ArchStateData_H.RISCV64_H.riscvKSASIDTable_update	ExecSpec.ArchStateData_H	((64 word \<Rightarrow> 64 word option)  \<Rightarrow> 64 word \<Rightarrow> 64 word option) \<Rightarrow> Arch.kernel_state \<Rightarrow> Arch.kernel_state
ArchStateData_H.RISCV64_H.random_aux_kernel_state	ExecSpec.ArchStateData_H	natural \<Rightarrow> natural               \<Rightarrow> natural \<times> natural                             \<Rightarrow> (Arch.kernel_state \<times>      (unit \<Rightarrow> term)) \<times>     natural \<times> natural
ArchRetypeDecls_H.RISCV64_H.random_aux_invocation	ExecSpec.ArchRetypeDecls_H	natural \<Rightarrow> natural               \<Rightarrow> natural \<times> natural                             \<Rightarrow> (Arch.invocation \<times>      (unit \<Rightarrow> term)) \<times>     natural \<times> natural
ArchRetypeDecls_H.RISCV64_H.ptUnmapCapSlot_update	ExecSpec.ArchRetypeDecls_H	(64 word \<Rightarrow> 64 word) \<Rightarrow> RISCV64_H.page_table_invocation               \<Rightarrow> RISCV64_H.page_table_invocation
ArchRetypeDecls_H.RISCV64_H.pageMapEntries_update	ExecSpec.ArchRetypeDecls_H	(RISCV64_H.pte \<times> 64 word  \<Rightarrow> RISCV64_H.pte \<times> 64 word) \<Rightarrow> RISCV64_H.page_invocation               \<Rightarrow> RISCV64_H.page_invocation
ArchRetypeDecls_H.RISCV64_H.pageGetBasePtr_update	ExecSpec.ArchRetypeDecls_H	(64 word \<Rightarrow> 64 word) \<Rightarrow> RISCV64_H.page_invocation               \<Rightarrow> RISCV64_H.page_invocation
ArchRetypeDecls_H.RISCV64_H.makePoolParent_update	ExecSpec.ArchRetypeDecls_H	(64 word \<Rightarrow> 64 word) \<Rightarrow> RISCV64_H.asidcontrol_invocation               \<Rightarrow> RISCV64_H.asidcontrol_invocation
ArchRetypeDecls_H.RISCV64_H.invocation.InvokePage	ExecSpec.ArchRetypeDecls_H	RISCV64_H.page_invocation \<Rightarrow> Arch.invocation
ArchRetypeDecls_H.RISCV64_H.assignASIDPool_update	ExecSpec.ArchRetypeDecls_H	(64 word \<Rightarrow> 64 word) \<Rightarrow> RISCV64_H.asidpool_invocation               \<Rightarrow> RISCV64_H.asidpool_invocation
ArchRetypeDecls_H.RISCV64_H.IssueIRQHandler_trans	ExecSpec.ArchRetypeDecls_H	6 word \<Rightarrow> 64 word               \<Rightarrow> 64 word                             \<Rightarrow> bool     \<Rightarrow> Arch.irqcontrol_invocation
ArchObjInsts_H.pre_storable_pte_inst.injectKO_pte	ExecSpec.ArchObjInsts_H	RISCV64_H.pte \<Rightarrow> kernel_object
ArchFaultHandler_H.RISCV64_H.makeArchFaultMessage	ExecSpec.ArchFaultHandler_H	arch_fault \<Rightarrow> 64 word               \<Rightarrow> (global.kernel_state,                              64 word \<times> 64 word list) nondet_monad
ArchFaultHandler_H.RISCV64_H.handleArchFaultReply	ExecSpec.ArchFaultHandler_H	arch_fault \<Rightarrow> 64 word               \<Rightarrow> 64 word                             \<Rightarrow> 64 word list     \<Rightarrow> (global.kernel_state, bool) nondet_monad
Types_H.typerep_init_data_inst.typerep_init_data	ExecSpec.Types_H	Types_H.init_data itself \<Rightarrow> typerep
Types_H.term_of_init_data_inst.term_of_init_data	ExecSpec.Types_H	Types_H.init_data \<Rightarrow> term
Types_H.size_message_info_inst.size_message_info	ExecSpec.Types_H	message_info \<Rightarrow> nat
Types_H.size_cap_transfer_inst.size_cap_transfer	ExecSpec.Types_H	cap_transfer \<Rightarrow> nat
Types_H.size_biframe_data_inst.size_biframe_data	ExecSpec.Types_H	biframe_data \<Rightarrow> nat
Types_H.random_cap_rights_inst.random_cap_rights	ExecSpec.Types_H	natural \<Rightarrow> natural \<times> natural               \<Rightarrow> (cap_rights \<times>                              (unit \<Rightarrow> term)) \<times>                             natural \<times> natural
Types_H.bidevice_region.str_init_bidevice_region	ExecSpec.Types_H	bidevice_region_pre_bidevice_region \<Rightarrow> bidevice_region.bidevice_region_IITN_bidevice_region               \<Rightarrow> (nat + bidevice_region_pre_bidevice_region) set                             \<Rightarrow> bool
Types_H.bidevice_region.ctor_rec_bidevice_region	ExecSpec.Types_H	(bidevice_region_pre_bidevice_region \<Rightarrow> 'a) \<Rightarrow> bidevice_region \<Rightarrow> 'a
Structures_H.thread_state.ctor_fold_thread_state	ExecSpec.Structures_H	(thread_state_pre_thread_state \<Rightarrow> 'a) \<Rightarrow> thread_state \<Rightarrow> 'a
Structures_H.pre_mdbnode.mdbnode.wit_pre_mdbnode	ExecSpec.Structures_H	mdbnode_pre_mdbnode
Structures_H.pre_mdbnode.mdbnode.set_pre_mdbnode	ExecSpec.Structures_H	mdbnode_pre_mdbnode \<Rightarrow> 'a set
Structures_H.pre_mdbnode.mdbnode.rel_pre_mdbnode	ExecSpec.Structures_H	('a \<Rightarrow> 'b \<Rightarrow> bool) \<Rightarrow> mdbnode_pre_mdbnode               \<Rightarrow> mdbnode_pre_mdbnode \<Rightarrow> bool
Structures_H.pre_mdbnode.mdbnode.map_pre_mdbnode	ExecSpec.Structures_H	('a \<Rightarrow> 'b) \<Rightarrow> mdbnode_pre_mdbnode \<Rightarrow> mdbnode_pre_mdbnode
Structures_H.notification.ctor_fold_notification	ExecSpec.Structures_H	(notification_pre_notification \<Rightarrow> 'a) \<Rightarrow> notification \<Rightarrow> 'a
Structures_H.kernel_object.min_alg_kernel_object	ExecSpec.Structures_H	(kernel_object_pre_kernel_object \<Rightarrow> 'a) \<Rightarrow> 'a set
Structures_H.interrupt_state.rec_interrupt_state	ExecSpec.Structures_H	(64 word \<Rightarrow> (6 word \<Rightarrow> irqstate) \<Rightarrow> 'a) \<Rightarrow> interrupt_state \<Rightarrow> 'a
Structures_H.interrupt_state.mor_interrupt_state	ExecSpec.Structures_H	'a set \<Rightarrow> (interrupt_state_pre_interrupt_state \<Rightarrow> 'a)               \<Rightarrow> 'b set                             \<Rightarrow> (interrupt_state_pre_interrupt_state      \<Rightarrow> 'b)     \<Rightarrow> ('a \<Rightarrow> 'b) \<Rightarrow> bool
Structures_H.interrupt_state.alg_interrupt_state	ExecSpec.Structures_H	'a set \<Rightarrow> (interrupt_state_pre_interrupt_state \<Rightarrow> 'a)               \<Rightarrow> bool
Structures_H.interrupt_state.Rep_interrupt_state	ExecSpec.Structures_H	interrupt_state \<Rightarrow> interrupt_state.interrupt_state_IITN_interrupt_state               \<Rightarrow> (nat + interrupt_state_pre_interrupt_state) set                             \<Rightarrow> bool
Structures_H.interrupt_state.Abs_interrupt_state	ExecSpec.Structures_H	(interrupt_state.interrupt_state_IITN_interrupt_state  \<Rightarrow> (nat + interrupt_state_pre_interrupt_state) set                \<Rightarrow> bool) \<Rightarrow> interrupt_state
Structs_B.typerep_tcb_flag_inst.typerep_tcb_flag	ExecSpec.Structs_B	tcb_flag itself \<Rightarrow> typerep
Structs_B.term_of_tcb_flag_inst.term_of_tcb_flag	ExecSpec.Structs_B	tcb_flag \<Rightarrow> term
Structs_B.pre_tcb_flag.tcb_flag.wit_pre_tcb_flag	ExecSpec.Structs_B	unit
Structs_B.pre_tcb_flag.tcb_flag.set_pre_tcb_flag	ExecSpec.Structs_B	unit \<Rightarrow> 'a set
Structs_B.pre_tcb_flag.tcb_flag.rel_pre_tcb_flag	ExecSpec.Structs_B	('a \<Rightarrow> 'b \<Rightarrow> bool) \<Rightarrow> unit \<Rightarrow> unit \<Rightarrow> bool
Structs_B.pre_tcb_flag.tcb_flag.map_pre_tcb_flag	ExecSpec.Structs_B	('a \<Rightarrow> 'b) \<Rightarrow> unit \<Rightarrow> unit
PSpaceStorable_H.pre_storable.loadObject_default	ExecSpec.PSpaceStorable_H	('a \<Rightarrow> kernel_object) \<Rightarrow> (kernel_object \<Rightarrow> 'a option)               \<Rightarrow> 64 word                             \<Rightarrow> 64 word     \<Rightarrow> 64 word option                   \<Rightarrow> kernel_object                                 \<Rightarrow> (global.kernel_state,          'a) nondet_monad
MachineTypes.enum_register_inst.enum_ex_register	ExecSpec.MachineTypes	(register \<Rightarrow> bool) \<Rightarrow> bool
MachineTypes.RISCV64.vmpage_size.rec_vmpage_size	ExecSpec.MachineTypes	'a \<Rightarrow> 'a \<Rightarrow> 'a \<Rightarrow> vmpage_size              \<Rightarrow> 'a
MachineTypes.RISCV64.vmpage_size.mor_vmpage_size	ExecSpec.MachineTypes	'a set \<Rightarrow> (unit + unit + unit \<Rightarrow> 'a)               \<Rightarrow> 'b set                             \<Rightarrow> (unit + unit + unit      \<Rightarrow> 'b)     \<Rightarrow> ('a \<Rightarrow> 'b) \<Rightarrow> bool
MachineTypes.RISCV64.vmpage_size.alg_vmpage_size	ExecSpec.MachineTypes	'a set \<Rightarrow> (unit + unit + unit \<Rightarrow> 'a) \<Rightarrow> bool
MachineTypes.RISCV64.vmpage_size.Rep_vmpage_size	ExecSpec.MachineTypes	vmpage_size \<Rightarrow> RISCV64.vmpage_size.vmpage_size_IITN_vmpage_size               \<Rightarrow> (nat + unit + unit + unit) set                             \<Rightarrow> bool
MachineTypes.RISCV64.vmpage_size.Abs_vmpage_size	ExecSpec.MachineTypes	(RISCV64.vmpage_size.vmpage_size_IITN_vmpage_size  \<Rightarrow> (nat + unit + unit + unit) set \<Rightarrow> bool) \<Rightarrow> vmpage_size
MachineTypes.RISCV64.register.ctor_fold_register	ExecSpec.MachineTypes	(RISCV64.register_pre_register \<Rightarrow> 'a) \<Rightarrow> register \<Rightarrow> 'a
MachineOps.RISCV64.user_context.rec_user_context	ExecSpec.MachineOps	((register \<Rightarrow> 64 word) \<Rightarrow> 'a) \<Rightarrow> user_context \<Rightarrow> 'a
MachineOps.RISCV64.user_context.mor_user_context	ExecSpec.MachineOps	'a set \<Rightarrow> (RISCV64.user_context_pre_user_context \<Rightarrow> 'a)               \<Rightarrow> 'b set                             \<Rightarrow> (RISCV64.user_context_pre_user_context      \<Rightarrow> 'b)     \<Rightarrow> ('a \<Rightarrow> 'b) \<Rightarrow> bool
MachineOps.RISCV64.user_context.alg_user_context	ExecSpec.MachineOps	'a set \<Rightarrow> (RISCV64.user_context_pre_user_context \<Rightarrow> 'a)               \<Rightarrow> bool
MachineOps.RISCV64.user_context.Rep_user_context	ExecSpec.MachineOps	user_context \<Rightarrow> RISCV64.user_context.user_context_IITN_user_context               \<Rightarrow> (nat +                              RISCV64.user_context_pre_user_context) set                             \<Rightarrow> bool
MachineOps.RISCV64.user_context.Abs_user_context	ExecSpec.MachineOps	(RISCV64.user_context.user_context_IITN_user_context  \<Rightarrow> (nat + RISCV64.user_context_pre_user_context) set                \<Rightarrow> bool) \<Rightarrow> user_context
Kernel_Config.CONFIG_ARM_HIKEY_PREFETCHER_STRIDE	ExecSpec.Kernel_Config	bool
KernelStateData_H.kernel_state.ksSchedulerAction	ExecSpec.KernelStateData_H	'z kernel_state_scheme \<Rightarrow> scheduler_action
Invocations_H.tcbinvocation.copyRegsTransferArch	ExecSpec.Invocations_H	tcbinvocation \<Rightarrow> Arch.copy_register_sets
Invocations_H.tcbinvocation.copyRegsResumeTarget	ExecSpec.Invocations_H	tcbinvocation \<Rightarrow> bool
Invocations_H.cnode_invocation.CancelBadgedSends	ExecSpec.Invocations_H	capability \<Rightarrow> cnode_invocation
Invocations_H.InvokeDomainScheduleSetStart_trans	ExecSpec.Invocations_H	nat \<Rightarrow> domain_invocation
Hardware_H.RISCV64_H.vmrights.ctor_fold_vmrights	ExecSpec.Hardware_H	(unit + unit + unit \<Rightarrow> 'a) \<Rightarrow> vmrights \<Rightarrow> 'a
Fault_H.size_init_failure_inst.size_init_failure	ExecSpec.Fault_H	init_failure \<Rightarrow> nat
Event_H.narrowing_syscall_inst.narrowing_syscall	ExecSpec.Event_H	integer \<Rightarrow> syscall ??.Quickcheck_Narrowing.narrowing_cons
ArchVSpace_H.RISCV64_H.lookupPTSlotFromLevel_rel	ExecSpec.ArchVSpace_H	nat \<times> 64 word \<times> 64 word \<Rightarrow> nat \<times> 64 word \<times> 64 word \<Rightarrow> bool
ArchVSpace_H.RISCV64_H.lookupPTSlotFromLevel_dom	ExecSpec.ArchVSpace_H	nat \<times> 64 word \<times> 64 word \<Rightarrow> bool
ArchVSpaceDecls_H.RISCV64_H.createIPCBufferFrame	ExecSpec.ArchVSpaceDecls_H	capability \<Rightarrow> 64 word               \<Rightarrow> (KernelInitMonad_H.init_data,                              init_failure + capability) nondet_monad
ArchVSpaceDecls_H.RISCV64_H.createFramesOfRegion	ExecSpec.ArchVSpaceDecls_H	capability \<Rightarrow> 64 word \<times> 64 word               \<Rightarrow> bool                             \<Rightarrow> (KernelInitMonad_H.init_data,      init_failure + unit) nondet_monad
ArchVSpaceDecls_H.RISCV64_H.activateGlobalVSpace	ExecSpec.ArchVSpaceDecls_H	(global.kernel_state, unit) nondet_monad
ArchTypes_H.RISCV64_H.object_type.HugePageObject	ExecSpec.ArchTypes_H	object_type
ArchStructures_H.RISCV64_H.asidpool.rec_asidpool	ExecSpec.ArchStructures_H	((64 word \<Rightarrow> 64 word option) \<Rightarrow> 'a) \<Rightarrow> RISCV64_H.asidpool \<Rightarrow> 'a
ArchStructures_H.RISCV64_H.asidpool.mor_asidpool	ExecSpec.ArchStructures_H	'a set \<Rightarrow> (RISCV64_H.asidpool_pre_asidpool \<Rightarrow> 'a)               \<Rightarrow> 'b set                             \<Rightarrow> (RISCV64_H.asidpool_pre_asidpool      \<Rightarrow> 'b)     \<Rightarrow> ('a \<Rightarrow> 'b) \<Rightarrow> bool
ArchStructures_H.RISCV64_H.asidpool.alg_asidpool	ExecSpec.ArchStructures_H	'a set \<Rightarrow> (RISCV64_H.asidpool_pre_asidpool \<Rightarrow> 'a)               \<Rightarrow> bool
ArchStructures_H.RISCV64_H.asidpool.Rep_asidpool	ExecSpec.ArchStructures_H	RISCV64_H.asidpool \<Rightarrow> RISCV64_H.asidpool.asidpool_IITN_asidpool               \<Rightarrow> (nat + RISCV64_H.asidpool_pre_asidpool) set                             \<Rightarrow> bool
ArchStructures_H.RISCV64_H.asidpool.Abs_asidpool	ExecSpec.ArchStructures_H	(RISCV64_H.asidpool.asidpool_IITN_asidpool  \<Rightarrow> (nat + RISCV64_H.asidpool_pre_asidpool) set                \<Rightarrow> bool) \<Rightarrow> RISCV64_H.asidpool
ArchStructures_H.RISCV64_H.arch_tcb.rec_arch_tcb	ExecSpec.ArchStructures_H	(user_context \<Rightarrow> 'a) \<Rightarrow> arch_tcb \<Rightarrow> 'a
ArchStructures_H.RISCV64_H.arch_tcb.mor_arch_tcb	ExecSpec.ArchStructures_H	'a set \<Rightarrow> (user_context \<Rightarrow> 'a)               \<Rightarrow> 'b set                             \<Rightarrow> (user_context \<Rightarrow> 'b)     \<Rightarrow> ('a \<Rightarrow> 'b) \<Rightarrow> bool
ArchStructures_H.RISCV64_H.arch_tcb.alg_arch_tcb	ExecSpec.ArchStructures_H	'a set \<Rightarrow> (user_context \<Rightarrow> 'a) \<Rightarrow> bool
ArchStructures_H.RISCV64_H.arch_tcb.Rep_arch_tcb	ExecSpec.ArchStructures_H	arch_tcb \<Rightarrow> RISCV64_H.arch_tcb.arch_tcb_IITN_arch_tcb               \<Rightarrow> (nat + user_context) set \<Rightarrow> bool
ArchStructures_H.RISCV64_H.arch_tcb.Abs_arch_tcb	ExecSpec.ArchStructures_H	(RISCV64_H.arch_tcb.arch_tcb_IITN_arch_tcb  \<Rightarrow> (nat + user_context) set \<Rightarrow> bool) \<Rightarrow> arch_tcb
ArchStateData_H.RISCV64_H.RISCVKernelState_trans	ExecSpec.ArchStateData_H	(64 word \<Rightarrow> 64 word option) \<Rightarrow> (nat \<Rightarrow> 64 word list)               \<Rightarrow> (64 word                              \<Rightarrow> RISCV64_H.riscvvspace_region_use)                             \<Rightarrow> Arch.kernel_state
ArchRetypeDecls_H.RISCV64_H.pageMapCTSlot_update	ExecSpec.ArchRetypeDecls_H	(64 word \<Rightarrow> 64 word) \<Rightarrow> RISCV64_H.page_invocation               \<Rightarrow> RISCV64_H.page_invocation
ArchRetypeDecls_H.RISCV64_H.makePoolFrame_update	ExecSpec.ArchRetypeDecls_H	(64 word \<Rightarrow> 64 word) \<Rightarrow> RISCV64_H.asidcontrol_invocation               \<Rightarrow> RISCV64_H.asidcontrol_invocation
ArchRetypeDecls_H.RISCV64_H.PageTableUnmap_trans	ExecSpec.ArchRetypeDecls_H	arch_capability \<Rightarrow> 64 word \<Rightarrow> RISCV64_H.page_table_invocation
ArchInterruptDecls_H.RISCV64_H.performIRQControl	ExecSpec.ArchInterruptDecls_H	Arch.irqcontrol_invocation \<Rightarrow> (global.kernel_state, 6 word + unit) nondet_monad
ArchInterruptDecls_H.RISCV64_H.handleSpuriousIRQ	ExecSpec.ArchInterruptDecls_H	(global.kernel_state, unit) nondet_monad
ArchInterruptDecls_H.RISCV64_H.handleReservedIRQ	ExecSpec.ArchInterruptDecls_H	6 word \<Rightarrow> (global.kernel_state, unit) nondet_monad
ArchHypervisor_H.RISCV64_H.handleHypervisorFault	ExecSpec.ArchHypervisor_H	64 word \<Rightarrow> hyp_fault_type               \<Rightarrow> (global.kernel_state, unit) nondet_monad
ArchFault_H.RISCV64_H.arch_fault.vmFaultArchData	ExecSpec.ArchFault_H	arch_fault \<Rightarrow> 64 word list
ArchFault_H.RISCV64_H.arch_fault.size_arch_fault	ExecSpec.ArchFault_H	arch_fault \<Rightarrow> nat
ArchFault_H.RISCV64_H.arch_fault.dtor_arch_fault	ExecSpec.ArchFault_H	arch_fault \<Rightarrow> RISCV64_H.arch_fault_pre_arch_fault
ArchFault_H.RISCV64_H.arch_fault.ctor_arch_fault	ExecSpec.ArchFault_H	RISCV64_H.arch_fault_pre_arch_fault \<Rightarrow> arch_fault
ArchFault_H.RISCV64_H.arch_fault.case_arch_fault	ExecSpec.ArchFault_H	(64 word \<Rightarrow> 64 word list \<Rightarrow> 'a) \<Rightarrow> arch_fault \<Rightarrow> 'a
Types_H.bidevice_region.min_alg_bidevice_region	ExecSpec.Types_H	(bidevice_region_pre_bidevice_region \<Rightarrow> 'a) \<Rightarrow> 'a set
Structures_H.thread_state.waitingOnNotification	ExecSpec.Structures_H	thread_state \<Rightarrow> 64 word
Structures_H.thread_state.str_init_thread_state	ExecSpec.Structures_H	thread_state_pre_thread_state \<Rightarrow> thread_state.thread_state_IITN_thread_state               \<Rightarrow> (nat + thread_state_pre_thread_state) set                             \<Rightarrow> bool
Structures_H.thread_state.ctor_rec_thread_state	ExecSpec.Structures_H	(thread_state_pre_thread_state \<Rightarrow> 'a) \<Rightarrow> thread_state \<Rightarrow> 'a
Structures_H.thread_state.BlockedOnNotification	ExecSpec.Structures_H	64 word \<Rightarrow> thread_state
Structures_H.size_user_data_inst.size_user_data	ExecSpec.Structures_H	user_data \<Rightarrow> nat
Structures_H.scheduler_action.is_SwitchToThread	ExecSpec.Structures_H	scheduler_action \<Rightarrow> bool
Structures_H.random_mdbnode_inst.random_mdbnode	ExecSpec.Structures_H	natural \<Rightarrow> natural \<times> natural               \<Rightarrow> (mdbnode \<times>                              (unit \<Rightarrow> term)) \<times>                             natural \<times> natural
Structures_H.notification.str_init_notification	ExecSpec.Structures_H	notification_pre_notification \<Rightarrow> notification.notification_IITN_notification               \<Rightarrow> (nat + notification_pre_notification) set                             \<Rightarrow> bool
Structures_H.notification.ctor_rec_notification	ExecSpec.Structures_H	(notification_pre_notification \<Rightarrow> 'a) \<Rightarrow> notification \<Rightarrow> 'a
Structures_H.equal_irqstate_inst.equal_irqstate	ExecSpec.Structures_H	irqstate \<Rightarrow> irqstate \<Rightarrow> bool
Structures_H.equal_endpoint_inst.equal_endpoint	ExecSpec.Structures_H	endpoint \<Rightarrow> endpoint \<Rightarrow> bool
PSpaceStorable_H.kernel_object_type.KernelDataT	ExecSpec.PSpaceStorable_H	kernel_object_type
MachineTypes.RISCV64.vmpage_size.RISCVSmallPage	ExecSpec.MachineTypes	vmpage_size
MachineTypes.RISCV64.vmpage_size.RISCVLargePage	ExecSpec.MachineTypes	vmpage_size
MachineTypes.RISCV64.register.str_init_register	ExecSpec.MachineTypes	RISCV64.register_pre_register \<Rightarrow> RISCV64.register.register_IITN_register               \<Rightarrow> (nat + RISCV64.register_pre_register) set                             \<Rightarrow> bool
MachineTypes.RISCV64.register.ctor_rec_register	ExecSpec.MachineTypes	(RISCV64.register_pre_register \<Rightarrow> 'a) \<Rightarrow> register \<Rightarrow> 'a
KernelStateData_H.kernel_state.ksInterruptState	ExecSpec.KernelStateData_H	'z kernel_state_scheme \<Rightarrow> interrupt_state
KernelStateData_H.kernel_state.ksDomScheduleIdx	ExecSpec.KernelStateData_H	'z kernel_state_scheme \<Rightarrow> nat
KernelStateData_H.kernel_state.kernel_state_ext	ExecSpec.KernelStateData_H	(64 word \<Rightarrow> kernel_object option) \<Rightarrow> (64 word \<Rightarrow> vmpage_size option)               \<Rightarrow> (64 word \<Rightarrow> nat option)                             \<Rightarrow> (64 word \<times> 64 word) set     \<Rightarrow> nat                   \<Rightarrow> nat                                 \<Rightarrow> nat         \<Rightarrow> (8 word \<times> 64 word) list                       \<Rightarrow> 8 word                                     \<Rightarrow> 64 word             \<Rightarrow> (8 word \<times> 8 word                            \<Rightarrow> 64 word head_end_ptrs)                           \<Rightarrow> (8 word \<Rightarrow> 64 word)   \<Rightarrow> (8 word \<times> nat \<Rightarrow> 64 word)                 \<Rightarrow> 64 word                               \<Rightarrow> 64 word       \<Rightarrow> scheduler_action                     \<Rightarrow> interrupt_state                                   \<Rightarrow> 64 word           \<Rightarrow> Arch.kernel_state                         \<Rightarrow> machine_state \<Rightarrow> 'z \<Rightarrow> 'z kernel_state_scheme
KernelInitMonad_H.init_data.initBootInfo_update	ExecSpec.KernelInitMonad_H	(biframe_data \<Rightarrow> biframe_data) \<Rightarrow> 'z init_data_scheme \<Rightarrow> 'z init_data_scheme
Invocations_H.untyped_invocation.retypeIsDevice	ExecSpec.Invocations_H	untyped_invocation \<Rightarrow> bool
Invocations_H.tcbinvocation.NotificationControl	ExecSpec.Invocations_H	64 word \<Rightarrow> 64 word option \<Rightarrow> tcbinvocation
Invocations_H.issueHandlerControllerSlot_update	ExecSpec.Invocations_H	(64 word \<Rightarrow> 64 word) \<Rightarrow> irqcontrol_invocation \<Rightarrow> irqcontrol_invocation
Invocations_H.domain_invocation.InvokeDomainSet	ExecSpec.Invocations_H	64 word \<Rightarrow> 8 word \<Rightarrow> domain_invocation
Hardware_H.RISCV64_H.vmrights.str_init_vmrights	ExecSpec.Hardware_H	unit + unit + unit \<Rightarrow> RISCV64_H.vmrights.vmrights_IITN_vmrights               \<Rightarrow> (nat + unit + unit + unit) set                             \<Rightarrow> bool
Hardware_H.RISCV64_H.vmrights.ctor_rec_vmrights	ExecSpec.Hardware_H	(unit + unit + unit \<Rightarrow> 'a) \<Rightarrow> vmrights \<Rightarrow> 'a
Hardware_H.RISCV64_H.random_pte_inst.random_pte	ExecSpec.Hardware_H	natural \<Rightarrow> natural \<times> natural               \<Rightarrow> (RISCV64_H.pte \<times>                              (unit \<Rightarrow> term)) \<times>                             natural \<times> natural
Fault_H.lookup_failure.ctor_fold_lookup_failure	ExecSpec.Fault_H	(lookup_failure_pre_lookup_failure \<Rightarrow> 'a) \<Rightarrow> lookup_failure \<Rightarrow> 'a
ArchVSpaceDecls_H.RISCV64_H.checkValidIPCBuffer	ExecSpec.ArchVSpaceDecls_H	64 word \<Rightarrow> capability               \<Rightarrow> (global.kernel_state,                              syscall_error + unit) nondet_monad
ArchTypes_H.RISCV64_H.object_type.APIObjectType	ExecSpec.ArchTypes_H	apiobject_type \<Rightarrow> object_type
ArchThreadDecls_H.RISCV64_H.configureIdleThread	ExecSpec.ArchThreadDecls_H	64 word \<Rightarrow> (KernelInitMonad_H.init_data,                init_failure + unit) nondet_monad
ArchStructures_H.RISCV64_H.arch_tcb.atcbContext	ExecSpec.ArchStructures_H	arch_tcb \<Rightarrow> user_context
ArchRetypeDecls_H.RISCV64_H.prepareThreadDelete	ExecSpec.ArchRetypeDecls_H	64 word \<Rightarrow> (global.kernel_state, unit) nondet_monad
ArchRetypeDecls_H.RISCV64_H.pageUnmapCap_update	ExecSpec.ArchRetypeDecls_H	(arch_capability \<Rightarrow> arch_capability) \<Rightarrow> RISCV64_H.page_invocation               \<Rightarrow> RISCV64_H.page_invocation
ArchRetypeDecls_H.RISCV64_H.makePoolSlot_update	ExecSpec.ArchRetypeDecls_H	(64 word \<Rightarrow> 64 word) \<Rightarrow> RISCV64_H.asidcontrol_invocation               \<Rightarrow> RISCV64_H.asidcontrol_invocation
ArchRetypeDecls_H.RISCV64_H.makePoolBase_update	ExecSpec.ArchRetypeDecls_H	(64 word \<Rightarrow> 64 word) \<Rightarrow> RISCV64_H.asidcontrol_invocation               \<Rightarrow> RISCV64_H.asidcontrol_invocation
ArchObjInsts_H.pre_storable_pte_inst.koType_pte	ExecSpec.ArchObjInsts_H	RISCV64_H.pte itself \<Rightarrow> kernel_object_type
ArchInterruptDecls_H.RISCV64_H.invokeIRQHandler	ExecSpec.ArchInterruptDecls_H	irqhandler_invocation \<Rightarrow> (global.kernel_state, unit) nondet_monad
ArchFault_H.RISCV64_H.arch_fault.vmFaultAddress	ExecSpec.ArchFault_H	arch_fault \<Rightarrow> 64 word
ArchFault_H.RISCV64_H.arch_fault.rec_arch_fault	ExecSpec.ArchFault_H	(64 word \<Rightarrow> 64 word list \<Rightarrow> 'a) \<Rightarrow> arch_fault \<Rightarrow> 'a
ArchFault_H.RISCV64_H.arch_fault.mor_arch_fault	ExecSpec.ArchFault_H	'a set \<Rightarrow> (RISCV64_H.arch_fault_pre_arch_fault \<Rightarrow> 'a)               \<Rightarrow> 'b set                             \<Rightarrow> (RISCV64_H.arch_fault_pre_arch_fault      \<Rightarrow> 'b)     \<Rightarrow> ('a \<Rightarrow> 'b) \<Rightarrow> bool
ArchFault_H.RISCV64_H.arch_fault.alg_arch_fault	ExecSpec.ArchFault_H	'a set \<Rightarrow> (RISCV64_H.arch_fault_pre_arch_fault \<Rightarrow> 'a)               \<Rightarrow> bool
ArchFault_H.RISCV64_H.arch_fault.Rep_arch_fault	ExecSpec.ArchFault_H	arch_fault \<Rightarrow> RISCV64_H.arch_fault.arch_fault_IITN_arch_fault               \<Rightarrow> (nat + RISCV64_H.arch_fault_pre_arch_fault) set                             \<Rightarrow> bool
ArchFault_H.RISCV64_H.arch_fault.Abs_arch_fault	ExecSpec.ArchFault_H	(RISCV64_H.arch_fault.arch_fault_IITN_arch_fault  \<Rightarrow> (nat + RISCV64_H.arch_fault_pre_arch_fault) set                \<Rightarrow> bool) \<Rightarrow> arch_fault
Types_H.random_init_data_inst.random_init_data	ExecSpec.Types_H	natural \<Rightarrow> natural \<times> natural               \<Rightarrow> (Types_H.init_data \<times>                              (unit \<Rightarrow> term)) \<times>                             natural \<times> natural
Types_H.equal_cap_rights_inst.equal_cap_rights	ExecSpec.Types_H	cap_rights \<Rightarrow> cap_rights \<Rightarrow> bool
Types_H.biframe_data.bifUntypedObjIsDeviceList	ExecSpec.Types_H	biframe_data \<Rightarrow> bool list
Structures_H.zombie_type.ctor_fold_zombie_type	ExecSpec.Structures_H	(unit + nat \<Rightarrow> 'a) \<Rightarrow> zombie_type \<Rightarrow> 'a
Structures_H.thread_state.min_alg_thread_state	ExecSpec.Structures_H	(thread_state_pre_thread_state \<Rightarrow> 'a) \<Rightarrow> 'a set
Structures_H.tcb.tcb_IITN_tcb.Rep_tcb_IITN_tcb	ExecSpec.Structures_H	tcb.tcb_IITN_tcb \<Rightarrow> ((nat + tcb_pre_tcb) set \<Rightarrow> bool) set \<times>               (tcb_pre_tcb                \<Rightarrow> (nat + tcb_pre_tcb) set \<Rightarrow> bool)
Structures_H.tcb.tcb_IITN_tcb.Abs_tcb_IITN_tcb	ExecSpec.Structures_H	((nat + tcb_pre_tcb) set \<Rightarrow> bool) set \<times> (tcb_pre_tcb \<Rightarrow> (nat + tcb_pre_tcb) set \<Rightarrow> bool) \<Rightarrow> tcb.tcb_IITN_tcb
Structures_H.notification.min_alg_notification	ExecSpec.Structures_H	(notification_pre_notification \<Rightarrow> 'a) \<Rightarrow> 'a set
Structures_H.cte.cte_IITN_cte.Rep_cte_IITN_cte	ExecSpec.Structures_H	cte.cte_IITN_cte \<Rightarrow> ((nat + capability \<times> mdbnode) set                \<Rightarrow> bool) set \<times>               (capability \<times> mdbnode                \<Rightarrow> (nat + capability \<times> mdbnode) set                              \<Rightarrow> bool)
Structures_H.cte.cte_IITN_cte.Abs_cte_IITN_cte	ExecSpec.Structures_H	((nat + capability \<times> mdbnode) set \<Rightarrow> bool) set \<times> (capability \<times> mdbnode  \<Rightarrow> (nat + capability \<times> mdbnode) set \<Rightarrow> bool) \<Rightarrow> cte.cte_IITN_cte
Structs_B.random_tcb_flag_inst.random_tcb_flag	ExecSpec.Structs_B	natural \<Rightarrow> natural \<times> natural               \<Rightarrow> (tcb_flag \<times>                              (unit \<Rightarrow> term)) \<times>                             natural \<times> natural
PSpaceStorable_H.random_aux_kernel_object_type	ExecSpec.PSpaceStorable_H	natural \<Rightarrow> natural               \<Rightarrow> natural \<times> natural                             \<Rightarrow> (kernel_object_type \<times>      (unit \<Rightarrow> term)) \<times>     natural \<times> natural
MachineTypes.machine_state.device_state_update	ExecSpec.MachineTypes	((64 word \<Rightarrow> 8 word option)  \<Rightarrow> 64 word \<Rightarrow> 8 word option) \<Rightarrow> 'z RISCV64.machine_state_scheme               \<Rightarrow> 'z RISCV64.machine_state_scheme
MachineTypes.RISCV64.vmpage_size.RISCVHugePage	ExecSpec.MachineTypes	vmpage_size
MachineTypes.RISCV64.register.min_alg_register	ExecSpec.MachineTypes	(RISCV64.register_pre_register \<Rightarrow> 'a) \<Rightarrow> 'a set
MachineTypes.RISCV64.random_aux_hyp_fault_type	ExecSpec.MachineTypes	natural \<Rightarrow> natural               \<Rightarrow> natural \<times> natural                             \<Rightarrow> (hyp_fault_type \<times>      (unit \<Rightarrow> term)) \<times>     natural \<times> natural
KernelStateData_H.kernel_state.ksPSpace_update	ExecSpec.KernelStateData_H	((64 word \<Rightarrow> kernel_object option)  \<Rightarrow> 64 word \<Rightarrow> kernel_object option) \<Rightarrow> 'z kernel_state_scheme \<Rightarrow> 'z kernel_state_scheme
KernelStateData_H.kernel_state.gsMaxObjectSize	ExecSpec.KernelStateData_H	'z kernel_state_scheme \<Rightarrow> nat
KernelStateData_H.kernel_state.gsCNodes_update	ExecSpec.KernelStateData_H	((64 word \<Rightarrow> nat option)  \<Rightarrow> 64 word \<Rightarrow> nat option) \<Rightarrow> 'z kernel_state_scheme \<Rightarrow> 'z kernel_state_scheme
Invocations_H.untyped_invocation.retypeNewType	ExecSpec.Invocations_H	untyped_invocation \<Rightarrow> object_type
Invocations_H.tcbinvocation.size_tcbinvocation	ExecSpec.Invocations_H	tcbinvocation \<Rightarrow> nat
Invocations_H.tcbinvocation.dtor_tcbinvocation	ExecSpec.Invocations_H	tcbinvocation \<Rightarrow> tcbinvocation_pre_tcbinvocation
Invocations_H.tcbinvocation.ctor_tcbinvocation	ExecSpec.Invocations_H	tcbinvocation_pre_tcbinvocation \<Rightarrow> tcbinvocation
Invocations_H.tcbinvocation.case_tcbinvocation	ExecSpec.Invocations_H	(64 word \<Rightarrow> 'a) \<Rightarrow> (64 word \<Rightarrow> 'a)               \<Rightarrow> (64 word                              \<Rightarrow> 64 word      \<Rightarrow> 64 word option                    \<Rightarrow> (8 word \<times> 64 word) option                                  \<Rightarrow> (8 word \<times>           64 word) option          \<Rightarrow> (capability \<times> 64 word) option                        \<Rightarrow> (capability \<times> 64 word) option                                      \<Rightarrow> (64 word \<times>               (capability \<times> 64 word) option) option              \<Rightarrow> 'a)                             \<Rightarrow> (64 word      \<Rightarrow> 64 word option \<Rightarrow> 'a)     \<Rightarrow> (64 word                    \<Rightarrow> bool                                  \<Rightarrow> 64 word list          \<Rightarrow> Arch.copy_register_sets \<Rightarrow> 'a)                   \<Rightarrow> (64 word                                  \<Rightarrow> bool          \<Rightarrow> 64 word                        \<Rightarrow> Arch.copy_register_sets                                      \<Rightarrow> 'a)                                 \<Rightarrow> (64 word          \<Rightarrow> 64 word                        \<Rightarrow> bool                                      \<Rightarrow> bool              \<Rightarrow> bool                            \<Rightarrow> bool    \<Rightarrow> Arch.copy_register_sets \<Rightarrow> 'a)         \<Rightarrow> (64 word \<Rightarrow> 64 word \<Rightarrow> 'a)                       \<Rightarrow> (64 word                                      \<Rightarrow> 64 word              \<Rightarrow> 64 word \<Rightarrow> 'a)                                     \<Rightarrow> tcbinvocation             \<Rightarrow> 'a
Invocations_H.random_aux_irqhandler_invocation	ExecSpec.Invocations_H	natural \<Rightarrow> natural               \<Rightarrow> natural \<times> natural                             \<Rightarrow> (irqhandler_invocation \<times>      (unit \<Rightarrow> term)) \<times>     natural \<times> natural
Invocations_H.random_aux_irqcontrol_invocation	ExecSpec.Invocations_H	natural \<Rightarrow> natural               \<Rightarrow> natural \<times> natural                             \<Rightarrow> (irqcontrol_invocation \<times>      (unit \<Rightarrow> term)) \<times>     natural \<times> natural
InvocationLabels_H.random_aux_invocation_label	ExecSpec.InvocationLabels_H	natural \<Rightarrow> natural               \<Rightarrow> natural \<times> natural                             \<Rightarrow> (invocation_label \<times>      (unit \<Rightarrow> term)) \<times>     natural \<times> natural
Hardware_H.RISCV64_H.vmrights.min_alg_vmrights	ExecSpec.Hardware_H	(unit + unit + unit \<Rightarrow> 'a) \<Rightarrow> 'a set
Fault_H.lookup_failure.str_init_lookup_failure	ExecSpec.Fault_H	lookup_failure_pre_lookup_failure \<Rightarrow> lookup_failure.lookup_failure_IITN_lookup_failure               \<Rightarrow> (nat + lookup_failure_pre_lookup_failure) set                             \<Rightarrow> bool
Fault_H.lookup_failure.guardMismatchGuardFound	ExecSpec.Fault_H	lookup_failure \<Rightarrow> 64 word
Fault_H.lookup_failure.ctor_rec_lookup_failure	ExecSpec.Fault_H	(lookup_failure_pre_lookup_failure \<Rightarrow> 'a) \<Rightarrow> lookup_failure \<Rightarrow> 'a
ArchVSpace_H.RISCV64_H.lookupPTFromLevel_graph	ExecSpec.ArchVSpace_H	nat \<times> 64 word \<times> 64 word \<times> 64 word \<Rightarrow> (global.kernel_state, lookup_failure + 64 word) nondet_monad               \<Rightarrow> bool
ArchVSpaceDecls_H.RISCV64_H.maybeVSpaceForASID	ExecSpec.ArchVSpaceDecls_H	64 word \<Rightarrow> (global.kernel_state, 64 word option) nondet_monad
ArchVSpaceDecls_H.RISCV64_H.createDeviceFrames	ExecSpec.ArchVSpaceDecls_H	capability \<Rightarrow> (KernelInitMonad_H.init_data,                init_failure + unit) nondet_monad
ArchVSpaceDecls_H.RISCV64_H.copyGlobalMappings	ExecSpec.ArchVSpaceDecls_H	64 word \<Rightarrow> (global.kernel_state, unit) nondet_monad
ArchTypes_H.apiobject_type.size_apiobject_type	ExecSpec.ArchTypes_H	apiobject_type \<Rightarrow> nat
ArchTypes_H.apiobject_type.dtor_apiobject_type	ExecSpec.ArchTypes_H	apiobject_type \<Rightarrow> apiobject_type_pre_apiobject_type
ArchTypes_H.apiobject_type.ctor_apiobject_type	ExecSpec.ArchTypes_H	apiobject_type_pre_apiobject_type \<Rightarrow> apiobject_type
ArchTypes_H.apiobject_type.case_apiobject_type	ExecSpec.ArchTypes_H	'a \<Rightarrow> 'a \<Rightarrow> 'a \<Rightarrow> 'a              \<Rightarrow> 'a \<Rightarrow> apiobject_type \<Rightarrow> 'a
ArchThreadDecls_H.RISCV64_H.switchToIdleThread	ExecSpec.ArchThreadDecls_H	(global.kernel_state, unit) nondet_monad
ArchThreadDecls_H.RISCV64_H.activateIdleThread	ExecSpec.ArchThreadDecls_H	64 word \<Rightarrow> (global.kernel_state, unit) nondet_monad
ArchStructures_H.RISCV64_H.random_aux_asidpool	ExecSpec.ArchStructures_H	natural \<Rightarrow> natural               \<Rightarrow> natural \<times> natural                             \<Rightarrow> (RISCV64_H.asidpool \<times>      (unit \<Rightarrow> term)) \<times>     natural \<times> natural
ArchStructures_H.RISCV64_H.capPTBasePtr_update	ExecSpec.ArchStructures_H	(64 word \<Rightarrow> 64 word) \<Rightarrow> arch_capability \<Rightarrow> arch_capability
ArchStructures_H.RISCV64_H.capFVMRights_update	ExecSpec.ArchStructures_H	(vmrights \<Rightarrow> vmrights) \<Rightarrow> arch_capability \<Rightarrow> arch_capability
ArchStructures_H.RISCV64_H.capFIsDevice_update	ExecSpec.ArchStructures_H	(bool \<Rightarrow> bool) \<Rightarrow> arch_capability \<Rightarrow> arch_capability
ArchStructures_H.RISCV64_H.arch_tcb.ArchThread	ExecSpec.ArchStructures_H	user_context \<Rightarrow> arch_tcb
ArchRetypeDecls_H.RISCV64_H.ptMapPTSlot_update	ExecSpec.ArchRetypeDecls_H	(64 word \<Rightarrow> 64 word) \<Rightarrow> RISCV64_H.page_table_invocation               \<Rightarrow> RISCV64_H.page_table_invocation
ArchRetypeDecls_H.RISCV64_H.ptMapCTSlot_update	ExecSpec.ArchRetypeDecls_H	(64 word \<Rightarrow> 64 word) \<Rightarrow> RISCV64_H.page_table_invocation               \<Rightarrow> RISCV64_H.page_table_invocation
ArchRetypeDecls_H.RISCV64_H.placeNewDataObject	ExecSpec.ArchRetypeDecls_H	64 word \<Rightarrow> nat               \<Rightarrow> bool                             \<Rightarrow> (global.kernel_state,      unit) nondet_monad
ArchRetypeDecls_H.RISCV64_H.PageTableMap_trans	ExecSpec.ArchRetypeDecls_H	capability \<Rightarrow> 64 word               \<Rightarrow> RISCV64_H.pte                             \<Rightarrow> 64 word     \<Rightarrow> RISCV64_H.page_table_invocation
Structures_H.zombie_type.str_init_zombie_type	ExecSpec.Structures_H	unit + nat \<Rightarrow> zombie_type.zombie_type_IITN_zombie_type               \<Rightarrow> (nat + unit + nat) set \<Rightarrow> bool
Structures_H.zombie_type.ctor_rec_zombie_type	ExecSpec.Structures_H	(unit + nat \<Rightarrow> 'a) \<Rightarrow> zombie_type \<Rightarrow> 'a
Structures_H.thread_state.is_BlockedOnReceive	ExecSpec.Structures_H	thread_state \<Rightarrow> bool
Structures_H.thread_state.blockingIPCCanGrant	ExecSpec.Structures_H	thread_state \<Rightarrow> bool
Structures_H.size_irqstate_inst.size_irqstate	ExecSpec.Structures_H	irqstate \<Rightarrow> nat
Structures_H.size_endpoint_inst.size_endpoint	ExecSpec.Structures_H	endpoint \<Rightarrow> nat
Structures_H.scheduler_action.ChooseNewThread	ExecSpec.Structures_H	scheduler_action
Structures_H.kernel_object.size_kernel_object	ExecSpec.Structures_H	kernel_object \<Rightarrow> nat
Structures_H.kernel_object.dtor_kernel_object	ExecSpec.Structures_H	kernel_object \<Rightarrow> kernel_object_pre_kernel_object
Structures_H.kernel_object.ctor_kernel_object	ExecSpec.Structures_H	kernel_object_pre_kernel_object \<Rightarrow> kernel_object
Structures_H.kernel_object.case_kernel_object	ExecSpec.Structures_H	(endpoint \<Rightarrow> 'a) \<Rightarrow> (notification \<Rightarrow> 'a)               \<Rightarrow> 'a \<Rightarrow> 'a        \<Rightarrow> 'a \<Rightarrow> (tcb \<Rightarrow> 'a) \<Rightarrow> (cte \<Rightarrow> 'a)               \<Rightarrow> (arch_kernel_object \<Rightarrow> 'a)                             \<Rightarrow> kernel_object \<Rightarrow> 'a
Structures_H.interrupt_state.intStateIRQTable	ExecSpec.Structures_H	interrupt_state \<Rightarrow> 6 word \<Rightarrow> irqstate
Structures_H.equal_mdbnode_inst.equal_mdbnode	ExecSpec.Structures_H	mdbnode \<Rightarrow> mdbnode \<Rightarrow> bool
PSpaceStorable_H.pre_storable_class.projectKO	ExecSpec.PSpaceStorable_H	kernel_object \<Rightarrow> (global.kernel_state, 'a) nondet_monad
PSpaceStorable_H.kernel_object_type.UserDataT	ExecSpec.PSpaceStorable_H	kernel_object_type
PSpaceStorable_H.kernel_object_type.EndpointT	ExecSpec.PSpaceStorable_H	kernel_object_type
PSpaceStorable_H.class.pspace_storable_axioms	ExecSpec.PSpaceStorable_H	('a \<Rightarrow> kernel_object                   \<Rightarrow> 64 word                                 \<Rightarrow> 64 word         \<Rightarrow> 64 word option                       \<Rightarrow> (global.kernel_state,                                      kernel_object) nondet_monad) \<Rightarrow> bool
MachineTypes.machine_state.machine_state_rest	ExecSpec.MachineTypes	'z RISCV64.machine_state_scheme \<Rightarrow> machine_state_rest
MachineTypes.enum_register_inst.enum_register	ExecSpec.MachineTypes	register list
KernelStateData_H.kernel_state.ksMachineState	ExecSpec.KernelStateData_H	'z kernel_state_scheme \<Rightarrow> machine_state
KernelInitMonad_H.init_data.initBootInfoFrame	ExecSpec.KernelInitMonad_H	'z init_data_scheme \<Rightarrow> 64 word
Invocations_H.untyped_invocation.retypeSource	ExecSpec.Invocations_H	untyped_invocation \<Rightarrow> 64 word
Invocations_H.tcbinvocation.setTLSBaseNewBase	ExecSpec.Invocations_H	tcbinvocation \<Rightarrow> 64 word
Invocations_H.tcbinvocation.rec_tcbinvocation	ExecSpec.Invocations_H	(64 word \<Rightarrow> 'a) \<Rightarrow> (64 word \<Rightarrow> 'a)               \<Rightarrow> (64 word                              \<Rightarrow> 64 word      \<Rightarrow> 64 word option                    \<Rightarrow> (8 word \<times> 64 word) option                                  \<Rightarrow> (8 word \<times>           64 word) option          \<Rightarrow> (capability \<times> 64 word) option                        \<Rightarrow> (capability \<times> 64 word) option                                      \<Rightarrow> (64 word \<times>               (capability \<times> 64 word) option) option              \<Rightarrow> 'a)                             \<Rightarrow> (64 word      \<Rightarrow> 64 word option \<Rightarrow> 'a)     \<Rightarrow> (64 word                    \<Rightarrow> bool                                  \<Rightarrow> 64 word list          \<Rightarrow> Arch.copy_register_sets \<Rightarrow> 'a)                   \<Rightarrow> (64 word                                  \<Rightarrow> bool          \<Rightarrow> 64 word                        \<Rightarrow> Arch.copy_register_sets                                      \<Rightarrow> 'a)                                 \<Rightarrow> (64 word          \<Rightarrow> 64 word                        \<Rightarrow> bool                                      \<Rightarrow> bool              \<Rightarrow> bool                            \<Rightarrow> bool    \<Rightarrow> Arch.copy_register_sets \<Rightarrow> 'a)         \<Rightarrow> (64 word \<Rightarrow> 64 word \<Rightarrow> 'a)                       \<Rightarrow> (64 word                                      \<Rightarrow> 64 word              \<Rightarrow> 64 word \<Rightarrow> 'a)                                     \<Rightarrow> tcbinvocation             \<Rightarrow> 'a
Invocations_H.tcbinvocation.mor_tcbinvocation	ExecSpec.Invocations_H	'a set \<Rightarrow> (tcbinvocation_pre_tcbinvocation \<Rightarrow> 'a)               \<Rightarrow> 'b set                             \<Rightarrow> (tcbinvocation_pre_tcbinvocation      \<Rightarrow> 'b)     \<Rightarrow> ('a \<Rightarrow> 'b) \<Rightarrow> bool
Invocations_H.tcbinvocation.is_WriteRegisters	ExecSpec.Invocations_H	tcbinvocation \<Rightarrow> bool
Invocations_H.tcbinvocation.alg_tcbinvocation	ExecSpec.Invocations_H	'a set \<Rightarrow> (tcbinvocation_pre_tcbinvocation \<Rightarrow> 'a)               \<Rightarrow> bool
Invocations_H.tcbinvocation.Rep_tcbinvocation	ExecSpec.Invocations_H	tcbinvocation \<Rightarrow> tcbinvocation.tcbinvocation_IITN_tcbinvocation               \<Rightarrow> (nat + tcbinvocation_pre_tcbinvocation) set                             \<Rightarrow> bool
Invocations_H.tcbinvocation.Abs_tcbinvocation	ExecSpec.Invocations_H	(tcbinvocation.tcbinvocation_IITN_tcbinvocation  \<Rightarrow> (nat + tcbinvocation_pre_tcbinvocation) set                \<Rightarrow> bool) \<Rightarrow> tcbinvocation
Invocations_H.isInvokeDomainScheduleConfigure	ExecSpec.Invocations_H	domain_invocation \<Rightarrow> bool
Invocations_H.irqhandler_invocation.is_AckIRQ	ExecSpec.Invocations_H	irqhandler_invocation \<Rightarrow> bool
Invocations_H.invocation.ctor_fold_invocation	ExecSpec.Invocations_H	(invocation_pre_invocation \<Rightarrow> 'a) \<Rightarrow> global.invocation \<Rightarrow> 'a
Hardware_H.RISCV64_H.riscvExecuteNever_update	ExecSpec.Hardware_H	(bool \<Rightarrow> bool) \<Rightarrow> bool \<Rightarrow> bool
Hardware_H.RISCV64_H.pre_pte.pte.pred_pre_pte	ExecSpec.Hardware_H	('a \<Rightarrow> bool) \<Rightarrow> RISCV64_H.pte_pre_pte \<Rightarrow> bool
Fault_H.syscall_error.failedLookupDescription	ExecSpec.Fault_H	syscall_error \<Rightarrow> lookup_failure
Fault_H.syscall_error.ctor_fold_syscall_error	ExecSpec.Fault_H	(syscall_error_pre_syscall_error \<Rightarrow> 'a) \<Rightarrow> syscall_error \<Rightarrow> 'a
Fault_H.lookup_failure.min_alg_lookup_failure	ExecSpec.Fault_H	(lookup_failure_pre_lookup_failure \<Rightarrow> 'a) \<Rightarrow> 'a set
Fault_H.lookup_failure.guardMismatchGuardSize	ExecSpec.Fault_H	lookup_failure \<Rightarrow> nat
Fault_H.lookup_failure.depthMismatchBitsFound	ExecSpec.Fault_H	lookup_failure \<Rightarrow> nat
ArchVSpace_H.RISCV64_H.lookupPTFromLevel_sumC	ExecSpec.ArchVSpace_H	nat \<times> 64 word \<times> 64 word \<times> 64 word \<Rightarrow> (global.kernel_state, lookup_failure + 64 word) nondet_monad
ArchVSpaceDecls_H.RISCV64_H.isValidVTableRoot	ExecSpec.ArchVSpaceDecls_H	capability \<Rightarrow> bool
ArchVSpaceDecls_H.RISCV64_H.ipcBufferSizeBits	ExecSpec.ArchVSpaceDecls_H	nat
ArchVSpaceDecls_H.RISCV64_H.findVSpaceForASID	ExecSpec.ArchVSpaceDecls_H	64 word \<Rightarrow> (global.kernel_state, lookup_failure + 64 word) nondet_monad
ArchTypes_H.apiobject_type.rec_apiobject_type	ExecSpec.ArchTypes_H	'a \<Rightarrow> 'a \<Rightarrow> 'a \<Rightarrow> 'a              \<Rightarrow> 'a \<Rightarrow> apiobject_type \<Rightarrow> 'a
ArchTypes_H.apiobject_type.mor_apiobject_type	ExecSpec.ArchTypes_H	'a set \<Rightarrow> (apiobject_type_pre_apiobject_type \<Rightarrow> 'a)               \<Rightarrow> 'b set                             \<Rightarrow> (apiobject_type_pre_apiobject_type      \<Rightarrow> 'b)     \<Rightarrow> ('a \<Rightarrow> 'b) \<Rightarrow> bool
ArchTypes_H.apiobject_type.alg_apiobject_type	ExecSpec.ArchTypes_H	'a set \<Rightarrow> (apiobject_type_pre_apiobject_type \<Rightarrow> 'a)               \<Rightarrow> bool
ArchTypes_H.apiobject_type.Rep_apiobject_type	ExecSpec.ArchTypes_H	apiobject_type \<Rightarrow> apiobject_type.apiobject_type_IITN_apiobject_type               \<Rightarrow> (nat + apiobject_type_pre_apiobject_type) set                             \<Rightarrow> bool
ArchTypes_H.apiobject_type.NotificationObject	ExecSpec.ArchTypes_H	apiobject_type
ArchTypes_H.apiobject_type.Abs_apiobject_type	ExecSpec.ArchTypes_H	(apiobject_type.apiobject_type_IITN_apiobject_type  \<Rightarrow> (nat + apiobject_type_pre_apiobject_type) set                \<Rightarrow> bool) \<Rightarrow> apiobject_type
ArchThreadDecls_H.RISCV64_H.prepareNextDomain	ExecSpec.ArchThreadDecls_H	(global.kernel_state, unit) nondet_monad
ArchStructures_H.RISCV64_H.minUntypedSizeBits	ExecSpec.ArchStructures_H	nat
ArchStructures_H.RISCV64_H.maxUntypedSizeBits	ExecSpec.ArchStructures_H	nat
ArchStructures_H.RISCV64_H.capFBasePtr_update	ExecSpec.ArchStructures_H	(64 word \<Rightarrow> 64 word) \<Rightarrow> arch_capability \<Rightarrow> arch_capability
ArchStructures_H.RISCV64_H.capASIDPool_update	ExecSpec.ArchStructures_H	(64 word \<Rightarrow> 64 word) \<Rightarrow> arch_capability \<Rightarrow> arch_capability
ArchStructures_H.RISCV64_H.capASIDBase_update	ExecSpec.ArchStructures_H	(64 word \<Rightarrow> 64 word) \<Rightarrow> arch_capability \<Rightarrow> arch_capability
ArchStructures_H.RISCV64_H.atcbContext_update	ExecSpec.ArchStructures_H	(user_context \<Rightarrow> user_context) \<Rightarrow> arch_tcb \<Rightarrow> arch_tcb
ArchStructures_H.RISCV64_H.PageTableCap_trans	ExecSpec.ArchStructures_H	64 word \<Rightarrow> (64 word \<times> 64 word) option               \<Rightarrow> arch_capability
ArchRetypeDecls_H.RISCV64_H.ptUnmapCap_update	ExecSpec.ArchRetypeDecls_H	(arch_capability \<Rightarrow> arch_capability) \<Rightarrow> RISCV64_H.page_table_invocation               \<Rightarrow> RISCV64_H.page_table_invocation
ArchRetypeDecls_H.RISCV64_H.performInvocation	ExecSpec.ArchRetypeDecls_H	Arch.invocation \<Rightarrow> (global.kernel_state, 6 word + 64 word list) nondet_monad
ArchRetypeDecls_H.RISCV64_H.pageMapCap_update	ExecSpec.ArchRetypeDecls_H	(capability \<Rightarrow> capability) \<Rightarrow> RISCV64_H.page_invocation               \<Rightarrow> RISCV64_H.page_invocation
ArchRetypeDecls_H.RISCV64_H.isArchMDBParentOf	ExecSpec.ArchRetypeDecls_H	capability \<Rightarrow> capability \<Rightarrow> bool \<Rightarrow> bool
ArchRetypeDecls_H.RISCV64_H.assignASID_update	ExecSpec.ArchRetypeDecls_H	(64 word \<Rightarrow> 64 word) \<Rightarrow> RISCV64_H.asidpool_invocation               \<Rightarrow> RISCV64_H.asidpool_invocation
ArchRetypeDecls_H.RISCV64_H.PageGetAddr_trans	ExecSpec.ArchRetypeDecls_H	64 word \<Rightarrow> RISCV64_H.page_invocation
Types_H.size_cap_rights_inst.size_cap_rights	ExecSpec.Types_H	cap_rights \<Rightarrow> nat
Types_H.equal_init_data_inst.equal_init_data	ExecSpec.Types_H	Types_H.init_data \<Rightarrow> Types_H.init_data \<Rightarrow> bool
Types_H.bidevice_region.size_bidevice_region	ExecSpec.Types_H	bidevice_region \<Rightarrow> nat
Types_H.bidevice_region.dtor_bidevice_region	ExecSpec.Types_H	bidevice_region \<Rightarrow> bidevice_region_pre_bidevice_region
Types_H.bidevice_region.ctor_bidevice_region	ExecSpec.Types_H	bidevice_region_pre_bidevice_region \<Rightarrow> bidevice_region
Types_H.bidevice_region.case_bidevice_region	ExecSpec.Types_H	(64 word  \<Rightarrow> 32 word                \<Rightarrow> 64 word \<times> 64 word \<Rightarrow> 'a) \<Rightarrow> bidevice_region \<Rightarrow> 'a
Structures_H.zombie_type.min_alg_zombie_type	ExecSpec.Structures_H	(unit + nat \<Rightarrow> 'a) \<Rightarrow> 'a set
Structures_H.user_data_device.UserDataDevice	ExecSpec.Structures_H	user_data_device
Structures_H.tcb.tcb_pre_tcb.Rep_tcb_pre_tcb	ExecSpec.Structures_H	tcb_pre_tcb \<Rightarrow> (((cte \<times> cte) \<times> cte \<times> cte) \<times>                (cte \<times> 8 word) \<times>                thread_state \<times> 8 word \<times> 8 word) \<times>               ((bool \<times> fault option) \<times>                nat \<times> 64 word \<times> 64 word) \<times>               (64 word option \<times> 64 word option) \<times>               64 word option \<times> 64 word \<times> arch_tcb
Structures_H.tcb.tcb_pre_tcb.Abs_tcb_pre_tcb	ExecSpec.Structures_H	(((cte \<times> cte) \<times> cte \<times> cte) \<times>  (cte \<times> 8 word) \<times>  thread_state \<times> 8 word \<times> 8 word) \<times> ((bool \<times> fault option) \<times>  nat \<times> 64 word \<times> 64 word) \<times> (64 word option \<times> 64 word option) \<times> 64 word option \<times> 64 word \<times> arch_tcb \<Rightarrow> tcb_pre_tcb
Structures_H.scheduler_action.SwitchToThread	ExecSpec.Structures_H	64 word \<Rightarrow> scheduler_action
Structures_H.kernel_object.rec_kernel_object	ExecSpec.Structures_H	(endpoint \<Rightarrow> 'a) \<Rightarrow> (notification \<Rightarrow> 'a)               \<Rightarrow> 'a \<Rightarrow> 'a        \<Rightarrow> 'a \<Rightarrow> (tcb \<Rightarrow> 'a) \<Rightarrow> (cte \<Rightarrow> 'a)               \<Rightarrow> (arch_kernel_object \<Rightarrow> 'a)                             \<Rightarrow> kernel_object \<Rightarrow> 'a
Structures_H.kernel_object.mor_kernel_object	ExecSpec.Structures_H	'a set \<Rightarrow> (kernel_object_pre_kernel_object \<Rightarrow> 'a)               \<Rightarrow> 'b set                             \<Rightarrow> (kernel_object_pre_kernel_object      \<Rightarrow> 'b)     \<Rightarrow> ('a \<Rightarrow> 'b) \<Rightarrow> bool
Structures_H.kernel_object.alg_kernel_object	ExecSpec.Structures_H	'a set \<Rightarrow> (kernel_object_pre_kernel_object \<Rightarrow> 'a)               \<Rightarrow> bool
Structures_H.kernel_object.Rep_kernel_object	ExecSpec.Structures_H	kernel_object \<Rightarrow> kernel_object.kernel_object_IITN_kernel_object               \<Rightarrow> (nat + kernel_object_pre_kernel_object) set                             \<Rightarrow> bool
Structures_H.kernel_object.Abs_kernel_object	ExecSpec.Structures_H	(kernel_object.kernel_object_IITN_kernel_object  \<Rightarrow> (nat + kernel_object_pre_kernel_object) set                \<Rightarrow> bool) \<Rightarrow> kernel_object
Structures_H.interrupt_state.intStateIRQNode	ExecSpec.Structures_H	interrupt_state \<Rightarrow> 64 word
Structures_H.capability.ctor_fold_capability	ExecSpec.Structures_H	(capability_pre_capability \<Rightarrow> 'a) \<Rightarrow> capability \<Rightarrow> 'a
Structures_H.blockingIPCCanGrantReply_update	ExecSpec.Structures_H	(bool \<Rightarrow> bool) \<Rightarrow> thread_state \<Rightarrow> thread_state
Structs_B.equal_tcb_flag_inst.equal_tcb_flag	ExecSpec.Structs_B	tcb_flag \<Rightarrow> tcb_flag \<Rightarrow> bool
PSpaceStorable_H.pre_storable_class.injectKO	ExecSpec.PSpaceStorable_H	'a \<Rightarrow> kernel_object
MachineTypes.machine_state.underlying_memory	ExecSpec.MachineTypes	'z RISCV64.machine_state_scheme \<Rightarrow> 64 word \<Rightarrow> 8 word
MachineTypes.machine_state.machine_state_ext	ExecSpec.MachineTypes	(6 word \<Rightarrow> bool) \<Rightarrow> nat               \<Rightarrow> (64 word \<Rightarrow> 8 word)                             \<Rightarrow> (64 word      \<Rightarrow> 8 word option)     \<Rightarrow> machine_state_rest                   \<Rightarrow> 'z \<Rightarrow> 'z RISCV64.machine_state_scheme
MachineTypes.RISCV64.random_aux_vmfault_type	ExecSpec.MachineTypes	natural \<Rightarrow> natural               \<Rightarrow> natural \<times> natural                             \<Rightarrow> (vmfault_type \<times>      (unit \<Rightarrow> term)) \<times>     natural \<times> natural
MachineTypes.RISCV64.nextInstructionRegister	ExecSpec.MachineTypes	register
Kernel_Config.CONFIG_USER_STACK_TRACE_LENGTH	ExecSpec.Kernel_Config	nat
KernelStateData_H.kernel_state.ksReadyQueues	ExecSpec.KernelStateData_H	'z kernel_state_scheme \<Rightarrow> 8 word \<times> 8 word \<Rightarrow> 64 word head_end_ptrs
KernelStateData_H.kernel_state.ksDomSchedule	ExecSpec.KernelStateData_H	'z kernel_state_scheme \<Rightarrow> (8 word \<times> 64 word) list
Invocations_H.untyped_invocation.retypeSlots	ExecSpec.Invocations_H	untyped_invocation \<Rightarrow> 64 word list
Invocations_H.tcbinvocation.is_ThreadControl	ExecSpec.Invocations_H	tcbinvocation \<Rightarrow> bool
Invocations_H.tcbinvocation.is_ReadRegisters	ExecSpec.Invocations_H	tcbinvocation \<Rightarrow> bool
Invocations_H.tcbinvocation.is_CopyRegisters	ExecSpec.Invocations_H	tcbinvocation \<Rightarrow> bool
Invocations_H.isInvokeDomainScheduleSetStart	ExecSpec.Invocations_H	domain_invocation \<Rightarrow> bool
Invocations_H.invocation.str_init_invocation	ExecSpec.Invocations_H	invocation_pre_invocation \<Rightarrow> invocation.invocation_IITN_invocation               \<Rightarrow> (nat + invocation_pre_invocation) set                             \<Rightarrow> bool
Invocations_H.invocation.ctor_rec_invocation	ExecSpec.Invocations_H	(invocation_pre_invocation \<Rightarrow> 'a) \<Rightarrow> global.invocation \<Rightarrow> 'a
Invocations_H.copyRegsTransferInteger_update	ExecSpec.Invocations_H	(bool \<Rightarrow> bool) \<Rightarrow> tcbinvocation \<Rightarrow> tcbinvocation
Invocations_H.cnode_invocation.is_SaveCaller	ExecSpec.Invocations_H	cnode_invocation \<Rightarrow> bool
Hardware_H.RISCV64_H.pre_pte.pte.wit_pre_pte	ExecSpec.Hardware_H	RISCV64_H.pte_pre_pte
Hardware_H.RISCV64_H.pre_pte.pte.set_pre_pte	ExecSpec.Hardware_H	RISCV64_H.pte_pre_pte \<Rightarrow> 'a set
Hardware_H.RISCV64_H.pre_pte.pte.rel_pre_pte	ExecSpec.Hardware_H	('a \<Rightarrow> 'b \<Rightarrow> bool) \<Rightarrow> RISCV64_H.pte_pre_pte               \<Rightarrow> RISCV64_H.pte_pre_pte \<Rightarrow> bool
Hardware_H.RISCV64_H.pre_pte.pte.map_pre_pte	ExecSpec.Hardware_H	('a \<Rightarrow> 'b) \<Rightarrow> RISCV64_H.pte_pre_pte \<Rightarrow> RISCV64_H.pte_pre_pte
Fault_H.syscall_error.str_init_syscall_error	ExecSpec.Fault_H	syscall_error_pre_syscall_error \<Rightarrow> syscall_error.syscall_error_IITN_syscall_error               \<Rightarrow> (nat + syscall_error_pre_syscall_error) set                             \<Rightarrow> bool
Fault_H.syscall_error.ctor_rec_syscall_error	ExecSpec.Fault_H	(syscall_error_pre_syscall_error \<Rightarrow> 'a) \<Rightarrow> syscall_error \<Rightarrow> 'a
Fault_H.lookup_failure.guardMismatchBitsLeft	ExecSpec.Fault_H	lookup_failure \<Rightarrow> nat
Fault_H.lookup_failure.depthMismatchBitsLeft	ExecSpec.Fault_H	lookup_failure \<Rightarrow> nat
Event_H.typerep_syscall_inst.typerep_syscall	ExecSpec.Event_H	syscall itself \<Rightarrow> typerep
Event_H.term_of_syscall_inst.term_of_syscall	ExecSpec.Event_H	syscall \<Rightarrow> term
Event_H.pre_syscall.syscall.pred_pre_syscall	ExecSpec.Event_H	('a \<Rightarrow> bool) \<Rightarrow> syscall_pre_syscall \<Rightarrow> bool
ArchVSpace_H.RISCV64_H.lookupPTSlotFromLevel	ExecSpec.ArchVSpace_H	nat \<Rightarrow> 64 word               \<Rightarrow> 64 word                             \<Rightarrow> (global.kernel_state,      nat \<times> 64 word) nondet_monad
ArchVSpace_H.RISCV64_H.lookupPTFromLevel_rel	ExecSpec.ArchVSpace_H	nat \<times> 64 word \<times> 64 word \<times> 64 word \<Rightarrow> nat \<times> 64 word \<times> 64 word \<times> 64 word               \<Rightarrow> bool
ArchVSpace_H.RISCV64_H.lookupPTFromLevel_dom	ExecSpec.ArchVSpace_H	nat \<times> 64 word \<times> 64 word \<times> 64 word \<Rightarrow> bool
ArchVSpaceDecls_H.RISCV64_H.getPPtrFromHWPTE	ExecSpec.ArchVSpaceDecls_H	RISCV64_H.pte \<Rightarrow> 64 word
ArchVSpaceDecls_H.RISCV64_H.createITASIDPool	ExecSpec.ArchVSpaceDecls_H	capability \<Rightarrow> (KernelInitMonad_H.init_data,                init_failure + capability) nondet_monad
ArchVSpaceDecls_H.RISCV64_H.checkVPAlignment	ExecSpec.ArchVSpaceDecls_H	vmpage_size \<Rightarrow> 64 word               \<Rightarrow> (global.kernel_state,                              syscall_error + unit) nondet_monad
ArchVSpaceDecls_H.RISCV64_H.checkMappingPPtr	ExecSpec.ArchVSpaceDecls_H	64 word \<Rightarrow> RISCV64_H.pte               \<Rightarrow> (global.kernel_state,                              lookup_failure + unit) nondet_monad
ArchTypes_H.RISCV64_H.random_aux_object_type	ExecSpec.ArchTypes_H	natural \<Rightarrow> natural               \<Rightarrow> natural \<times> natural                             \<Rightarrow> (object_type \<times>      (unit \<Rightarrow> term)) \<times>     natural \<times> natural
ArchStructures_H.RISCV64_H.asidpool.ASIDPool	ExecSpec.ArchStructures_H	(64 word \<Rightarrow> 64 word option) \<Rightarrow> RISCV64_H.asidpool
ArchStructures_H.RISCV64_H.ASIDPoolCap_trans	ExecSpec.ArchStructures_H	64 word \<Rightarrow> 64 word \<Rightarrow> arch_capability
ArchRetypeDecls_H.RISCV64_H.isPageTableUnmap	ExecSpec.ArchRetypeDecls_H	RISCV64_H.page_table_invocation \<Rightarrow> bool
ArchRetypeDecls_H.RISCV64_H.decodeInvocation	ExecSpec.ArchRetypeDecls_H	64 word \<Rightarrow> 64 word list               \<Rightarrow> 64 word                             \<Rightarrow> 64 word     \<Rightarrow> arch_capability                   \<Rightarrow> (capability \<times> 64 word) list                                 \<Rightarrow> (global.kernel_state,          syscall_error + Arch.invocation) nondet_monad
ArchInterruptDecls_H.RISCV64_H.maskIrqSignal	ExecSpec.ArchInterruptDecls_H	6 word \<Rightarrow> (global.kernel_state, unit) nondet_monad
ArchFault_H.RISCV64_H.vmFaultArchData_update	ExecSpec.ArchFault_H	(64 word list \<Rightarrow> 64 word list) \<Rightarrow> arch_fault \<Rightarrow> arch_fault
Types_H.message_info.ctor_fold_message_info	ExecSpec.Types_H	(message_info_pre_message_info \<Rightarrow> 'a) \<Rightarrow> message_info \<Rightarrow> 'a
Types_H.cap_transfer.ctor_fold_cap_transfer	ExecSpec.Types_H	(cap_transfer_pre_cap_transfer \<Rightarrow> 'a) \<Rightarrow> cap_transfer \<Rightarrow> 'a
Types_H.biframe_data.ctor_fold_biframe_data	ExecSpec.Types_H	(biframe_data_pre_biframe_data \<Rightarrow> 'a) \<Rightarrow> biframe_data \<Rightarrow> 'a
Types_H.bidevice_region.rec_bidevice_region	ExecSpec.Types_H	(64 word  \<Rightarrow> 32 word                \<Rightarrow> 64 word \<times> 64 word \<Rightarrow> 'a) \<Rightarrow> bidevice_region \<Rightarrow> 'a
Types_H.bidevice_region.mor_bidevice_region	ExecSpec.Types_H	'a set \<Rightarrow> (bidevice_region_pre_bidevice_region \<Rightarrow> 'a)               \<Rightarrow> 'b set                             \<Rightarrow> (bidevice_region_pre_bidevice_region      \<Rightarrow> 'b)     \<Rightarrow> ('a \<Rightarrow> 'b) \<Rightarrow> bool
Types_H.bidevice_region.alg_bidevice_region	ExecSpec.Types_H	'a set \<Rightarrow> (bidevice_region_pre_bidevice_region \<Rightarrow> 'a)               \<Rightarrow> bool
Types_H.bidevice_region.Rep_bidevice_region	ExecSpec.Types_H	bidevice_region \<Rightarrow> bidevice_region.bidevice_region_IITN_bidevice_region               \<Rightarrow> (nat + bidevice_region_pre_bidevice_region) set                             \<Rightarrow> bool
Types_H.bidevice_region.Abs_bidevice_region	ExecSpec.Types_H	(bidevice_region.bidevice_region_IITN_bidevice_region  \<Rightarrow> (nat + bidevice_region_pre_bidevice_region) set                \<Rightarrow> bool) \<Rightarrow> bidevice_region
Structures_H.typerep_ntfn_inst.typerep_ntfn	ExecSpec.Structures_H	ntfn itself \<Rightarrow> typerep
Structures_H.thread_state.size_thread_state	ExecSpec.Structures_H	thread_state \<Rightarrow> nat
Structures_H.thread_state.dtor_thread_state	ExecSpec.Structures_H	thread_state \<Rightarrow> thread_state_pre_thread_state
Structures_H.thread_state.ctor_thread_state	ExecSpec.Structures_H	thread_state_pre_thread_state \<Rightarrow> thread_state
Structures_H.thread_state.case_thread_state	ExecSpec.Structures_H	(64 word \<Rightarrow> bool \<Rightarrow> 'a) \<Rightarrow> 'a \<Rightarrow> (64 word \<Rightarrow> 'a)                                \<Rightarrow> 'a        \<Rightarrow> 'a \<Rightarrow> 'a \<Rightarrow> (64 word                \<Rightarrow> 64 word                              \<Rightarrow> bool      \<Rightarrow> bool \<Rightarrow> bool \<Rightarrow> 'a)               \<Rightarrow> 'a \<Rightarrow> thread_state \<Rightarrow> 'a
Structures_H.thread_state.blockingIPCIsCall	ExecSpec.Structures_H	thread_state \<Rightarrow> bool
Structures_H.term_of_ntfn_inst.term_of_ntfn	ExecSpec.Structures_H	ntfn \<Rightarrow> term
Structures_H.size_mdbnode_inst.size_mdbnode	ExecSpec.Structures_H	mdbnode \<Rightarrow> nat
Structures_H.notification.size_notification	ExecSpec.Structures_H	notification \<Rightarrow> nat
Structures_H.notification.dtor_notification	ExecSpec.Structures_H	notification \<Rightarrow> notification_pre_notification
Structures_H.notification.ctor_notification	ExecSpec.Structures_H	notification_pre_notification \<Rightarrow> notification
Structures_H.notification.case_notification	ExecSpec.Structures_H	(ntfn \<Rightarrow> 64 word option \<Rightarrow> 'a) \<Rightarrow> notification \<Rightarrow> 'a
Structures_H.kernel_object.KOUserDataDevice	ExecSpec.Structures_H	kernel_object
Structures_H.interrupt_state.InterruptState	ExecSpec.Structures_H	64 word \<Rightarrow> (6 word \<Rightarrow> irqstate) \<Rightarrow> interrupt_state
Structures_H.capability.str_init_capability	ExecSpec.Structures_H	capability_pre_capability \<Rightarrow> capability.capability_IITN_capability               \<Rightarrow> (nat + capability_pre_capability) set                             \<Rightarrow> bool
Structures_H.capability.ctor_rec_capability	ExecSpec.Structures_H	(capability_pre_capability \<Rightarrow> 'a) \<Rightarrow> capability \<Rightarrow> 'a
PSpaceStorable_H.pre_storable_class.objBits	ExecSpec.PSpaceStorable_H	'a \<Rightarrow> nat
NotificationDecls_H.unbindMaybeNotification	ExecSpec.NotificationDecls_H	64 word \<Rightarrow> (global.kernel_state, unit) nondet_monad
MachineTypes.machine_state.irq_state_update	ExecSpec.MachineTypes	(nat \<Rightarrow> nat) \<Rightarrow> 'z RISCV64.machine_state_scheme               \<Rightarrow> 'z RISCV64.machine_state_scheme
MachineTypes.machine_state.irq_masks_update	ExecSpec.MachineTypes	((6 word \<Rightarrow> bool) \<Rightarrow> 6 word \<Rightarrow> bool) \<Rightarrow> 'z RISCV64.machine_state_scheme               \<Rightarrow> 'z RISCV64.machine_state_scheme
MachineTypes.RISCV64.register.size_register	ExecSpec.MachineTypes	register \<Rightarrow> nat
MachineTypes.RISCV64.register.dtor_register	ExecSpec.MachineTypes	register \<Rightarrow> RISCV64.register_pre_register
MachineTypes.RISCV64.register.ctor_register	ExecSpec.MachineTypes	RISCV64.register_pre_register \<Rightarrow> register
MachineTypes.RISCV64.register.case_register	ExecSpec.MachineTypes	'a \<Rightarrow> 'a \<Rightarrow> 'a \<Rightarrow> 'a              \<Rightarrow> 'a \<Rightarrow> 'a       \<Rightarrow> 'a \<Rightarrow> 'a \<Rightarrow> 'a                 \<Rightarrow> 'a \<Rightarrow> 'a          \<Rightarrow> 'a \<Rightarrow> 'a   \<Rightarrow> 'a \<Rightarrow> 'a \<Rightarrow> 'a             \<Rightarrow> 'a \<Rightarrow> 'a      \<Rightarrow> 'a \<Rightarrow> 'a \<Rightarrow> 'a                \<Rightarrow> 'a \<Rightarrow> 'a         \<Rightarrow> 'a \<Rightarrow> 'a  \<Rightarrow> 'a \<Rightarrow> 'a \<Rightarrow> 'a            \<Rightarrow> 'a \<Rightarrow> 'a     \<Rightarrow> 'a \<Rightarrow> 'a \<Rightarrow> 'a               \<Rightarrow> 'a \<Rightarrow> 'a        \<Rightarrow> register \<Rightarrow> 'a
MachineTypes.RISCV64.random_aux_vmpage_size	ExecSpec.MachineTypes	natural \<Rightarrow> natural               \<Rightarrow> natural \<times> natural                             \<Rightarrow> (vmpage_size \<times>      (unit \<Rightarrow> term)) \<times>     natural \<times> natural
MachineTypes.RISCV64.init_underlying_memory	ExecSpec.MachineTypes	64 word \<Rightarrow> 8 word
MachineOps.RISCV64.user_context.UserContext	ExecSpec.MachineOps	(register \<Rightarrow> 64 word) \<Rightarrow> user_context
MachineOps.RISCV64.plic_complete_claim_impl	ExecSpec.MachineOps	6 word \<Rightarrow> (machine_state_rest, unit) nondet_monad
Kernel_Config.config_ARM_HYPERVISOR_SUPPORT	ExecSpec.Kernel_Config	bool
KernelStateData_H.kernel_state.ksIdleThread	ExecSpec.KernelStateData_H	'z kernel_state_scheme \<Rightarrow> 64 word
KernelStateData_H.kernel_state.ksDomainTime	ExecSpec.KernelStateData_H	'z kernel_state_scheme \<Rightarrow> 64 word
KernelInitMonad_H.init_data.initKernelState	ExecSpec.KernelInitMonad_H	'z init_data_scheme \<Rightarrow> global.kernel_state
Invocations_H.tcbinvocation.writeRegsValues	ExecSpec.Invocations_H	tcbinvocation \<Rightarrow> 64 word list
Invocations_H.tcbinvocation.writeRegsThread	ExecSpec.Invocations_H	tcbinvocation \<Rightarrow> 64 word
Invocations_H.tcbinvocation.writeRegsResume	ExecSpec.Invocations_H	tcbinvocation \<Rightarrow> bool
Invocations_H.tcbinvocation.tcThreadCapSlot	ExecSpec.Invocations_H	tcbinvocation \<Rightarrow> 64 word
Invocations_H.tcbinvocation.tcNewMCPriority	ExecSpec.Invocations_H	tcbinvocation \<Rightarrow> (8 word \<times> 64 word) option
Invocations_H.tcbinvocation.readRegsSuspend	ExecSpec.Invocations_H	tcbinvocation \<Rightarrow> bool
Invocations_H.tcbinvocation.notificationTCB	ExecSpec.Invocations_H	tcbinvocation \<Rightarrow> 64 word
Invocations_H.tcbinvocation.notificationPtr	ExecSpec.Invocations_H	tcbinvocation \<Rightarrow> 64 word option
Invocations_H.random_aux_untyped_invocation	ExecSpec.Invocations_H	natural \<Rightarrow> natural               \<Rightarrow> natural \<times> natural                             \<Rightarrow> (untyped_invocation \<times>      (unit \<Rightarrow> term)) \<times>     natural \<times> natural
Invocations_H.invocation.min_alg_invocation	ExecSpec.Invocations_H	(invocation_pre_invocation \<Rightarrow> 'a) \<Rightarrow> 'a set
Invocations_H.invocation.InvokeNotification	ExecSpec.Invocations_H	64 word \<Rightarrow> 64 word \<Rightarrow> global.invocation
Invocations_H.domain_invocation.domDuration	ExecSpec.Invocations_H	domain_invocation \<Rightarrow> 64 word
InterruptDecls_H.decodeIRQHandlerInvocation	ExecSpec.InterruptDecls_H	64 word \<Rightarrow> 6 word               \<Rightarrow> (capability \<times> 64 word) list                             \<Rightarrow> (global.kernel_state,      syscall_error + irqhandler_invocation) nondet_monad
InterruptDecls_H.decodeIRQControlInvocation	ExecSpec.InterruptDecls_H	64 word \<Rightarrow> 64 word list               \<Rightarrow> 64 word                             \<Rightarrow> capability list     \<Rightarrow> (global.kernel_state,                    syscall_error + irqcontrol_invocation) nondet_monad
Hardware_H.RISCV64_H.vmrights.size_vmrights	ExecSpec.Hardware_H	vmrights \<Rightarrow> nat
Hardware_H.RISCV64_H.vmrights.dtor_vmrights	ExecSpec.Hardware_H	vmrights \<Rightarrow> unit + unit + unit
Hardware_H.RISCV64_H.vmrights.ctor_vmrights	ExecSpec.Hardware_H	unit + unit + unit \<Rightarrow> vmrights
Hardware_H.RISCV64_H.vmrights.case_vmrights	ExecSpec.Hardware_H	'a \<Rightarrow> 'a \<Rightarrow> 'a \<Rightarrow> vmrights \<Rightarrow> 'a
Hardware_H.RISCV64_H.size_pte_inst.size_pte	ExecSpec.Hardware_H	RISCV64_H.pte \<Rightarrow> nat
Fault_H.syscall_error.min_alg_syscall_error	ExecSpec.Fault_H	(syscall_error_pre_syscall_error \<Rightarrow> 'a) \<Rightarrow> 'a set
Fault_H.syscall_error.invalidArgumentNumber	ExecSpec.Fault_H	syscall_error \<Rightarrow> nat
Fault_H.syscall_error.failedLookupWasSource	ExecSpec.Fault_H	syscall_error \<Rightarrow> bool
Fault_H.lookup_failure.is_MissingCapability	ExecSpec.Fault_H	lookup_failure \<Rightarrow> bool
Fault_H.init_failure.ctor_fold_init_failure	ExecSpec.Fault_H	(unit \<Rightarrow> 'a) \<Rightarrow> init_failure \<Rightarrow> 'a
Event_H.pre_syscall.syscall.wit_pre_syscall	ExecSpec.Event_H	syscall_pre_syscall
Event_H.pre_syscall.syscall.set_pre_syscall	ExecSpec.Event_H	syscall_pre_syscall \<Rightarrow> 'a set
Event_H.pre_syscall.syscall.rel_pre_syscall	ExecSpec.Event_H	('a \<Rightarrow> 'b \<Rightarrow> bool) \<Rightarrow> syscall_pre_syscall               \<Rightarrow> syscall_pre_syscall \<Rightarrow> bool
Event_H.pre_syscall.syscall.map_pre_syscall	ExecSpec.Event_H	('a \<Rightarrow> 'b) \<Rightarrow> syscall_pre_syscall \<Rightarrow> syscall_pre_syscall
ArchVSpaceDecls_H.RISCV64_H.writeITASIDPool	ExecSpec.ArchVSpaceDecls_H	capability \<Rightarrow> capability               \<Rightarrow> (global.kernel_state, unit) nondet_monad
ArchVSpaceDecls_H.RISCV64_H.mapKernelWindow	ExecSpec.ArchVSpaceDecls_H	(global.kernel_state, unit) nondet_monad
ArchVSpaceDecls_H.RISCV64_H.lookupIPCBuffer	ExecSpec.ArchVSpaceDecls_H	bool \<Rightarrow> 64 word               \<Rightarrow> (global.kernel_state,                              64 word option) nondet_monad
ArchVSpaceDecls_H.RISCV64_H.attribsFromWord	ExecSpec.ArchVSpaceDecls_H	64 word \<Rightarrow> bool
ArchTCB_H.RISCV64_H.getSanitiseRegisterInfo	ExecSpec.ArchTCB_H	64 word \<Rightarrow> (global.kernel_state, bool) nondet_monad
ArchStructures_H.RISCV64_H.isASIDControlCap	ExecSpec.ArchStructures_H	arch_capability \<Rightarrow> bool
ArchStructures_H.RISCV64_H.ArchThread_trans	ExecSpec.ArchStructures_H	user_context \<Rightarrow> arch_tcb
ArchRetypeDecls_H.RISCV64_H.ptMapPTE_update	ExecSpec.ArchRetypeDecls_H	(RISCV64_H.pte \<Rightarrow> RISCV64_H.pte) \<Rightarrow> RISCV64_H.page_table_invocation               \<Rightarrow> RISCV64_H.page_table_invocation
ArchRetypeDecls_H.RISCV64_H.ptMapCap_update	ExecSpec.ArchRetypeDecls_H	(capability \<Rightarrow> capability) \<Rightarrow> RISCV64_H.page_table_invocation               \<Rightarrow> RISCV64_H.page_table_invocation
ArchRetypeDecls_H.RISCV64_H.postCapDeletion	ExecSpec.ArchRetypeDecls_H	arch_capability \<Rightarrow> (global.kernel_state, unit) nondet_monad
ArchRetypeDecls_H.RISCV64_H.PageUnmap_trans	ExecSpec.ArchRetypeDecls_H	arch_capability \<Rightarrow> 64 word \<Rightarrow> RISCV64_H.page_invocation
ArchFault_H.RISCV64_H.vmFaultAddress_update	ExecSpec.ArchFault_H	(64 word \<Rightarrow> 64 word) \<Rightarrow> arch_fault \<Rightarrow> arch_fault
ArchFault_H.RISCV64_H.random_aux_arch_fault	ExecSpec.ArchFault_H	natural \<Rightarrow> natural               \<Rightarrow> natural \<times> natural                             \<Rightarrow> (arch_fault \<times>      (unit \<Rightarrow> term)) \<times>     natural \<times> natural
Types_H.size_init_data_inst.size_init_data	ExecSpec.Types_H	Types_H.init_data \<Rightarrow> nat
Types_H.message_info.str_init_message_info	ExecSpec.Types_H	message_info_pre_message_info \<Rightarrow> message_info.message_info_IITN_message_info               \<Rightarrow> (nat + message_info_pre_message_info) set                             \<Rightarrow> bool
Types_H.message_info.ctor_rec_message_info	ExecSpec.Types_H	(message_info_pre_message_info \<Rightarrow> 'a) \<Rightarrow> message_info \<Rightarrow> 'a
Types_H.cap_transfer.str_init_cap_transfer	ExecSpec.Types_H	cap_transfer_pre_cap_transfer \<Rightarrow> cap_transfer.cap_transfer_IITN_cap_transfer               \<Rightarrow> (nat + cap_transfer_pre_cap_transfer) set                             \<Rightarrow> bool
Types_H.cap_transfer.ctor_rec_cap_transfer	ExecSpec.Types_H	(cap_transfer_pre_cap_transfer \<Rightarrow> 'a) \<Rightarrow> cap_transfer \<Rightarrow> 'a
Types_H.biframe_data.str_init_biframe_data	ExecSpec.Types_H	biframe_data_pre_biframe_data \<Rightarrow> biframe_data.biframe_data_IITN_biframe_data               \<Rightarrow> (nat + biframe_data_pre_biframe_data) set                             \<Rightarrow> bool
Types_H.biframe_data.ctor_rec_biframe_data	ExecSpec.Types_H	(biframe_data_pre_biframe_data \<Rightarrow> 'a) \<Rightarrow> biframe_data \<Rightarrow> 'a
Types_H.biframe_data.bifUntypedObjSizeBits	ExecSpec.Types_H	biframe_data \<Rightarrow> 8 word list
ThreadDecls_H.scheduleSwitchThreadFastfail	ExecSpec.ThreadDecls_H	64 word \<Rightarrow> 64 word               \<Rightarrow> 8 word                             \<Rightarrow> 8 word     \<Rightarrow> (global.kernel_state, bool) nondet_monad
Structures_H.user_data.ctor_fold_user_data	ExecSpec.Structures_H	(unit \<Rightarrow> 'a) \<Rightarrow> user_data \<Rightarrow> 'a
Structures_H.thread_state.rec_thread_state	ExecSpec.Structures_H	(64 word \<Rightarrow> bool \<Rightarrow> 'a) \<Rightarrow> 'a \<Rightarrow> (64 word \<Rightarrow> 'a)                                \<Rightarrow> 'a        \<Rightarrow> 'a \<Rightarrow> 'a \<Rightarrow> (64 word                \<Rightarrow> 64 word                              \<Rightarrow> bool      \<Rightarrow> bool \<Rightarrow> bool \<Rightarrow> 'a)               \<Rightarrow> 'a \<Rightarrow> thread_state \<Rightarrow> 'a
Structures_H.thread_state.mor_thread_state	ExecSpec.Structures_H	'a set \<Rightarrow> (thread_state_pre_thread_state \<Rightarrow> 'a)               \<Rightarrow> 'b set                             \<Rightarrow> (thread_state_pre_thread_state      \<Rightarrow> 'b)     \<Rightarrow> ('a \<Rightarrow> 'b) \<Rightarrow> bool
Structures_H.thread_state.is_BlockedOnSend	ExecSpec.Structures_H	thread_state \<Rightarrow> bool
Structures_H.thread_state.blockingIPCBadge	ExecSpec.Structures_H	thread_state \<Rightarrow> 64 word
Structures_H.thread_state.alg_thread_state	ExecSpec.Structures_H	'a set \<Rightarrow> (thread_state_pre_thread_state \<Rightarrow> 'a)               \<Rightarrow> bool
Structures_H.thread_state.Rep_thread_state	ExecSpec.Structures_H	thread_state \<Rightarrow> thread_state.thread_state_IITN_thread_state               \<Rightarrow> (nat + thread_state_pre_thread_state) set                             \<Rightarrow> bool
Structures_H.thread_state.BlockedOnReceive	ExecSpec.Structures_H	64 word \<Rightarrow> bool \<Rightarrow> thread_state
Structures_H.thread_state.Abs_thread_state	ExecSpec.Structures_H	(thread_state.thread_state_IITN_thread_state  \<Rightarrow> (nat + thread_state_pre_thread_state) set \<Rightarrow> bool) \<Rightarrow> thread_state
Structures_H.scheduler_action.schActTarget	ExecSpec.Structures_H	scheduler_action \<Rightarrow> 64 word
Structures_H.notification.rec_notification	ExecSpec.Structures_H	(ntfn \<Rightarrow> 64 word option \<Rightarrow> 'a) \<Rightarrow> notification \<Rightarrow> 'a
Structures_H.notification.mor_notification	ExecSpec.Structures_H	'a set \<Rightarrow> (notification_pre_notification \<Rightarrow> 'a)               \<Rightarrow> 'b set                             \<Rightarrow> (notification_pre_notification      \<Rightarrow> 'b)     \<Rightarrow> ('a \<Rightarrow> 'b) \<Rightarrow> bool
Structures_H.notification.alg_notification	ExecSpec.Structures_H	'a set \<Rightarrow> (notification_pre_notification \<Rightarrow> 'a)               \<Rightarrow> bool
Structures_H.notification.Rep_notification	ExecSpec.Structures_H	notification \<Rightarrow> notification.notification_IITN_notification               \<Rightarrow> (nat + notification_pre_notification) set                             \<Rightarrow> bool
Structures_H.notification.Abs_notification	ExecSpec.Structures_H	(notification.notification_IITN_notification  \<Rightarrow> (nat + notification_pre_notification) set \<Rightarrow> bool) \<Rightarrow> notification
Structures_H.capability.min_alg_capability	ExecSpec.Structures_H	(capability_pre_capability \<Rightarrow> 'a) \<Rightarrow> 'a set
Structures_H.capability.is_NotificationCap	ExecSpec.Structures_H	capability \<Rightarrow> bool
Structures_H.capability.capEPCanGrantReply	ExecSpec.Structures_H	capability \<Rightarrow> bool
Structs_B.size_tcb_flag_inst.size_tcb_flag	ExecSpec.Structs_B	tcb_flag \<Rightarrow> nat
PSpaceStorable_H.pre_storable_class.koType	ExecSpec.PSpaceStorable_H	'a itself \<Rightarrow> kernel_object_type
NotificationDecls_H.doNBRecvFailedTransfer	ExecSpec.NotificationDecls_H	64 word \<Rightarrow> (global.kernel_state, unit) nondet_monad
MachineTypes.RISCV64.register.rec_register	ExecSpec.MachineTypes	'a \<Rightarrow> 'a \<Rightarrow> 'a \<Rightarrow> 'a              \<Rightarrow> 'a \<Rightarrow> 'a       \<Rightarrow> 'a \<Rightarrow> 'a \<Rightarrow> 'a                 \<Rightarrow> 'a \<Rightarrow> 'a          \<Rightarrow> 'a \<Rightarrow> 'a   \<Rightarrow> 'a \<Rightarrow> 'a \<Rightarrow> 'a             \<Rightarrow> 'a \<Rightarrow> 'a      \<Rightarrow> 'a \<Rightarrow> 'a \<Rightarrow> 'a                \<Rightarrow> 'a \<Rightarrow> 'a         \<Rightarrow> 'a \<Rightarrow> 'a  \<Rightarrow> 'a \<Rightarrow> 'a \<Rightarrow> 'a            \<Rightarrow> 'a \<Rightarrow> 'a     \<Rightarrow> 'a \<Rightarrow> 'a \<Rightarrow> 'a               \<Rightarrow> 'a \<Rightarrow> 'a        \<Rightarrow> register \<Rightarrow> 'a
MachineTypes.RISCV64.register.mor_register	ExecSpec.MachineTypes	'a set \<Rightarrow> (RISCV64.register_pre_register \<Rightarrow> 'a)               \<Rightarrow> 'b set                             \<Rightarrow> (RISCV64.register_pre_register      \<Rightarrow> 'b)     \<Rightarrow> ('a \<Rightarrow> 'b) \<Rightarrow> bool
MachineTypes.RISCV64.register.alg_register	ExecSpec.MachineTypes	'a set \<Rightarrow> (RISCV64.register_pre_register \<Rightarrow> 'a)               \<Rightarrow> bool
MachineTypes.RISCV64.register.Rep_register	ExecSpec.MachineTypes	register \<Rightarrow> RISCV64.register.register_IITN_register               \<Rightarrow> (nat + RISCV64.register_pre_register) set                             \<Rightarrow> bool
MachineTypes.RISCV64.register.Abs_register	ExecSpec.MachineTypes	(RISCV64.register.register_IITN_register  \<Rightarrow> (nat + RISCV64.register_pre_register) set \<Rightarrow> bool) \<Rightarrow> register
Kernel_Config.config_DISABLE_WFI_WFE_TRAPS	ExecSpec.Kernel_Config	bool
Kernel_Config.CONFIG_PADDR_USER_DEVICE_TOP	ExecSpec.Kernel_Config	64 word
KernelStateData_H.kernel_state.more_update	ExecSpec.KernelStateData_H	('z \<Rightarrow> 'z) \<Rightarrow> 'z kernel_state_scheme \<Rightarrow> 'z kernel_state_scheme
KernelStateData_H.kernel_state.ksCurThread	ExecSpec.KernelStateData_H	'z kernel_state_scheme \<Rightarrow> 64 word
KernelStateData_H.kernel_state.ksCurDomain	ExecSpec.KernelStateData_H	'z kernel_state_scheme \<Rightarrow> 8 word
KernelStateData_H.kernel_state.ksArchState	ExecSpec.KernelStateData_H	'z kernel_state_scheme \<Rightarrow> Arch.kernel_state
KernelStateData_H.kernel_state.gsUserPages	ExecSpec.KernelStateData_H	'z kernel_state_scheme \<Rightarrow> 64 word \<Rightarrow> vmpage_size option
KernelInitMonad_H.init_data.initSlotPosMax	ExecSpec.KernelInitMonad_H	'z init_data_scheme \<Rightarrow> 64 word
KernelInitMonad_H.init_data.initSlotPosCur	ExecSpec.KernelInitMonad_H	'z init_data_scheme \<Rightarrow> 64 word
KernelInitMonad_H.init_data.initFreeMemory	ExecSpec.KernelInitMonad_H	'z init_data_scheme \<Rightarrow> (64 word \<times> 64 word) list
Invocations_H.tcbinvocation.tcNewIPCBuffer	ExecSpec.Invocations_H	tcbinvocation \<Rightarrow> (64 word \<times> (capability \<times> 64 word) option) option
Invocations_H.tcbinvocation.readRegsThread	ExecSpec.Invocations_H	tcbinvocation \<Rightarrow> 64 word
Invocations_H.tcbinvocation.readRegsLength	ExecSpec.Invocations_H	tcbinvocation \<Rightarrow> 64 word
Invocations_H.tcbinvocation.copyRegsTarget	ExecSpec.Invocations_H	tcbinvocation \<Rightarrow> 64 word
Invocations_H.tcbinvocation.copyRegsSource	ExecSpec.Invocations_H	tcbinvocation \<Rightarrow> 64 word
Invocations_H.tcbinvocation.WriteRegisters	ExecSpec.Invocations_H	64 word \<Rightarrow> bool               \<Rightarrow> 64 word list                             \<Rightarrow> Arch.copy_register_sets     \<Rightarrow> tcbinvocation
Invocations_H.random_aux_domain_invocation	ExecSpec.Invocations_H	natural \<Rightarrow> natural               \<Rightarrow> natural \<times> natural                             \<Rightarrow> (domain_invocation \<times>      (unit \<Rightarrow> term)) \<times>     natural \<times> natural
Invocations_H.irqhandler_invocation.AckIRQ	ExecSpec.Invocations_H	6 word \<Rightarrow> irqhandler_invocation
Invocations_H.copyRegsTransferFrame_update	ExecSpec.Invocations_H	(bool \<Rightarrow> bool) \<Rightarrow> tcbinvocation \<Rightarrow> tcbinvocation
Invocations_H.copyRegsSuspendSource_update	ExecSpec.Invocations_H	(bool \<Rightarrow> bool) \<Rightarrow> tcbinvocation \<Rightarrow> tcbinvocation
Hardware_H.RISCV64_H.vmrights.rec_vmrights	ExecSpec.Hardware_H	'a \<Rightarrow> 'a \<Rightarrow> 'a \<Rightarrow> vmrights \<Rightarrow> 'a
Hardware_H.RISCV64_H.vmrights.mor_vmrights	ExecSpec.Hardware_H	'a set \<Rightarrow> (unit + unit + unit \<Rightarrow> 'a)               \<Rightarrow> 'b set                             \<Rightarrow> (unit + unit + unit      \<Rightarrow> 'b)     \<Rightarrow> ('a \<Rightarrow> 'b) \<Rightarrow> bool
Hardware_H.RISCV64_H.vmrights.alg_vmrights	ExecSpec.Hardware_H	'a set \<Rightarrow> (unit + unit + unit \<Rightarrow> 'a) \<Rightarrow> bool
Hardware_H.RISCV64_H.vmrights.VMKernelOnly	ExecSpec.Hardware_H	vmrights
Hardware_H.RISCV64_H.vmrights.Rep_vmrights	ExecSpec.Hardware_H	vmrights \<Rightarrow> RISCV64_H.vmrights.vmrights_IITN_vmrights               \<Rightarrow> (nat + unit + unit + unit) set                             \<Rightarrow> bool
Hardware_H.RISCV64_H.vmrights.Abs_vmrights	ExecSpec.Hardware_H	(RISCV64_H.vmrights.vmrights_IITN_vmrights  \<Rightarrow> (nat + unit + unit + unit) set \<Rightarrow> bool) \<Rightarrow> vmrights
Fault_H.syscall_error.is_InvalidCapability	ExecSpec.Fault_H	syscall_error \<Rightarrow> bool
Fault_H.lookup_failure.size_lookup_failure	ExecSpec.Fault_H	lookup_failure \<Rightarrow> nat
Fault_H.lookup_failure.dtor_lookup_failure	ExecSpec.Fault_H	lookup_failure \<Rightarrow> lookup_failure_pre_lookup_failure
Fault_H.lookup_failure.ctor_lookup_failure	ExecSpec.Fault_H	lookup_failure_pre_lookup_failure \<Rightarrow> lookup_failure
Fault_H.lookup_failure.case_lookup_failure	ExecSpec.Fault_H	(nat \<Rightarrow> 'a) \<Rightarrow> (nat \<Rightarrow> nat \<Rightarrow> 'a)               \<Rightarrow> 'a \<Rightarrow> (nat         \<Rightarrow> 64 word \<Rightarrow> nat \<Rightarrow> 'a)        \<Rightarrow> lookup_failure \<Rightarrow> 'a
Fault_H.init_failure.str_init_init_failure	ExecSpec.Fault_H	unit \<Rightarrow> init_failure.init_failure_IITN_init_failure               \<Rightarrow> (nat + unit) set \<Rightarrow> bool
Fault_H.init_failure.ctor_rec_init_failure	ExecSpec.Fault_H	(unit \<Rightarrow> 'a) \<Rightarrow> init_failure \<Rightarrow> 'a
Event_H.random_syscall_inst.random_syscall	ExecSpec.Event_H	natural \<Rightarrow> natural \<times> natural               \<Rightarrow> (syscall \<times>                              (unit \<Rightarrow> term)) \<times>                             natural \<times> natural
ArchVSpaceDecls_H.RISCV64_H.unmapPageTable	ExecSpec.ArchVSpaceDecls_H	64 word \<Rightarrow> 64 word               \<Rightarrow> 64 word                             \<Rightarrow> (global.kernel_state,      unit) nondet_monad
ArchVSpaceDecls_H.RISCV64_H.isPageTablePTE	ExecSpec.ArchVSpaceDecls_H	RISCV64_H.pte \<Rightarrow> bool
ArchVSpaceDecls_H.RISCV64_H.deleteASIDPool	ExecSpec.ArchVSpaceDecls_H	64 word \<Rightarrow> 64 word \<Rightarrow> (global.kernel_state, unit) nondet_monad
ArchThreadDecls_H.RISCV64_H.switchToThread	ExecSpec.ArchThreadDecls_H	64 word \<Rightarrow> (global.kernel_state, unit) nondet_monad
ArchStructures_H.RISCV64_H.fromASID_update	ExecSpec.ArchStructures_H	(64 word \<Rightarrow> 64 word) \<Rightarrow> 64 word \<Rightarrow> 64 word
ArchStructures_H.RISCV64_H.capFSize_update	ExecSpec.ArchStructures_H	(vmpage_size \<Rightarrow> vmpage_size) \<Rightarrow> arch_capability \<Rightarrow> arch_capability
ArchRetypeDecls_H.RISCV64_H.isPageTableMap	ExecSpec.ArchRetypeDecls_H	RISCV64_H.page_table_invocation \<Rightarrow> bool
ArchRetypeDecls_H.RISCV64_H.isCapRevocable	ExecSpec.ArchRetypeDecls_H	capability \<Rightarrow> capability \<Rightarrow> bool
ArchRetypeDecls_H.RISCV64_H.capUntypedSize	ExecSpec.ArchRetypeDecls_H	arch_capability \<Rightarrow> 64 word
ArchRetypeDecls_H.RISCV64_H.MakePool_trans	ExecSpec.ArchRetypeDecls_H	64 word \<Rightarrow> 64 word               \<Rightarrow> 64 word                             \<Rightarrow> 64 word     \<Rightarrow> RISCV64_H.asidcontrol_invocation
ArchIntermediate_H.Arch.createNewTableCaps	ExecSpec.ArchIntermediate_H	64 word \<Rightarrow> nat               \<Rightarrow> nat                             \<Rightarrow> 'b     \<Rightarrow> (64 word \<Rightarrow> 'c option \<Rightarrow> 'a)                   \<Rightarrow> (64 word list                                  \<Rightarrow> (global.kernel_state,           'd) nondet_monad)                                 \<Rightarrow> (global.kernel_state,          'a list) nondet_monad
ArchIntermediate_H.Arch.createNewFrameCaps	ExecSpec.ArchIntermediate_H	64 word \<Rightarrow> nat               \<Rightarrow> bool                             \<Rightarrow> nat     \<Rightarrow> vmpage_size                   \<Rightarrow> (global.kernel_state,                                  arch_capability list) nondet_monad
Types_H.message_info.min_alg_message_info	ExecSpec.Types_H	(message_info_pre_message_info \<Rightarrow> 'a) \<Rightarrow> 'a set
Types_H.cap_transfer.min_alg_cap_transfer	ExecSpec.Types_H	(cap_transfer_pre_cap_transfer \<Rightarrow> 'a) \<Rightarrow> 'a set
Types_H.biframe_data.min_alg_biframe_data	ExecSpec.Types_H	(biframe_data_pre_biframe_data \<Rightarrow> 'a) \<Rightarrow> 'a set
Types_H.bidevice_region.bidrFrameSizeBits	ExecSpec.Types_H	bidevice_region \<Rightarrow> 32 word
Structures_H.zombie_type.size_zombie_type	ExecSpec.Structures_H	zombie_type \<Rightarrow> nat
Structures_H.zombie_type.dtor_zombie_type	ExecSpec.Structures_H	zombie_type \<Rightarrow> unit + nat
Structures_H.zombie_type.ctor_zombie_type	ExecSpec.Structures_H	unit + nat \<Rightarrow> zombie_type
Structures_H.zombie_type.case_zombie_type	ExecSpec.Structures_H	'a \<Rightarrow> (nat \<Rightarrow> 'a)                  \<Rightarrow> zombie_type \<Rightarrow> 'a
Structures_H.waitingOnNotification_update	ExecSpec.Structures_H	(64 word \<Rightarrow> 64 word) \<Rightarrow> thread_state \<Rightarrow> thread_state
Structures_H.user_data.str_init_user_data	ExecSpec.Structures_H	unit \<Rightarrow> user_data.user_data_IITN_user_data               \<Rightarrow> (nat + unit) set \<Rightarrow> bool
Structures_H.user_data.ctor_rec_user_data	ExecSpec.Structures_H	(unit \<Rightarrow> 'a) \<Rightarrow> user_data \<Rightarrow> 'a
Structures_H.typerep_tcb_inst.typerep_tcb	ExecSpec.Structures_H	tcb itself \<Rightarrow> typerep
Structures_H.typerep_cte_inst.typerep_cte	ExecSpec.Structures_H	cte itself \<Rightarrow> typerep
Structures_H.thread_state.IdleThreadState	ExecSpec.Structures_H	thread_state
Structures_H.term_of_tcb_inst.term_of_tcb	ExecSpec.Structures_H	tcb \<Rightarrow> term
Structures_H.term_of_cte_inst.term_of_cte	ExecSpec.Structures_H	cte \<Rightarrow> term
Structures_H.random_ntfn_inst.random_ntfn	ExecSpec.Structures_H	natural \<Rightarrow> natural \<times> natural               \<Rightarrow> (ntfn \<times>                              (unit \<Rightarrow> term)) \<times>                             natural \<times> natural
Structures_H.kernel_object.KONotification	ExecSpec.Structures_H	notification \<Rightarrow> kernel_object
Structures_H.capability.capNtfnCanReceive	ExecSpec.Structures_H	capability \<Rightarrow> bool
Structures_H.capability.capCNodeGuardSize	ExecSpec.Structures_H	capability \<Rightarrow> nat
State_H.RISCV64_H.nextInstructionRegister	ExecSpec.State_H	register
PSpaceStorable_H.kernel_object_type.ArchT	ExecSpec.PSpaceStorable_H	arch_kernel_object_type \<Rightarrow> kernel_object_type
PSpaceFuns_H.deletionIsSafe_delete_locale	ExecSpec.PSpaceFuns_H	64 word \<Rightarrow> nat \<Rightarrow> global.kernel_state \<Rightarrow> bool
MachineOps.RISCV64.user_context.user_regs	ExecSpec.MachineOps	user_context \<Rightarrow> register \<Rightarrow> 64 word
Kernel_Config.CONFIG_ROOT_CNODE_SIZE_BITS	ExecSpec.Kernel_Config	nat
Kernel_Config.CONFIG_MAX_NUM_TRACE_POINTS	ExecSpec.Kernel_Config	nat
KernelInitMonad_H.init_data.init_data_ext	ExecSpec.KernelInitMonad_H	(64 word \<times> 64 word) list \<Rightarrow> 64 word               \<Rightarrow> 64 word                             \<Rightarrow> biframe_data     \<Rightarrow> 64 word                   \<Rightarrow> global.kernel_state                                 \<Rightarrow> 'z         \<Rightarrow> 'z init_data_scheme
Invocations_H.tcbinvocation.writeRegsArch	ExecSpec.Invocations_H	tcbinvocation \<Rightarrow> Arch.copy_register_sets
Invocations_H.tcbinvocation.tcNewPriority	ExecSpec.Invocations_H	tcbinvocation \<Rightarrow> (8 word \<times> 64 word) option
Invocations_H.tcbinvocation.suspendThread	ExecSpec.Invocations_H	tcbinvocation \<Rightarrow> 64 word
Invocations_H.tcbinvocation.setTLSBaseTCB	ExecSpec.Invocations_H	tcbinvocation \<Rightarrow> 64 word
Invocations_H.tcbinvocation.setFlagsClear	ExecSpec.Invocations_H	tcbinvocation \<Rightarrow> 64 word
Invocations_H.tcbinvocation.is_SetTLSBase	ExecSpec.Invocations_H	tcbinvocation \<Rightarrow> bool
Invocations_H.tcbinvocation.ThreadControl	ExecSpec.Invocations_H	64 word \<Rightarrow> 64 word               \<Rightarrow> 64 word option                             \<Rightarrow> (8 word \<times> 64 word) option     \<Rightarrow> (8 word \<times> 64 word) option                   \<Rightarrow> (capability \<times> 64 word) option                                 \<Rightarrow> (capability \<times>          64 word) option         \<Rightarrow> (64 word \<times>                        (capability \<times> 64 word) option) option                       \<Rightarrow> tcbinvocation
Invocations_H.tcbinvocation.ReadRegisters	ExecSpec.Invocations_H	64 word \<Rightarrow> bool               \<Rightarrow> 64 word                             \<Rightarrow> Arch.copy_register_sets     \<Rightarrow> tcbinvocation
Invocations_H.tcbinvocation.CopyRegisters	ExecSpec.Invocations_H	64 word \<Rightarrow> 64 word               \<Rightarrow> bool                             \<Rightarrow> bool     \<Rightarrow> bool                   \<Rightarrow> bool                                 \<Rightarrow> Arch.copy_register_sets         \<Rightarrow> tcbinvocation
Invocations_H.retypeFreeRegionBase_update	ExecSpec.Invocations_H	(64 word \<Rightarrow> 64 word) \<Rightarrow> untyped_invocation \<Rightarrow> untyped_invocation
Invocations_H.random_aux_cnode_invocation	ExecSpec.Invocations_H	natural \<Rightarrow> natural               \<Rightarrow> natural \<times> natural                             \<Rightarrow> (cnode_invocation \<times>      (unit \<Rightarrow> term)) \<times>     natural \<times> natural
Invocations_H.invocation.InvokeIRQHandler	ExecSpec.Invocations_H	irqhandler_invocation \<Rightarrow> global.invocation
Invocations_H.invocation.InvokeIRQControl	ExecSpec.Invocations_H	irqcontrol_invocation \<Rightarrow> global.invocation
Invocations_H.invocation.InvokeArchObject	ExecSpec.Invocations_H	Arch.invocation \<Rightarrow> global.invocation
Invocations_H.domain_invocation.domThread	ExecSpec.Invocations_H	domain_invocation \<Rightarrow> 64 word
Invocations_H.domain_invocation.domDomain	ExecSpec.Invocations_H	domain_invocation \<Rightarrow> 8 word
Invocations_H.copyRegsTransferArch_update	ExecSpec.Invocations_H	(Arch.copy_register_sets \<Rightarrow> Arch.copy_register_sets) \<Rightarrow> tcbinvocation \<Rightarrow> tcbinvocation
Invocations_H.copyRegsResumeTarget_update	ExecSpec.Invocations_H	(bool \<Rightarrow> bool) \<Rightarrow> tcbinvocation \<Rightarrow> tcbinvocation
Invocations_H.cnode_invocation.targetSlot	ExecSpec.Invocations_H	cnode_invocation \<Rightarrow> 64 word
Invocations_H.cnode_invocation.sourceSlot	ExecSpec.Invocations_H	cnode_invocation \<Rightarrow> 64 word
Invocations_H.cnode_invocation.SaveCaller	ExecSpec.Invocations_H	64 word \<Rightarrow> cnode_invocation
Hardware_H.RISCV64_H.vmrights.VMReadWrite	ExecSpec.Hardware_H	vmrights
Fault_H.lookup_failure.rec_lookup_failure	ExecSpec.Fault_H	(nat \<Rightarrow> 'a) \<Rightarrow> (nat \<Rightarrow> nat \<Rightarrow> 'a)               \<Rightarrow> 'a \<Rightarrow> (nat         \<Rightarrow> 64 word \<Rightarrow> nat \<Rightarrow> 'a)        \<Rightarrow> lookup_failure \<Rightarrow> 'a
Fault_H.lookup_failure.mor_lookup_failure	ExecSpec.Fault_H	'a set \<Rightarrow> (lookup_failure_pre_lookup_failure \<Rightarrow> 'a)               \<Rightarrow> 'b set                             \<Rightarrow> (lookup_failure_pre_lookup_failure      \<Rightarrow> 'b)     \<Rightarrow> ('a \<Rightarrow> 'b) \<Rightarrow> bool
Fault_H.lookup_failure.missingCapBitsLeft	ExecSpec.Fault_H	lookup_failure \<Rightarrow> nat
Fault_H.lookup_failure.alg_lookup_failure	ExecSpec.Fault_H	'a set \<Rightarrow> (lookup_failure_pre_lookup_failure \<Rightarrow> 'a)               \<Rightarrow> bool
Fault_H.lookup_failure.Rep_lookup_failure	ExecSpec.Fault_H	lookup_failure \<Rightarrow> lookup_failure.lookup_failure_IITN_lookup_failure               \<Rightarrow> (nat + lookup_failure_pre_lookup_failure) set                             \<Rightarrow> bool
Fault_H.lookup_failure.Abs_lookup_failure	ExecSpec.Fault_H	(lookup_failure.lookup_failure_IITN_lookup_failure  \<Rightarrow> (nat + lookup_failure_pre_lookup_failure) set                \<Rightarrow> bool) \<Rightarrow> lookup_failure
Fault_H.init_failure.min_alg_init_failure	ExecSpec.Fault_H	(unit \<Rightarrow> 'a) \<Rightarrow> 'a set
ArchVSpaceDecls_H.RISCV64_H.handleVMFault	ExecSpec.ArchVSpaceDecls_H	64 word \<Rightarrow> vmfault_type               \<Rightarrow> (global.kernel_state, fault + unit) nondet_monad
ArchVSpaceDecls_H.RISCV64_H.createITPDPTs	ExecSpec.ArchVSpaceDecls_H	capability \<Rightarrow> 64 word               \<Rightarrow> 64 word                             \<Rightarrow> (KernelInitMonad_H.init_data,      init_failure + capability) nondet_monad
ArchVSpaceDecls_H.RISCV64_H.createBIFrame	ExecSpec.ArchVSpaceDecls_H	capability \<Rightarrow> 64 word               \<Rightarrow> 32 word                             \<Rightarrow> 32 word     \<Rightarrow> (KernelInitMonad_H.init_data,                    init_failure + capability) nondet_monad
ArchTypes_H.apiobject_type.EndpointObject	ExecSpec.ArchTypes_H	apiobject_type
ArchTypes_H.apiobject_type.CapTableObject	ExecSpec.ArchTypes_H	apiobject_type
ArchStructures_H.RISCV64_H.isPageTableCap	ExecSpec.ArchStructures_H	arch_capability \<Rightarrow> bool
ArchStructures_H.RISCV64_H.atcbContextSet	ExecSpec.ArchStructures_H	user_context \<Rightarrow> arch_tcb \<Rightarrow> arch_tcb
ArchStructures_H.RISCV64_H.atcbContextGet	ExecSpec.ArchStructures_H	arch_tcb \<Rightarrow> user_context
ArchStructures_H.RISCV64_H.asidHighBitsOf	ExecSpec.ArchStructures_H	64 word \<Rightarrow> 64 word
ArchStructures_H.RISCV64_H.FrameCap_trans	ExecSpec.ArchStructures_H	64 word \<Rightarrow> vmrights               \<Rightarrow> vmpage_size                             \<Rightarrow> bool     \<Rightarrow> (64 word \<times> 64 word) option                   \<Rightarrow> arch_capability
ArchStateData_H.RISCV64_H.riscvKSGlobalPT	ExecSpec.ArchStateData_H	Arch.kernel_state \<Rightarrow> 64 word
ArchRetypeDecls_H.RISCV64_H.updateCapData	ExecSpec.ArchRetypeDecls_H	bool \<Rightarrow> 64 word \<Rightarrow> arch_capability \<Rightarrow> capability
ArchRetypeDecls_H.RISCV64_H.maskCapRights	ExecSpec.ArchRetypeDecls_H	cap_rights \<Rightarrow> arch_capability \<Rightarrow> capability
ArchRetypeDecls_H.RISCV64_H.isPhysicalCap	ExecSpec.ArchRetypeDecls_H	arch_capability \<Rightarrow> bool
ArchRetypeDecls_H.RISCV64_H.isPageGetAddr	ExecSpec.ArchRetypeDecls_H	RISCV64_H.page_invocation \<Rightarrow> bool
ArchRetypeDecls_H.RISCV64_H.cteRightsBits	ExecSpec.ArchRetypeDecls_H	nat
ArchRetypeDecls_H.RISCV64_H.capUntypedPtr	ExecSpec.ArchRetypeDecls_H	arch_capability \<Rightarrow> 64 word
ArchRetypeDecls_H.RISCV64_H.PageMap_trans	ExecSpec.ArchRetypeDecls_H	capability \<Rightarrow> 64 word               \<Rightarrow> RISCV64_H.pte \<times> 64 word                             \<Rightarrow> RISCV64_H.page_invocation
Types_H.biframe_data.bifUntypedObjPAddrs	ExecSpec.Types_H	biframe_data \<Rightarrow> 64 word list
Types_H.biframe_data.bifNumDeviceRegions	ExecSpec.Types_H	biframe_data \<Rightarrow> 32 word
Types_H.bifUntypedObjIsDeviceList_update	ExecSpec.Types_H	(bool list \<Rightarrow> bool list) \<Rightarrow> biframe_data \<Rightarrow> biframe_data
Structures_H.zombie_type.rec_zombie_type	ExecSpec.Structures_H	'a \<Rightarrow> (nat \<Rightarrow> 'a)                  \<Rightarrow> zombie_type \<Rightarrow> 'a
Structures_H.zombie_type.mor_zombie_type	ExecSpec.Structures_H	'a set \<Rightarrow> (unit + nat \<Rightarrow> 'a)               \<Rightarrow> 'b set                             \<Rightarrow> (unit + nat \<Rightarrow> 'b)     \<Rightarrow> ('a \<Rightarrow> 'b) \<Rightarrow> bool
Structures_H.zombie_type.alg_zombie_type	ExecSpec.Structures_H	'a set \<Rightarrow> (unit + nat \<Rightarrow> 'a) \<Rightarrow> bool
Structures_H.zombie_type.Rep_zombie_type	ExecSpec.Structures_H	zombie_type \<Rightarrow> zombie_type.zombie_type_IITN_zombie_type               \<Rightarrow> (nat + unit + nat) set \<Rightarrow> bool
Structures_H.zombie_type.Abs_zombie_type	ExecSpec.Structures_H	(zombie_type.zombie_type_IITN_zombie_type  \<Rightarrow> (nat + unit + nat) set \<Rightarrow> bool) \<Rightarrow> zombie_type
Structures_H.user_data.min_alg_user_data	ExecSpec.Structures_H	(unit \<Rightarrow> 'a) \<Rightarrow> 'a set
Structures_H.thread_state.blockingObject	ExecSpec.Structures_H	thread_state \<Rightarrow> 64 word
Structures_H.thread_state.BlockedOnReply	ExecSpec.Structures_H	thread_state
Structures_H.tcbBoundNotification_update	ExecSpec.Structures_H	(64 word option \<Rightarrow> 64 word option) \<Rightarrow> tcb \<Rightarrow> tcb
Structures_H.random_aux_user_data_device	ExecSpec.Structures_H	natural \<Rightarrow> natural               \<Rightarrow> natural \<times> natural                             \<Rightarrow> (user_data_device \<times>      (unit \<Rightarrow> term)) \<times>     natural \<times> natural
Structures_H.random_aux_scheduler_action	ExecSpec.Structures_H	natural \<Rightarrow> natural               \<Rightarrow> natural \<times> natural                             \<Rightarrow> (scheduler_action \<times>      (unit \<Rightarrow> term)) \<times>     natural \<times> natural
Structures_H.pre_ntfn.ntfn.pred_pre_ntfn	ExecSpec.Structures_H	('a \<Rightarrow> bool) \<Rightarrow> ntfn_pre_ntfn \<Rightarrow> bool
Structures_H.irqstate.ctor_fold_irqstate	ExecSpec.Structures_H	(irqstate_pre_irqstate \<Rightarrow> 'a) \<Rightarrow> irqstate \<Rightarrow> 'a
Structures_H.endpoint.ctor_fold_endpoint	ExecSpec.Structures_H	(endpoint_pre_endpoint \<Rightarrow> 'a) \<Rightarrow> endpoint \<Rightarrow> 'a
Structures_H.capability.is_IRQHandlerCap	ExecSpec.Structures_H	capability \<Rightarrow> bool
Structures_H.capability.is_ArchObjectCap	ExecSpec.Structures_H	capability \<Rightarrow> bool
Structures_H.capability.capReplyCanGrant	ExecSpec.Structures_H	capability \<Rightarrow> bool
Structures_H.BlockedOnNotification_trans	ExecSpec.Structures_H	64 word \<Rightarrow> thread_state
PSpaceStorable_H.kernel_object_type.TCBT	ExecSpec.PSpaceStorable_H	kernel_object_type
PSpaceStorable_H.kernel_object_type.CTET	ExecSpec.PSpaceStorable_H	kernel_object_type
NotificationDecls_H.doUnbindNotification	ExecSpec.NotificationDecls_H	64 word \<Rightarrow> notification               \<Rightarrow> 64 word                             \<Rightarrow> (global.kernel_state,      unit) nondet_monad
MachineTypes.RISCV64.random_aux_register	ExecSpec.MachineTypes	natural \<Rightarrow> natural               \<Rightarrow> natural \<times> natural                             \<Rightarrow> (register \<times>      (unit \<Rightarrow> term)) \<times>     natural \<times> natural
Kernel_Config.config_ARM_PA_SIZE_BITS_44	ExecSpec.Kernel_Config	bool
Kernel_Config.config_ARM_PA_SIZE_BITS_40	ExecSpec.Kernel_Config	bool
Kernel_Config.CONFIG_KERNEL_OPT_LEVEL_O2	ExecSpec.Kernel_Config	bool
KernelInitMonad_H.init_data.initBootInfo	ExecSpec.KernelInitMonad_H	'z init_data_scheme \<Rightarrow> biframe_data
Invocations_H.tcbinvocation.tcNewFaultEP	ExecSpec.Invocations_H	tcbinvocation \<Rightarrow> 64 word option
Invocations_H.tcbinvocation.resumeThread	ExecSpec.Invocations_H	tcbinvocation \<Rightarrow> 64 word
Invocations_H.tcbinvocation.readRegsArch	ExecSpec.Invocations_H	tcbinvocation \<Rightarrow> Arch.copy_register_sets
Invocations_H.invocation.size_invocation	ExecSpec.Invocations_H	global.invocation \<Rightarrow> nat
Invocations_H.invocation.dtor_invocation	ExecSpec.Invocations_H	global.invocation \<Rightarrow> invocation_pre_invocation
Invocations_H.invocation.ctor_invocation	ExecSpec.Invocations_H	invocation_pre_invocation \<Rightarrow> global.invocation
Invocations_H.invocation.case_invocation	ExecSpec.Invocations_H	(untyped_invocation \<Rightarrow> 'a) \<Rightarrow> (64 word                \<Rightarrow> 64 word                              \<Rightarrow> bool      \<Rightarrow> bool \<Rightarrow> 'a)               \<Rightarrow> (64 word \<Rightarrow> 64 word \<Rightarrow> 'a)                             \<Rightarrow> (64 word      \<Rightarrow> 64 word \<Rightarrow> bool \<Rightarrow> 'a)     \<Rightarrow> (domain_invocation \<Rightarrow> 'a)                   \<Rightarrow> (tcbinvocation \<Rightarrow> 'a)                                 \<Rightarrow> (cnode_invocation          \<Rightarrow> 'a)         \<Rightarrow> (irqcontrol_invocation \<Rightarrow> 'a)                       \<Rightarrow> (irqhandler_invocation \<Rightarrow> 'a)                                     \<Rightarrow> (Arch.invocation              \<Rightarrow> 'a)             \<Rightarrow> global.invocation \<Rightarrow> 'a
Invocations_H.domain_invocation.domIndex	ExecSpec.Invocations_H	domain_invocation \<Rightarrow> nat
Invocations_H.cnode_invocation.pivotSlot	ExecSpec.Invocations_H	cnode_invocation \<Rightarrow> 64 word
Invocations_H.cnode_invocation.is_Rotate	ExecSpec.Invocations_H	cnode_invocation \<Rightarrow> bool
Invocations_H.cnode_invocation.is_Revoke	ExecSpec.Invocations_H	cnode_invocation \<Rightarrow> bool
Invocations_H.cnode_invocation.is_Insert	ExecSpec.Invocations_H	cnode_invocation \<Rightarrow> bool
Invocations_H.cnode_invocation.is_Delete	ExecSpec.Invocations_H	cnode_invocation \<Rightarrow> bool
Invocations_H.cnode_invocation.insertCap	ExecSpec.Invocations_H	cnode_invocation \<Rightarrow> capability
InterruptDecls_H.initInterruptController	ExecSpec.InterruptDecls_H	capability \<Rightarrow> 64 word               \<Rightarrow> (KernelInitMonad_H.init_data,                              init_failure + capability) nondet_monad
Hardware_H.RISCV64_H.vmrights.VMReadOnly	ExecSpec.Hardware_H	vmrights
Hardware_H.RISCV64_H.random_aux_vmrights	ExecSpec.Hardware_H	natural \<Rightarrow> natural               \<Rightarrow> natural \<times> natural                             \<Rightarrow> (vmrights \<times>      (unit \<Rightarrow> term)) \<times>     natural \<times> natural
Hardware_H.RISCV64_H.pte.is_PageTablePTE	ExecSpec.Hardware_H	RISCV64_H.pte \<Rightarrow> bool
Fault_H.typerep_fault_inst.typerep_fault	ExecSpec.Fault_H	fault itself \<Rightarrow> typerep
Fault_H.term_of_fault_inst.term_of_fault	ExecSpec.Fault_H	fault \<Rightarrow> term
Fault_H.syscall_error.size_syscall_error	ExecSpec.Fault_H	syscall_error \<Rightarrow> nat
Fault_H.syscall_error.is_NotEnoughMemory	ExecSpec.Fault_H	syscall_error \<Rightarrow> bool
Fault_H.syscall_error.is_InvalidArgument	ExecSpec.Fault_H	syscall_error \<Rightarrow> bool
Fault_H.syscall_error.dtor_syscall_error	ExecSpec.Fault_H	syscall_error \<Rightarrow> syscall_error_pre_syscall_error
Fault_H.syscall_error.ctor_syscall_error	ExecSpec.Fault_H	syscall_error_pre_syscall_error \<Rightarrow> syscall_error
Fault_H.syscall_error.case_syscall_error	ExecSpec.Fault_H	'a \<Rightarrow> (nat \<Rightarrow> 'a)                  \<Rightarrow> 'a \<Rightarrow> 'a           \<Rightarrow> (64 word \<Rightarrow> 64 word \<Rightarrow> 'a)                         \<Rightarrow> (bool  \<Rightarrow> lookup_failure \<Rightarrow> 'a) \<Rightarrow> (nat \<Rightarrow> 'a)               \<Rightarrow> 'a \<Rightarrow> (64 word \<Rightarrow> 'a)        \<Rightarrow> 'a \<Rightarrow> syscall_error \<Rightarrow> 'a
Fault_H.lookup_failure.MissingCapability	ExecSpec.Fault_H	nat \<Rightarrow> lookup_failure
Fault_H.fault.is_UnknownSyscallException	ExecSpec.Fault_H	fault \<Rightarrow> bool
Event_H.typerep_event_inst.typerep_event	ExecSpec.Event_H	event itself \<Rightarrow> typerep
Event_H.term_of_event_inst.term_of_event	ExecSpec.Event_H	event \<Rightarrow> term
Event_H.equal_syscall_inst.equal_syscall	ExecSpec.Event_H	syscall \<Rightarrow> syscall \<Rightarrow> bool
ArchVSpace_H.RISCV64_H.lookupPTFromLevel	ExecSpec.ArchVSpace_H	nat \<Rightarrow> 64 word               \<Rightarrow> 64 word                             \<Rightarrow> 64 word     \<Rightarrow> (global.kernel_state,                    lookup_failure + 64 word) nondet_monad
ArchVSpaceDecls_H.RISCV64_H.writeITPDPTs	ExecSpec.ArchVSpaceDecls_H	capability \<Rightarrow> capability               \<Rightarrow> (KernelInitMonad_H.init_data,                              init_failure + unit) nondet_monad
ArchVSpaceDecls_H.RISCV64_H.vptrFromPPtr	ExecSpec.ArchVSpaceDecls_H	64 word \<Rightarrow> (KernelInitMonad_H.init_data,                init_failure + 64 word) nondet_monad
ArchVSpaceDecls_H.RISCV64_H.maskVMRights	ExecSpec.ArchVSpaceDecls_H	vmrights \<Rightarrow> cap_rights \<Rightarrow> vmrights
ArchVSpaceDecls_H.RISCV64_H.lookupPTSlot	ExecSpec.ArchVSpaceDecls_H	64 word \<Rightarrow> 64 word               \<Rightarrow> (global.kernel_state,                              nat \<times> 64 word) nondet_monad
ArchStructures_H.RISCV64_H.isASIDPoolCap	ExecSpec.ArchStructures_H	arch_capability \<Rightarrow> bool
ArchStateData_H.RISCV64_H.newKernelState	ExecSpec.ArchStateData_H	64 word \<Rightarrow> Arch.kernel_state \<times> 64 word list
ArchRetypeDecls_H.canonicalAddressAssert	ExecSpec.ArchRetypeDecls_H	64 word \<Rightarrow> bool
ArchRetypeDecls_H.RISCV64_H.sameRegionAs	ExecSpec.ArchRetypeDecls_H	arch_capability \<Rightarrow> arch_capability \<Rightarrow> bool
ArchRetypeDecls_H.RISCV64_H.sameObjectAs	ExecSpec.ArchRetypeDecls_H	arch_capability \<Rightarrow> arch_capability \<Rightarrow> bool
ArchRetypeDecls_H.RISCV64_H.cteGuardBits	ExecSpec.ArchRetypeDecls_H	nat
ArchRetypeDecls_H.RISCV64_H.createObject	ExecSpec.ArchRetypeDecls_H	object_type \<Rightarrow> 64 word               \<Rightarrow> nat                             \<Rightarrow> bool     \<Rightarrow> (global.kernel_state, arch_capability) nondet_monad
ArchRetypeDecls_H.RISCV64_H.asidPoolBits	ExecSpec.ArchRetypeDecls_H	nat
ArchRetypeDecls_H.RISCV64_H.Assign_trans	ExecSpec.ArchRetypeDecls_H	64 word \<Rightarrow> 64 word               \<Rightarrow> 64 word                             \<Rightarrow> RISCV64_H.asidpool_invocation
ArchFault_H.RISCV64_H.arch_fault.VMFault	ExecSpec.ArchFault_H	64 word \<Rightarrow> 64 word list \<Rightarrow> arch_fault
Types_H.cap_rights.ctor_fold_cap_rights	ExecSpec.Types_H	(cap_rights_pre_cap_rights \<Rightarrow> 'a) \<Rightarrow> cap_rights \<Rightarrow> 'a
Types_H.biframe_data.bifSharedFrameCaps	ExecSpec.Types_H	biframe_data \<Rightarrow> 64 word list
Types_H.biframe_data.bifITCNodeSizeBits	ExecSpec.Types_H	biframe_data \<Rightarrow> 8 word
ThreadDecls_H.modifyReadyQueuesL2Bitmap	ExecSpec.ThreadDecls_H	8 word \<Rightarrow> nat               \<Rightarrow> (64 word \<Rightarrow> 64 word)                             \<Rightarrow> (global.kernel_state,      unit) nondet_monad
ThreadDecls_H.modifyReadyQueuesL1Bitmap	ExecSpec.ThreadDecls_H	8 word \<Rightarrow> (64 word \<Rightarrow> 64 word)               \<Rightarrow> (global.kernel_state, unit) nondet_monad
Structures_H.thread_state.BlockedOnSend	ExecSpec.Structures_H	64 word \<Rightarrow> 64 word               \<Rightarrow> bool                             \<Rightarrow> bool     \<Rightarrow> bool \<Rightarrow> thread_state
Structures_H.random_cte_inst.random_cte	ExecSpec.Structures_H	natural \<Rightarrow> natural \<times> natural               \<Rightarrow> (cte \<times>                              (unit \<Rightarrow> term)) \<times>                             natural \<times> natural
Structures_H.random_aux_interrupt_state	ExecSpec.Structures_H	natural \<Rightarrow> natural               \<Rightarrow> natural \<times> natural                             \<Rightarrow> (interrupt_state \<times>      (unit \<Rightarrow> term)) \<times>     natural \<times> natural
Structures_H.pre_ntfn.ntfn.wit_pre_ntfn	ExecSpec.Structures_H	ntfn_pre_ntfn
Structures_H.pre_ntfn.ntfn.set_pre_ntfn	ExecSpec.Structures_H	ntfn_pre_ntfn \<Rightarrow> 'a set
Structures_H.pre_ntfn.ntfn.rel_pre_ntfn	ExecSpec.Structures_H	('a \<Rightarrow> 'b \<Rightarrow> bool) \<Rightarrow> ntfn_pre_ntfn \<Rightarrow> ntfn_pre_ntfn \<Rightarrow> bool
Structures_H.pre_ntfn.ntfn.map_pre_ntfn	ExecSpec.Structures_H	('a \<Rightarrow> 'b) \<Rightarrow> ntfn_pre_ntfn \<Rightarrow> ntfn_pre_ntfn
Structures_H.kernel_object.KOKernelData	ExecSpec.Structures_H	kernel_object
Structures_H.irqstate.str_init_irqstate	ExecSpec.Structures_H	irqstate_pre_irqstate \<Rightarrow> irqstate.irqstate_IITN_irqstate               \<Rightarrow> (nat + irqstate_pre_irqstate) set                             \<Rightarrow> bool
Structures_H.irqstate.ctor_rec_irqstate	ExecSpec.Structures_H	(irqstate_pre_irqstate \<Rightarrow> 'a) \<Rightarrow> irqstate \<Rightarrow> 'a
Structures_H.equal_ntfn_inst.equal_ntfn	ExecSpec.Structures_H	ntfn \<Rightarrow> ntfn \<Rightarrow> bool
Structures_H.endpoint.str_init_endpoint	ExecSpec.Structures_H	endpoint_pre_endpoint \<Rightarrow> endpoint.endpoint_IITN_endpoint               \<Rightarrow> (nat + endpoint_pre_endpoint) set                             \<Rightarrow> bool
Structures_H.endpoint.ctor_rec_endpoint	ExecSpec.Structures_H	(endpoint_pre_endpoint \<Rightarrow> 'a) \<Rightarrow> endpoint \<Rightarrow> 'a
Structures_H.capability.size_capability	ExecSpec.Structures_H	capability \<Rightarrow> nat
Structures_H.capability.dtor_capability	ExecSpec.Structures_H	capability \<Rightarrow> capability_pre_capability
Structures_H.capability.ctor_capability	ExecSpec.Structures_H	capability_pre_capability \<Rightarrow> capability
Structures_H.capability.case_capability	ExecSpec.Structures_H	(64 word \<Rightarrow> 'a) \<Rightarrow> 'a \<Rightarrow> (64 word                                 \<Rightarrow> 64 word         \<Rightarrow> bool \<Rightarrow> bool \<Rightarrow> 'a)                                \<Rightarrow> (6 word \<Rightarrow> 'a)        \<Rightarrow> (64 word                       \<Rightarrow> 64 word                                     \<Rightarrow> bool             \<Rightarrow> bool                           \<Rightarrow> bool   \<Rightarrow> bool \<Rightarrow> 'a)                      \<Rightarrow> 'a \<Rightarrow> (64 word                \<Rightarrow> zombie_type \<Rightarrow> nat \<Rightarrow> 'a)               \<Rightarrow> (arch_capability \<Rightarrow> 'a)                             \<Rightarrow> (64 word      \<Rightarrow> bool \<Rightarrow> bool \<Rightarrow> 'a)     \<Rightarrow> (bool                    \<Rightarrow> 64 word                                  \<Rightarrow> nat          \<Rightarrow> nat \<Rightarrow> 'a)                   \<Rightarrow> (64 word                                  \<Rightarrow> nat          \<Rightarrow> 64 word \<Rightarrow> nat \<Rightarrow> 'a)                                 \<Rightarrow> 'a         \<Rightarrow> capability \<Rightarrow> 'a
Structures_H.capability.capZombieNumber	ExecSpec.Structures_H	capability \<Rightarrow> nat
Structures_H.capability.capEPCanReceive	ExecSpec.Structures_H	capability \<Rightarrow> bool
Structures_H.capability.NotificationCap	ExecSpec.Structures_H	64 word \<Rightarrow> 64 word               \<Rightarrow> bool \<Rightarrow> bool \<Rightarrow> capability
Structures_H.blockingIPCCanGrant_update	ExecSpec.Structures_H	(bool \<Rightarrow> bool) \<Rightarrow> thread_state \<Rightarrow> thread_state
PSpaceStorable_H.pre_storable.projectKO	ExecSpec.PSpaceStorable_H	(kernel_object \<Rightarrow> 'a option) \<Rightarrow> kernel_object               \<Rightarrow> (global.kernel_state, 'a) nondet_monad
MachineTypes.machine_state.device_state	ExecSpec.MachineTypes	'z RISCV64.machine_state_scheme \<Rightarrow> 64 word \<Rightarrow> 8 word option
MachineTypes.RISCV64.init_machine_state	ExecSpec.MachineTypes	machine_state
Kernel_Config.CONFIG_VERIFICATION_BUILD	ExecSpec.Kernel_Config	bool
KernelStateData_H.kernel_state.truncate	ExecSpec.KernelStateData_H	'z kernel_state_scheme \<Rightarrow> global.kernel_state
KernelStateData_H.kernel_state.ksPSpace	ExecSpec.KernelStateData_H	'z kernel_state_scheme \<Rightarrow> 64 word \<Rightarrow> kernel_object option
KernelStateData_H.kernel_state.gsCNodes	ExecSpec.KernelStateData_H	'z kernel_state_scheme \<Rightarrow> 64 word \<Rightarrow> nat option
KernelInitMonad_H.init_data.more_update	ExecSpec.KernelInitMonad_H	('z \<Rightarrow> 'z) \<Rightarrow> 'z init_data_scheme \<Rightarrow> 'z init_data_scheme
Invocations_H.untyped_invocation.Retype	ExecSpec.Invocations_H	64 word \<Rightarrow> bool               \<Rightarrow> 64 word                             \<Rightarrow> 64 word     \<Rightarrow> object_type                   \<Rightarrow> nat                                 \<Rightarrow> 64 word list         \<Rightarrow> bool \<Rightarrow> untyped_invocation
Invocations_H.tcbinvocation.setFlagsTCB	ExecSpec.Invocations_H	tcbinvocation \<Rightarrow> 64 word
Invocations_H.tcbinvocation.setFlagsSet	ExecSpec.Invocations_H	tcbinvocation \<Rightarrow> 64 word
Invocations_H.tcbinvocation.is_SetFlags	ExecSpec.Invocations_H	tcbinvocation \<Rightarrow> bool
Invocations_H.retypeResetUntyped_update	ExecSpec.Invocations_H	(bool \<Rightarrow> bool) \<Rightarrow> untyped_invocation \<Rightarrow> untyped_invocation
Invocations_H.invocation.rec_invocation	ExecSpec.Invocations_H	(untyped_invocation \<Rightarrow> 'a) \<Rightarrow> (64 word                \<Rightarrow> 64 word                              \<Rightarrow> bool      \<Rightarrow> bool \<Rightarrow> 'a)               \<Rightarrow> (64 word \<Rightarrow> 64 word \<Rightarrow> 'a)                             \<Rightarrow> (64 word      \<Rightarrow> 64 word \<Rightarrow> bool \<Rightarrow> 'a)     \<Rightarrow> (domain_invocation \<Rightarrow> 'a)                   \<Rightarrow> (tcbinvocation \<Rightarrow> 'a)                                 \<Rightarrow> (cnode_invocation          \<Rightarrow> 'a)         \<Rightarrow> (irqcontrol_invocation \<Rightarrow> 'a)                       \<Rightarrow> (irqhandler_invocation \<Rightarrow> 'a)                                     \<Rightarrow> (Arch.invocation              \<Rightarrow> 'a)             \<Rightarrow> global.invocation \<Rightarrow> 'a
Invocations_H.invocation.mor_invocation	ExecSpec.Invocations_H	'a set \<Rightarrow> (invocation_pre_invocation \<Rightarrow> 'a)               \<Rightarrow> 'b set                             \<Rightarrow> (invocation_pre_invocation      \<Rightarrow> 'b)     \<Rightarrow> ('a \<Rightarrow> 'b) \<Rightarrow> bool
Invocations_H.invocation.alg_invocation	ExecSpec.Invocations_H	'a set \<Rightarrow> (invocation_pre_invocation \<Rightarrow> 'a)               \<Rightarrow> bool
Invocations_H.invocation.Rep_invocation	ExecSpec.Invocations_H	global.invocation \<Rightarrow> invocation.invocation_IITN_invocation               \<Rightarrow> (nat + invocation_pre_invocation) set                             \<Rightarrow> bool
Invocations_H.invocation.InvokeEndpoint	ExecSpec.Invocations_H	64 word \<Rightarrow> 64 word               \<Rightarrow> bool                             \<Rightarrow> bool     \<Rightarrow> global.invocation
Invocations_H.invocation.Abs_invocation	ExecSpec.Invocations_H	(invocation.invocation_IITN_invocation  \<Rightarrow> (nat + invocation_pre_invocation) set \<Rightarrow> bool) \<Rightarrow> global.invocation
Invocations_H.cnode_invocation.moveCap2	ExecSpec.Invocations_H	cnode_invocation \<Rightarrow> capability
Invocations_H.cnode_invocation.moveCap1	ExecSpec.Invocations_H	cnode_invocation \<Rightarrow> capability
Invocations_H.NotificationControl_trans	ExecSpec.Invocations_H	64 word \<Rightarrow> 64 word option \<Rightarrow> tcbinvocation
Hardware_H.RISCV64_H.VMAttributes_trans	ExecSpec.Hardware_H	bool \<Rightarrow> bool
Hardware_H.RISCV64_H.PageTablePTE_trans	ExecSpec.Hardware_H	64 word \<Rightarrow> bool \<Rightarrow> RISCV64_H.pte
Fault_H.syscall_error.rec_syscall_error	ExecSpec.Fault_H	'a \<Rightarrow> (nat \<Rightarrow> 'a)                  \<Rightarrow> 'a \<Rightarrow> 'a           \<Rightarrow> (64 word \<Rightarrow> 64 word \<Rightarrow> 'a)                         \<Rightarrow> (bool  \<Rightarrow> lookup_failure \<Rightarrow> 'a) \<Rightarrow> (nat \<Rightarrow> 'a)               \<Rightarrow> 'a \<Rightarrow> (64 word \<Rightarrow> 'a)        \<Rightarrow> 'a \<Rightarrow> syscall_error \<Rightarrow> 'a
Fault_H.syscall_error.mor_syscall_error	ExecSpec.Fault_H	'a set \<Rightarrow> (syscall_error_pre_syscall_error \<Rightarrow> 'a)               \<Rightarrow> 'b set                             \<Rightarrow> (syscall_error_pre_syscall_error      \<Rightarrow> 'b)     \<Rightarrow> ('a \<Rightarrow> 'b) \<Rightarrow> bool
Fault_H.syscall_error.alg_syscall_error	ExecSpec.Fault_H	'a set \<Rightarrow> (syscall_error_pre_syscall_error \<Rightarrow> 'a)               \<Rightarrow> bool
Fault_H.syscall_error.Rep_syscall_error	ExecSpec.Fault_H	syscall_error \<Rightarrow> syscall_error.syscall_error_IITN_syscall_error               \<Rightarrow> (nat + syscall_error_pre_syscall_error) set                             \<Rightarrow> bool
Fault_H.syscall_error.InvalidCapability	ExecSpec.Fault_H	nat \<Rightarrow> syscall_error
Fault_H.syscall_error.Abs_syscall_error	ExecSpec.Fault_H	(syscall_error.syscall_error_IITN_syscall_error  \<Rightarrow> (nat + syscall_error_pre_syscall_error) set                \<Rightarrow> bool) \<Rightarrow> syscall_error
Fault_H.lookup_failure.is_GuardMismatch	ExecSpec.Fault_H	lookup_failure \<Rightarrow> bool
Fault_H.lookup_failure.is_DepthMismatch	ExecSpec.Fault_H	lookup_failure \<Rightarrow> bool
ArchVSpaceDecls_H.RISCV64_H.ptSlotIndex	ExecSpec.ArchVSpaceDecls_H	nat \<Rightarrow> 64 word \<Rightarrow> 64 word \<Rightarrow> 64 word
ArchVSpaceDecls_H.RISCV64_H.makeUserPTE	ExecSpec.ArchVSpaceDecls_H	64 word \<Rightarrow> bool \<Rightarrow> vmrights \<Rightarrow> RISCV64_H.pte
ArchTCB_H.RISCV64_H.postModifyRegisters	ExecSpec.ArchTCB_H	64 word \<Rightarrow> 64 word \<Rightarrow> (user_context, unit) nondet_monad
ArchStructures_H.RISCV64_H.asidHighBits	ExecSpec.ArchStructures_H	nat
ArchRetypeDecls_H.RISCV64_H.isPageUnmap	ExecSpec.ArchRetypeDecls_H	RISCV64_H.page_invocation \<Rightarrow> bool
ArchRetypeDecls_H.RISCV64_H.finaliseCap	ExecSpec.ArchRetypeDecls_H	arch_capability \<Rightarrow> bool               \<Rightarrow> (global.kernel_state,                              capability \<times> capability) nondet_monad
ArchInterruptDecls_H.RISCV64_H.checkIRQ	ExecSpec.ArchInterruptDecls_H	64 word \<Rightarrow> (global.kernel_state, syscall_error + unit) nondet_monad
ArchDomain_H.RISCV64_H.prepareSetDomain	ExecSpec.ArchDomain_H	64 word \<Rightarrow> 8 word \<Rightarrow> (global.kernel_state, unit) nondet_monad
Types_H.message_info.size_message_info	ExecSpec.Types_H	message_info \<Rightarrow> nat
Types_H.message_info.dtor_message_info	ExecSpec.Types_H	message_info \<Rightarrow> message_info_pre_message_info
Types_H.message_info.ctor_message_info	ExecSpec.Types_H	message_info_pre_message_info \<Rightarrow> message_info
Types_H.message_info.case_message_info	ExecSpec.Types_H	(64 word  \<Rightarrow> 64 word                \<Rightarrow> 64 word \<Rightarrow> 64 word \<Rightarrow> 'a) \<Rightarrow> message_info \<Rightarrow> 'a
Types_H.cap_transfer.size_cap_transfer	ExecSpec.Types_H	cap_transfer \<Rightarrow> nat
Types_H.cap_transfer.dtor_cap_transfer	ExecSpec.Types_H	cap_transfer \<Rightarrow> cap_transfer_pre_cap_transfer
Types_H.cap_transfer.ctor_cap_transfer	ExecSpec.Types_H	cap_transfer_pre_cap_transfer \<Rightarrow> cap_transfer
Types_H.cap_transfer.case_cap_transfer	ExecSpec.Types_H	(64 word \<Rightarrow> 64 word \<Rightarrow> nat \<Rightarrow> 'a) \<Rightarrow> cap_transfer \<Rightarrow> 'a
Types_H.cap_rights.str_init_cap_rights	ExecSpec.Types_H	cap_rights_pre_cap_rights \<Rightarrow> cap_rights.cap_rights_IITN_cap_rights               \<Rightarrow> (nat + cap_rights_pre_cap_rights) set                             \<Rightarrow> bool
Types_H.cap_rights.ctor_rec_cap_rights	ExecSpec.Types_H	(cap_rights_pre_cap_rights \<Rightarrow> 'a) \<Rightarrow> cap_rights \<Rightarrow> 'a
Types_H.biframe_data.size_biframe_data	ExecSpec.Types_H	biframe_data \<Rightarrow> nat
Types_H.biframe_data.dtor_biframe_data	ExecSpec.Types_H	biframe_data \<Rightarrow> biframe_data_pre_biframe_data
Types_H.biframe_data.ctor_biframe_data	ExecSpec.Types_H	biframe_data_pre_biframe_data \<Rightarrow> biframe_data
Types_H.biframe_data.case_biframe_data	ExecSpec.Types_H	(32 word  \<Rightarrow> 32 word                \<Rightarrow> 32 word                              \<Rightarrow> 64 word      \<Rightarrow> 64 word list                    \<Rightarrow> 64 word list                                  \<Rightarrow> 64 word list          \<Rightarrow> 64 word list                        \<Rightarrow> 64 word list                                      \<Rightarrow> 64 word list              \<Rightarrow> 64 word list                            \<Rightarrow> 8 word list    \<Rightarrow> bool list                  \<Rightarrow> 8 word                                \<Rightarrow> 32 word        \<Rightarrow> bidevice_region list \<Rightarrow> 'a) \<Rightarrow> biframe_data \<Rightarrow> 'a
Types_H.biframe_data.bifUntypedObjCaps	ExecSpec.Types_H	biframe_data \<Rightarrow> 64 word list
Types_H.bidevice_region.BIDeviceRegion	ExecSpec.Types_H	64 word \<Rightarrow> 32 word               \<Rightarrow> 64 word \<times> 64 word                             \<Rightarrow> bidevice_region
Structures_H.zombie_type.zombieCTEBits	ExecSpec.Structures_H	zombie_type \<Rightarrow> nat
Structures_H.notification.ntfnBoundTCB	ExecSpec.Structures_H	notification \<Rightarrow> 64 word option
Structures_H.mdbnode.ctor_fold_mdbnode	ExecSpec.Structures_H	(mdbnode_pre_mdbnode \<Rightarrow> 'a) \<Rightarrow> mdbnode \<Rightarrow> 'a
Structures_H.irqstate.min_alg_irqstate	ExecSpec.Structures_H	(irqstate_pre_irqstate \<Rightarrow> 'a) \<Rightarrow> 'a set
Structures_H.endpoint.min_alg_endpoint	ExecSpec.Structures_H	(endpoint_pre_endpoint \<Rightarrow> 'a) \<Rightarrow> 'a set
Structures_H.capability.rec_capability	ExecSpec.Structures_H	(64 word \<Rightarrow> 'a) \<Rightarrow> 'a \<Rightarrow> (64 word                                 \<Rightarrow> 64 word         \<Rightarrow> bool \<Rightarrow> bool \<Rightarrow> 'a)                                \<Rightarrow> (6 word \<Rightarrow> 'a)        \<Rightarrow> (64 word                       \<Rightarrow> 64 word                                     \<Rightarrow> bool             \<Rightarrow> bool                           \<Rightarrow> bool   \<Rightarrow> bool \<Rightarrow> 'a)                      \<Rightarrow> 'a \<Rightarrow> (64 word                \<Rightarrow> zombie_type \<Rightarrow> nat \<Rightarrow> 'a)               \<Rightarrow> (arch_capability \<Rightarrow> 'a)                             \<Rightarrow> (64 word      \<Rightarrow> bool \<Rightarrow> bool \<Rightarrow> 'a)     \<Rightarrow> (bool                    \<Rightarrow> 64 word                                  \<Rightarrow> nat          \<Rightarrow> nat \<Rightarrow> 'a)                   \<Rightarrow> (64 word                                  \<Rightarrow> nat          \<Rightarrow> 64 word \<Rightarrow> nat \<Rightarrow> 'a)                                 \<Rightarrow> 'a         \<Rightarrow> capability \<Rightarrow> 'a
Structures_H.capability.mor_capability	ExecSpec.Structures_H	'a set \<Rightarrow> (capability_pre_capability \<Rightarrow> 'a)               \<Rightarrow> 'b set                             \<Rightarrow> (capability_pre_capability      \<Rightarrow> 'b)     \<Rightarrow> ('a \<Rightarrow> 'b) \<Rightarrow> bool
Structures_H.capability.is_EndpointCap	ExecSpec.Structures_H	capability \<Rightarrow> bool
Structures_H.capability.capReplyMaster	ExecSpec.Structures_H	capability \<Rightarrow> bool
Structures_H.capability.capNtfnCanSend	ExecSpec.Structures_H	capability \<Rightarrow> bool
Structures_H.capability.alg_capability	ExecSpec.Structures_H	'a set \<Rightarrow> (capability_pre_capability \<Rightarrow> 'a)               \<Rightarrow> bool
Structures_H.capability.Rep_capability	ExecSpec.Structures_H	capability \<Rightarrow> capability.capability_IITN_capability               \<Rightarrow> (nat + capability_pre_capability) set                             \<Rightarrow> bool
Structures_H.capability.Abs_capability	ExecSpec.Structures_H	(capability.capability_IITN_capability  \<Rightarrow> (nat + capability_pre_capability) set \<Rightarrow> bool) \<Rightarrow> capability
Structures_H.capEPCanGrantReply_update	ExecSpec.Structures_H	(bool \<Rightarrow> bool) \<Rightarrow> capability \<Rightarrow> capability
PSpaceStorable_H.pspace_storable_class	ExecSpec.PSpaceStorable_H	'a itself \<Rightarrow> prop
PSpaceStorable_H.class.pspace_storable	ExecSpec.PSpaceStorable_H	('a \<Rightarrow> kernel_object) \<Rightarrow> (kernel_object \<Rightarrow> 'a option)               \<Rightarrow> ('a itself \<Rightarrow> kernel_object_type)                             \<Rightarrow> ('a      \<Rightarrow> kernel_object                    \<Rightarrow> 64 word                                  \<Rightarrow> 64 word          \<Rightarrow> 64 word option                        \<Rightarrow> (global.kernel_state, kernel_object) nondet_monad)     \<Rightarrow> bool
NotificationDecls_H.unbindNotification	ExecSpec.NotificationDecls_H	64 word \<Rightarrow> (global.kernel_state, unit) nondet_monad
MachineTypes.machine_state.more_update	ExecSpec.MachineTypes	('z \<Rightarrow> 'z) \<Rightarrow> 'z RISCV64.machine_state_scheme               \<Rightarrow> 'z RISCV64.machine_state_scheme
MachineTypes.RISCV64.ptTranslationBits	ExecSpec.MachineTypes	nat
MachineOps.RISCV64.plic_complete_claim	ExecSpec.MachineOps	6 word \<Rightarrow> unit machine_monad
MachineOps.RISCV64.configureTimer_impl	ExecSpec.MachineOps	(machine_state_rest, unit) nondet_monad
Kernel_Config.CONFIG_KERNEL_STACK_BITS	ExecSpec.Kernel_Config	nat
Invocations_H.tcbinvocation.tcNewVRoot	ExecSpec.Invocations_H	tcbinvocation \<Rightarrow> (capability \<times> 64 word) option
Invocations_H.tcbinvocation.tcNewCRoot	ExecSpec.Invocations_H	tcbinvocation \<Rightarrow> (capability \<times> 64 word) option
Invocations_H.tcbinvocation.is_Suspend	ExecSpec.Invocations_H	tcbinvocation \<Rightarrow> bool
Invocations_H.tcbinvocation.SetTLSBase	ExecSpec.Invocations_H	64 word \<Rightarrow> 64 word \<Rightarrow> tcbinvocation
Invocations_H.setTLSBaseNewBase_update	ExecSpec.Invocations_H	(64 word \<Rightarrow> 64 word) \<Rightarrow> tcbinvocation \<Rightarrow> tcbinvocation
Invocations_H.setIRQHandlerSlot_update	ExecSpec.Invocations_H	(64 word \<Rightarrow> 64 word) \<Rightarrow> irqhandler_invocation \<Rightarrow> irqhandler_invocation
Invocations_H.retypeNewSizeBits_update	ExecSpec.Invocations_H	(nat \<Rightarrow> nat) \<Rightarrow> untyped_invocation \<Rightarrow> untyped_invocation
Invocations_H.random_aux_tcbinvocation	ExecSpec.Invocations_H	natural \<Rightarrow> natural               \<Rightarrow> natural \<times> natural                             \<Rightarrow> (tcbinvocation \<times>      (unit \<Rightarrow> term)) \<times>     natural \<times> natural
Invocations_H.invocation.InvokeUntyped	ExecSpec.Invocations_H	untyped_invocation \<Rightarrow> global.invocation
Invocations_H.cnode_invocation.moveCap	ExecSpec.Invocations_H	cnode_invocation \<Rightarrow> capability
Invocations_H.cnode_invocation.is_Move	ExecSpec.Invocations_H	cnode_invocation \<Rightarrow> bool
Hardware_H.RISCV64_H.riscvExecuteNever	ExecSpec.Hardware_H	bool \<Rightarrow> bool
Hardware_H.RISCV64_H.pteExecute_update	ExecSpec.Hardware_H	(bool \<Rightarrow> bool) \<Rightarrow> RISCV64_H.pte \<Rightarrow> RISCV64_H.pte
Hardware_H.RISCV64_H.pte.ctor_fold_pte	ExecSpec.Hardware_H	(RISCV64_H.pte_pre_pte \<Rightarrow> 'a) \<Rightarrow> RISCV64_H.pte \<Rightarrow> 'a
Hardware_H.RISCV64_H.initIRQController	ExecSpec.Hardware_H	unit machine_monad
Fault_H.syscall_error.invalidCapNumber	ExecSpec.Fault_H	syscall_error \<Rightarrow> nat
Fault_H.syscall_error.TruncatedMessage	ExecSpec.Fault_H	syscall_error
Fault_H.syscall_error.IllegalOperation	ExecSpec.Fault_H	syscall_error
Fault_H.random_fault_inst.random_fault	ExecSpec.Fault_H	natural \<Rightarrow> natural \<times> natural               \<Rightarrow> (fault \<times>                              (unit \<Rightarrow> term)) \<times>                             natural \<times> natural
Fault_H.pre_fault.fault.pred_pre_fault	ExecSpec.Fault_H	('a \<Rightarrow> bool) \<Rightarrow> fault_pre_fault \<Rightarrow> bool
Fault_H.init_failure.size_init_failure	ExecSpec.Fault_H	init_failure \<Rightarrow> nat
Fault_H.init_failure.dtor_init_failure	ExecSpec.Fault_H	init_failure \<Rightarrow> unit
Fault_H.init_failure.ctor_init_failure	ExecSpec.Fault_H	unit \<Rightarrow> init_failure
Fault_H.init_failure.case_init_failure	ExecSpec.Fault_H	'a \<Rightarrow> init_failure \<Rightarrow> 'a
Fault_H.guardMismatchGuardFound_update	ExecSpec.Fault_H	(64 word \<Rightarrow> 64 word) \<Rightarrow> lookup_failure \<Rightarrow> lookup_failure
Fault_H.failedLookupDescription_update	ExecSpec.Fault_H	(lookup_failure \<Rightarrow> lookup_failure) \<Rightarrow> syscall_error \<Rightarrow> syscall_error
Event_H.size_syscall_inst.size_syscall	ExecSpec.Event_H	syscall \<Rightarrow> nat
Event_H.random_event_inst.random_event	ExecSpec.Event_H	natural \<Rightarrow> natural \<times> natural               \<Rightarrow> (event \<times>                              (unit \<Rightarrow> term)) \<times>                             natural \<times> natural
Event_H.pre_event.event.pred_pre_event	ExecSpec.Event_H	('a \<Rightarrow> bool) \<Rightarrow> event_pre_event \<Rightarrow> bool
ArchVSpaceDecls_H.RISCV64_H.pteAtIndex	ExecSpec.ArchVSpaceDecls_H	nat \<Rightarrow> 64 word               \<Rightarrow> 64 word                             \<Rightarrow> (global.kernel_state,      RISCV64_H.pte) nondet_monad
ArchVSpaceDecls_H.RISCV64_H.ptBitsLeft	ExecSpec.ArchVSpaceDecls_H	nat \<Rightarrow> nat
ArchVSpaceDecls_H.RISCV64_H.deleteASID	ExecSpec.ArchVSpaceDecls_H	64 word \<Rightarrow> 64 word \<Rightarrow> (global.kernel_state, unit) nondet_monad
ArchTypes_H.RISCV64_H.tcbBlockSizeBits	ExecSpec.ArchTypes_H	nat
ArchTypes_H.RISCV64_H.apiGetObjectSize	ExecSpec.ArchTypes_H	apiobject_type \<Rightarrow> nat \<Rightarrow> nat
ArchStructures_H.RISCV64_H.asidLowBits	ExecSpec.ArchStructures_H	nat
ArchStructures_H.RISCV64_H.archObjSize	ExecSpec.ArchStructures_H	arch_kernel_object \<Rightarrow> nat
Types_H.message_info.rec_message_info	ExecSpec.Types_H	(64 word  \<Rightarrow> 64 word                \<Rightarrow> 64 word \<Rightarrow> 64 word \<Rightarrow> 'a) \<Rightarrow> message_info \<Rightarrow> 'a
Types_H.message_info.msgCapsUnwrapped	ExecSpec.Types_H	message_info \<Rightarrow> 64 word
Types_H.message_info.mor_message_info	ExecSpec.Types_H	'a set \<Rightarrow> (message_info_pre_message_info \<Rightarrow> 'a)               \<Rightarrow> 'b set                             \<Rightarrow> (message_info_pre_message_info      \<Rightarrow> 'b)     \<Rightarrow> ('a \<Rightarrow> 'b) \<Rightarrow> bool
Types_H.message_info.alg_message_info	ExecSpec.Types_H	'a set \<Rightarrow> (message_info_pre_message_info \<Rightarrow> 'a)               \<Rightarrow> bool
Types_H.message_info.Rep_message_info	ExecSpec.Types_H	message_info \<Rightarrow> message_info.message_info_IITN_message_info               \<Rightarrow> (nat + message_info_pre_message_info) set                             \<Rightarrow> bool
Types_H.message_info.Abs_message_info	ExecSpec.Types_H	(message_info.message_info_IITN_message_info  \<Rightarrow> (nat + message_info_pre_message_info) set \<Rightarrow> bool) \<Rightarrow> message_info
Types_H.init_data.ctor_fold_init_data	ExecSpec.Types_H	(init_data_pre_init_data \<Rightarrow> 'a) \<Rightarrow> Types_H.init_data \<Rightarrow> 'a
Types_H.cap_transfer.rec_cap_transfer	ExecSpec.Types_H	(64 word \<Rightarrow> 64 word \<Rightarrow> nat \<Rightarrow> 'a) \<Rightarrow> cap_transfer \<Rightarrow> 'a
Types_H.cap_transfer.mor_cap_transfer	ExecSpec.Types_H	'a set \<Rightarrow> (cap_transfer_pre_cap_transfer \<Rightarrow> 'a)               \<Rightarrow> 'b set                             \<Rightarrow> (cap_transfer_pre_cap_transfer      \<Rightarrow> 'b)     \<Rightarrow> ('a \<Rightarrow> 'b) \<Rightarrow> bool
Types_H.cap_transfer.alg_cap_transfer	ExecSpec.Types_H	'a set \<Rightarrow> (cap_transfer_pre_cap_transfer \<Rightarrow> 'a)               \<Rightarrow> bool
Types_H.cap_transfer.Rep_cap_transfer	ExecSpec.Types_H	cap_transfer \<Rightarrow> cap_transfer.cap_transfer_IITN_cap_transfer               \<Rightarrow> (nat + cap_transfer_pre_cap_transfer) set                             \<Rightarrow> bool
Types_H.cap_transfer.Abs_cap_transfer	ExecSpec.Types_H	(cap_transfer.cap_transfer_IITN_cap_transfer  \<Rightarrow> (nat + cap_transfer_pre_cap_transfer) set \<Rightarrow> bool) \<Rightarrow> cap_transfer
Types_H.cap_rights.min_alg_cap_rights	ExecSpec.Types_H	(cap_rights_pre_cap_rights \<Rightarrow> 'a) \<Rightarrow> 'a set
Types_H.cap_rights.capAllowGrantReply	ExecSpec.Types_H	cap_rights \<Rightarrow> bool
Types_H.biframe_data.rec_biframe_data	ExecSpec.Types_H	(32 word  \<Rightarrow> 32 word                \<Rightarrow> 32 word                              \<Rightarrow> 64 word      \<Rightarrow> 64 word list                    \<Rightarrow> 64 word list                                  \<Rightarrow> 64 word list          \<Rightarrow> 64 word list                        \<Rightarrow> 64 word list                                      \<Rightarrow> 64 word list              \<Rightarrow> 64 word list                            \<Rightarrow> 8 word list    \<Rightarrow> bool list                  \<Rightarrow> 8 word                                \<Rightarrow> 32 word        \<Rightarrow> bidevice_region list \<Rightarrow> 'a) \<Rightarrow> biframe_data \<Rightarrow> 'a
Types_H.biframe_data.mor_biframe_data	ExecSpec.Types_H	'a set \<Rightarrow> (biframe_data_pre_biframe_data \<Rightarrow> 'a)               \<Rightarrow> 'b set                             \<Rightarrow> (biframe_data_pre_biframe_data      \<Rightarrow> 'b)     \<Rightarrow> ('a \<Rightarrow> 'b) \<Rightarrow> bool
Types_H.biframe_data.bifNumIOPTLevels	ExecSpec.Types_H	biframe_data \<Rightarrow> 32 word
Types_H.biframe_data.bifDeviceRegions	ExecSpec.Types_H	biframe_data \<Rightarrow> bidevice_region list
Types_H.biframe_data.alg_biframe_data	ExecSpec.Types_H	'a set \<Rightarrow> (biframe_data_pre_biframe_data \<Rightarrow> 'a)               \<Rightarrow> bool
Types_H.biframe_data.Rep_biframe_data	ExecSpec.Types_H	biframe_data \<Rightarrow> biframe_data.biframe_data_IITN_biframe_data               \<Rightarrow> (nat + biframe_data_pre_biframe_data) set                             \<Rightarrow> bool
Types_H.biframe_data.Abs_biframe_data	ExecSpec.Types_H	(biframe_data.biframe_data_IITN_biframe_data  \<Rightarrow> (nat + biframe_data_pre_biframe_data) set \<Rightarrow> bool) \<Rightarrow> biframe_data
Types_H.bidevice_region.bidrFrameCaps	ExecSpec.Types_H	bidevice_region \<Rightarrow> 64 word \<times> 64 word
Types_H.bidevice_region.bidrBasePAddr	ExecSpec.Types_H	bidevice_region \<Rightarrow> 64 word
ThreadDecls_H.scheduleChooseNewThread	ExecSpec.ThreadDecls_H	(global.kernel_state, unit) nondet_monad
Structures_H.user_data.size_user_data	ExecSpec.Structures_H	user_data \<Rightarrow> nat
Structures_H.user_data.dtor_user_data	ExecSpec.Structures_H	user_data \<Rightarrow> unit
Structures_H.user_data.ctor_user_data	ExecSpec.Structures_H	unit \<Rightarrow> user_data
Structures_H.user_data.case_user_data	ExecSpec.Structures_H	'a \<Rightarrow> user_data \<Rightarrow> 'a
Structures_H.tcbIPCBufferFrame_update	ExecSpec.Structures_H	(cte \<Rightarrow> cte) \<Rightarrow> tcb \<Rightarrow> tcb
Structures_H.tcb.tcbBoundNotification	ExecSpec.Structures_H	tcb \<Rightarrow> 64 word option
Structures_H.size_ntfn_inst.size_ntfn	ExecSpec.Structures_H	ntfn \<Rightarrow> nat
Structures_H.pre_tcb.tcb.pred_pre_tcb	ExecSpec.Structures_H	('a \<Rightarrow> bool) \<Rightarrow> tcb_pre_tcb \<Rightarrow> bool
Structures_H.pre_cte.cte.pred_pre_cte	ExecSpec.Structures_H	('a \<Rightarrow> bool) \<Rightarrow> capability \<times> mdbnode \<Rightarrow> bool
Structures_H.ntfnMsgIdentifier_update	ExecSpec.Structures_H	(64 word \<Rightarrow> 64 word) \<Rightarrow> ntfn \<Rightarrow> ntfn
Structures_H.mdbnode.str_init_mdbnode	ExecSpec.Structures_H	mdbnode_pre_mdbnode \<Rightarrow> mdbnode.mdbnode_IITN_mdbnode               \<Rightarrow> (nat + mdbnode_pre_mdbnode) set                             \<Rightarrow> bool
Structures_H.mdbnode.ctor_rec_mdbnode	ExecSpec.Structures_H	(mdbnode_pre_mdbnode \<Rightarrow> 'a) \<Rightarrow> mdbnode \<Rightarrow> 'a
Structures_H.kernel_object.KOUserData	ExecSpec.Structures_H	kernel_object
Structures_H.kernel_object.KOEndpoint	ExecSpec.Structures_H	endpoint \<Rightarrow> kernel_object
Structures_H.equal_tcb_inst.equal_tcb	ExecSpec.Structures_H	tcb \<Rightarrow> tcb \<Rightarrow> bool
Structures_H.equal_cte_inst.equal_cte	ExecSpec.Structures_H	cte \<Rightarrow> cte \<Rightarrow> bool
Structures_H.capability.is_UntypedCap	ExecSpec.Structures_H	capability \<Rightarrow> bool
Structures_H.capability.capZombieType	ExecSpec.Structures_H	capability \<Rightarrow> zombie_type
Structures_H.capability.capEPCanGrant	ExecSpec.Structures_H	capability \<Rightarrow> bool
Structures_H.capability.capCNodeGuard	ExecSpec.Structures_H	capability \<Rightarrow> 64 word
Structures_H.capability.IRQHandlerCap	ExecSpec.Structures_H	6 word \<Rightarrow> capability
Structures_H.capability.IRQControlCap	ExecSpec.Structures_H	capability
Structures_H.capability.ArchObjectCap	ExecSpec.Structures_H	arch_capability \<Rightarrow> capability
Structures_H.capNtfnCanReceive_update	ExecSpec.Structures_H	(bool \<Rightarrow> bool) \<Rightarrow> capability \<Rightarrow> capability
Structures_H.capCNodeGuardSize_update	ExecSpec.Structures_H	(nat \<Rightarrow> nat) \<Rightarrow> capability \<Rightarrow> capability
Structures_H.blockingIPCIsCall_update	ExecSpec.Structures_H	(bool \<Rightarrow> bool) \<Rightarrow> thread_state \<Rightarrow> thread_state
Structs_B.tcb_flag.ctor_fold_tcb_flag	ExecSpec.Structs_B	(unit \<Rightarrow> 'a) \<Rightarrow> tcb_flag \<Rightarrow> 'a
PSpaceStorable_H.pre_storable.objBits	ExecSpec.PSpaceStorable_H	('a \<Rightarrow> kernel_object) \<Rightarrow> 'a \<Rightarrow> nat
MachineTypes.RISCV64.register.SSTATUS	ExecSpec.MachineTypes	register
MachineTypes.RISCV64.register.FaultIP	ExecSpec.MachineTypes	register
MachineTypes.RISCV64.exceptionMessage	ExecSpec.MachineTypes	register list
MachineOps.RISCV64.setVSpaceRoot_impl	ExecSpec.MachineOps	64 word \<Rightarrow> 64 word \<Rightarrow> (machine_state_rest, unit) nondet_monad
MachineOps.RISCV64.setIRQTrigger_impl	ExecSpec.MachineOps	6 word \<Rightarrow> bool \<Rightarrow> (machine_state_rest, unit) nondet_monad
MachineOps.RISCV64.configureTimer_val	ExecSpec.MachineOps	machine_state \<Rightarrow> 6 word
KernelStateData_H.kernel_state.fields	ExecSpec.KernelStateData_H	(64 word \<Rightarrow> kernel_object option) \<Rightarrow> (64 word \<Rightarrow> vmpage_size option)               \<Rightarrow> (64 word \<Rightarrow> nat option)                             \<Rightarrow> (64 word \<times> 64 word) set     \<Rightarrow> nat                   \<Rightarrow> nat                                 \<Rightarrow> nat         \<Rightarrow> (8 word \<times> 64 word) list                       \<Rightarrow> 8 word                                     \<Rightarrow> 64 word             \<Rightarrow> (8 word \<times> 8 word                            \<Rightarrow> 64 word head_end_ptrs)                           \<Rightarrow> (8 word \<Rightarrow> 64 word)   \<Rightarrow> (8 word \<times> nat \<Rightarrow> 64 word)                 \<Rightarrow> 64 word                               \<Rightarrow> 64 word       \<Rightarrow> scheduler_action                     \<Rightarrow> interrupt_state                                   \<Rightarrow> 64 word           \<Rightarrow> Arch.kernel_state                         \<Rightarrow> machine_state \<Rightarrow> global.kernel_state
KernelStateData_H.kernel_state.extend	ExecSpec.KernelStateData_H	global.kernel_state \<Rightarrow> 'z \<Rightarrow> 'z kernel_state_scheme
KernelStateData_H.idleThreadNotQueued	ExecSpec.KernelStateData_H	global.kernel_state \<Rightarrow> bool
Invocations_H.tcbinvocation.is_Resume	ExecSpec.Invocations_H	tcbinvocation \<Rightarrow> bool
Invocations_H.setIRQHandlerCap_update	ExecSpec.Invocations_H	(capability \<Rightarrow> capability) \<Rightarrow> irqhandler_invocation \<Rightarrow> irqhandler_invocation
Invocations_H.retypeRegionBase_update	ExecSpec.Invocations_H	(64 word \<Rightarrow> 64 word) \<Rightarrow> untyped_invocation \<Rightarrow> untyped_invocation
Invocations_H.issueHandlerSlot_update	ExecSpec.Invocations_H	(64 word \<Rightarrow> 64 word) \<Rightarrow> irqcontrol_invocation \<Rightarrow> irqcontrol_invocation
Invocations_H.invocation.InvokeDomain	ExecSpec.Invocations_H	domain_invocation \<Rightarrow> global.invocation
Invocations_H.cnode_invocation.Rotate	ExecSpec.Invocations_H	capability \<Rightarrow> capability               \<Rightarrow> 64 word                             \<Rightarrow> 64 word     \<Rightarrow> 64 word \<Rightarrow> cnode_invocation
Invocations_H.cnode_invocation.Revoke	ExecSpec.Invocations_H	64 word \<Rightarrow> cnode_invocation
Invocations_H.cnode_invocation.Insert	ExecSpec.Invocations_H	capability \<Rightarrow> 64 word \<Rightarrow> 64 word \<Rightarrow> cnode_invocation
Invocations_H.cnode_invocation.Delete	ExecSpec.Invocations_H	64 word \<Rightarrow> cnode_invocation
Invocations_H.CancelBadgedSends_trans	ExecSpec.Invocations_H	capability \<Rightarrow> cnode_invocation
InterruptDecls_H.maybeHandleInterrupt	ExecSpec.InterruptDecls_H	bool \<Rightarrow> (global.kernel_state, unit) nondet_monad
Hardware_H.RISCV64_H.vmRightsFromBits	ExecSpec.Hardware_H	64 word \<Rightarrow> vmrights
Hardware_H.RISCV64_H.pteRights_update	ExecSpec.Hardware_H	(vmrights \<Rightarrow> vmrights) \<Rightarrow> RISCV64_H.pte \<Rightarrow> RISCV64_H.pte
Hardware_H.RISCV64_H.pteGlobal_update	ExecSpec.Hardware_H	(bool \<Rightarrow> bool) \<Rightarrow> RISCV64_H.pte \<Rightarrow> RISCV64_H.pte
Hardware_H.RISCV64_H.pte.str_init_pte	ExecSpec.Hardware_H	RISCV64_H.pte_pre_pte \<Rightarrow> RISCV64_H.pte.pte_IITN_pte               \<Rightarrow> (nat + RISCV64_H.pte_pre_pte) set                             \<Rightarrow> bool
Hardware_H.RISCV64_H.pte.ctor_rec_pte	ExecSpec.Hardware_H	(RISCV64_H.pte_pre_pte \<Rightarrow> 'a) \<Rightarrow> RISCV64_H.pte \<Rightarrow> 'a
Hardware_H.RISCV64_H.pte.PageTablePTE	ExecSpec.Hardware_H	64 word \<Rightarrow> bool \<Rightarrow> RISCV64_H.pte
Fault_H.userExceptionErrorCode_update	ExecSpec.Fault_H	(64 word \<Rightarrow> 64 word) \<Rightarrow> fault \<Rightarrow> fault
Fault_H.syscall_error.is_FailedLookup	ExecSpec.Fault_H	syscall_error \<Rightarrow> bool
Fault_H.syscall_error.NotEnoughMemory	ExecSpec.Fault_H	64 word \<Rightarrow> syscall_error
Fault_H.syscall_error.InvalidArgument	ExecSpec.Fault_H	nat \<Rightarrow> syscall_error
Fault_H.pre_fault.fault.wit_pre_fault	ExecSpec.Fault_H	fault_pre_fault
Fault_H.pre_fault.fault.set_pre_fault	ExecSpec.Fault_H	fault_pre_fault \<Rightarrow> 'a set
Fault_H.pre_fault.fault.rel_pre_fault	ExecSpec.Fault_H	('a \<Rightarrow> 'b \<Rightarrow> bool) \<Rightarrow> fault_pre_fault               \<Rightarrow> fault_pre_fault \<Rightarrow> bool
Fault_H.pre_fault.fault.map_pre_fault	ExecSpec.Fault_H	('a \<Rightarrow> 'b) \<Rightarrow> fault_pre_fault \<Rightarrow> fault_pre_fault
Fault_H.init_failure.rec_init_failure	ExecSpec.Fault_H	'a \<Rightarrow> init_failure \<Rightarrow> 'a
Fault_H.init_failure.mor_init_failure	ExecSpec.Fault_H	'a set \<Rightarrow> (unit \<Rightarrow> 'a)               \<Rightarrow> 'b set                             \<Rightarrow> (unit \<Rightarrow> 'b)     \<Rightarrow> ('a \<Rightarrow> 'b) \<Rightarrow> bool
Fault_H.init_failure.alg_init_failure	ExecSpec.Fault_H	'a set \<Rightarrow> (unit \<Rightarrow> 'a) \<Rightarrow> bool
Fault_H.init_failure.Rep_init_failure	ExecSpec.Fault_H	init_failure \<Rightarrow> init_failure.init_failure_IITN_init_failure               \<Rightarrow> (nat + unit) set \<Rightarrow> bool
Fault_H.init_failure.Abs_init_failure	ExecSpec.Fault_H	(init_failure.init_failure_IITN_init_failure  \<Rightarrow> (nat + unit) set \<Rightarrow> bool) \<Rightarrow> init_failure
Fault_H.guardMismatchGuardSize_update	ExecSpec.Fault_H	(nat \<Rightarrow> nat) \<Rightarrow> lookup_failure \<Rightarrow> lookup_failure
Fault_H.fault.UnknownSyscallException	ExecSpec.Fault_H	64 word \<Rightarrow> fault
Fault_H.depthMismatchBitsFound_update	ExecSpec.Fault_H	(nat \<Rightarrow> nat) \<Rightarrow> lookup_failure \<Rightarrow> lookup_failure
Fault_H.capFaultInReceivePhase_update	ExecSpec.Fault_H	(bool \<Rightarrow> bool) \<Rightarrow> fault \<Rightarrow> fault
Fault_H.UnknownSyscallException_trans	ExecSpec.Fault_H	64 word \<Rightarrow> fault
FaultHandlerDecls_H.handleDoubleFault	ExecSpec.FaultHandlerDecls_H	64 word \<Rightarrow> fault               \<Rightarrow> fault                             \<Rightarrow> (global.kernel_state,      unit) nondet_monad
Event_H.pre_event.event.wit_pre_event	ExecSpec.Event_H	event_pre_event
Event_H.pre_event.event.set_pre_event	ExecSpec.Event_H	event_pre_event \<Rightarrow> 'a set
Event_H.pre_event.event.rel_pre_event	ExecSpec.Event_H	('a \<Rightarrow> 'b \<Rightarrow> bool) \<Rightarrow> event_pre_event               \<Rightarrow> event_pre_event \<Rightarrow> bool
Event_H.pre_event.event.map_pre_event	ExecSpec.Event_H	('a \<Rightarrow> 'b) \<Rightarrow> event_pre_event \<Rightarrow> event_pre_event
Arch_Structs_B.RISCV64_H.parseTimeArg	ExecSpec.Arch_Structs_B	nat \<Rightarrow> 64 word list \<Rightarrow> 64 word
ArchVSpaceDecls_H.RISCV64_H.unmapPage	ExecSpec.ArchVSpaceDecls_H	vmpage_size \<Rightarrow> 64 word               \<Rightarrow> 64 word                             \<Rightarrow> 64 word     \<Rightarrow> (global.kernel_state, unit) nondet_monad
ArchVSpaceDecls_H.RISCV64_H.setVMRoot	ExecSpec.ArchVSpaceDecls_H	64 word \<Rightarrow> (global.kernel_state, unit) nondet_monad
ArchVSpaceDecls_H.RISCV64_H.checkSlot	ExecSpec.ArchVSpaceDecls_H	64 word \<Rightarrow> (RISCV64_H.pte \<Rightarrow> bool)               \<Rightarrow> (global.kernel_state,                              syscall_error + unit) nondet_monad
ArchVSpaceDecls_H.RISCV64_H.checkPTAt	ExecSpec.ArchVSpaceDecls_H	64 word \<Rightarrow> (global.kernel_state, unit) nondet_monad
ArchTypes_H.random_aux_apiobject_type	ExecSpec.ArchTypes_H	natural \<Rightarrow> natural               \<Rightarrow> natural \<times> natural                             \<Rightarrow> (apiobject_type \<times>      (unit \<Rightarrow> term)) \<times>     natural \<times> natural
ArchStructures_H.RISCV64_H.newArchTCB	ExecSpec.ArchStructures_H	arch_tcb
ArchStructures_H.RISCV64_H.isFrameCap	ExecSpec.ArchStructures_H	arch_capability \<Rightarrow> bool
ArchStructures_H.RISCV64_H.archTypeOf	ExecSpec.ArchStructures_H	arch_kernel_object \<Rightarrow> arch_kernel_object_type
ArchStructures_H.RISCV64_H.ASID_trans	ExecSpec.ArchStructures_H	64 word \<Rightarrow> 64 word
ArchRetypeDecls_H.RISCV64_H.isPageMap	ExecSpec.ArchRetypeDecls_H	RISCV64_H.page_invocation \<Rightarrow> bool
ArchRetypeDecls_H.RISCV64_H.deriveCap	ExecSpec.ArchRetypeDecls_H	64 word \<Rightarrow> arch_capability               \<Rightarrow> (global.kernel_state,                              syscall_error + capability) nondet_monad
Types_H.init_data.str_init_init_data	ExecSpec.Types_H	init_data_pre_init_data \<Rightarrow> init_data.init_data_IITN_init_data               \<Rightarrow> (nat + init_data_pre_init_data) set                             \<Rightarrow> bool
Types_H.init_data.ctor_rec_init_data	ExecSpec.Types_H	(init_data_pre_init_data \<Rightarrow> 'a) \<Rightarrow> Types_H.init_data \<Rightarrow> 'a
Types_H.bifUntypedObjSizeBits_update	ExecSpec.Types_H	(8 word list \<Rightarrow> 8 word list) \<Rightarrow> biframe_data \<Rightarrow> biframe_data
ThreadDecls_H.getReadyQueuesL2Bitmap	ExecSpec.ThreadDecls_H	8 word \<Rightarrow> nat \<Rightarrow> (global.kernel_state, 64 word) nondet_monad
ThreadDecls_H.getReadyQueuesL1Bitmap	ExecSpec.ThreadDecls_H	8 word \<Rightarrow> (global.kernel_state, 64 word) nondet_monad
Structures_H.zombie_type.ZombieCNode	ExecSpec.Structures_H	nat \<Rightarrow> zombie_type
Structures_H.user_data.rec_user_data	ExecSpec.Structures_H	'a \<Rightarrow> user_data \<Rightarrow> 'a
Structures_H.user_data.mor_user_data	ExecSpec.Structures_H	'a set \<Rightarrow> (unit \<Rightarrow> 'a)               \<Rightarrow> 'b set                             \<Rightarrow> (unit \<Rightarrow> 'b)     \<Rightarrow> ('a \<Rightarrow> 'b) \<Rightarrow> bool
Structures_H.user_data.alg_user_data	ExecSpec.Structures_H	'a set \<Rightarrow> (unit \<Rightarrow> 'a) \<Rightarrow> bool
Structures_H.user_data.Rep_user_data	ExecSpec.Structures_H	user_data \<Rightarrow> user_data.user_data_IITN_user_data               \<Rightarrow> (nat + unit) set \<Rightarrow> bool
Structures_H.user_data.Abs_user_data	ExecSpec.Structures_H	(user_data.user_data_IITN_user_data  \<Rightarrow> (nat + unit) set \<Rightarrow> bool) \<Rightarrow> user_data
Structures_H.random_aux_thread_state	ExecSpec.Structures_H	natural \<Rightarrow> natural               \<Rightarrow> natural \<times> natural                             \<Rightarrow> (thread_state \<times>      (unit \<Rightarrow> term)) \<times>     natural \<times> natural
Structures_H.random_aux_notification	ExecSpec.Structures_H	natural \<Rightarrow> natural               \<Rightarrow> natural \<times> natural                             \<Rightarrow> (notification \<times>      (unit \<Rightarrow> term)) \<times>     natural \<times> natural
Structures_H.pre_tcb.tcb.wit_pre_tcb	ExecSpec.Structures_H	tcb_pre_tcb
Structures_H.pre_tcb.tcb.set_pre_tcb	ExecSpec.Structures_H	tcb_pre_tcb \<Rightarrow> 'a set
Structures_H.pre_tcb.tcb.rel_pre_tcb	ExecSpec.Structures_H	('a \<Rightarrow> 'b \<Rightarrow> bool) \<Rightarrow> tcb_pre_tcb \<Rightarrow> tcb_pre_tcb \<Rightarrow> bool
Structures_H.pre_tcb.tcb.map_pre_tcb	ExecSpec.Structures_H	('a \<Rightarrow> 'b) \<Rightarrow> tcb_pre_tcb \<Rightarrow> tcb_pre_tcb
Structures_H.pre_cte.cte.wit_pre_cte	ExecSpec.Structures_H	capability \<times> mdbnode
Structures_H.pre_cte.cte.set_pre_cte	ExecSpec.Structures_H	capability \<times> mdbnode \<Rightarrow> 'a set
Structures_H.pre_cte.cte.rel_pre_cte	ExecSpec.Structures_H	('a \<Rightarrow> 'b \<Rightarrow> bool) \<Rightarrow> capability \<times> mdbnode               \<Rightarrow> capability \<times> mdbnode \<Rightarrow> bool
Structures_H.pre_cte.cte.map_pre_cte	ExecSpec.Structures_H	('a \<Rightarrow> 'b) \<Rightarrow> capability \<times> mdbnode               \<Rightarrow> capability \<times> mdbnode
Structures_H.mdbnode.min_alg_mdbnode	ExecSpec.Structures_H	(mdbnode_pre_mdbnode \<Rightarrow> 'a) \<Rightarrow> 'a set
Structures_H.isBlockedOnNotification	ExecSpec.Structures_H	thread_state \<Rightarrow> bool
Structures_H.intStateIRQTable_update	ExecSpec.Structures_H	((6 word \<Rightarrow> irqstate)  \<Rightarrow> 6 word \<Rightarrow> irqstate) \<Rightarrow> interrupt_state \<Rightarrow> interrupt_state
Structures_H.capability.is_ThreadCap	ExecSpec.Structures_H	capability \<Rightarrow> bool
Structures_H.capability.capZombiePtr	ExecSpec.Structures_H	capability \<Rightarrow> 64 word
Structures_H.capability.capNtfnBadge	ExecSpec.Structures_H	capability \<Rightarrow> 64 word
Structures_H.capability.capFreeIndex	ExecSpec.Structures_H	capability \<Rightarrow> nat
Structures_H.capability.capEPCanSend	ExecSpec.Structures_H	capability \<Rightarrow> bool
Structures_H.capability.capCNodeBits	ExecSpec.Structures_H	capability \<Rightarrow> nat
Structures_H.capability.capBlockSize	ExecSpec.Structures_H	capability \<Rightarrow> nat
Structures_H.capReplyCanGrant_update	ExecSpec.Structures_H	(bool \<Rightarrow> bool) \<Rightarrow> capability \<Rightarrow> capability
Structures_H.blockingIPCBadge_update	ExecSpec.Structures_H	(64 word \<Rightarrow> 64 word) \<Rightarrow> thread_state \<Rightarrow> thread_state
Structs_B.tcb_flag.str_init_tcb_flag	ExecSpec.Structs_B	unit \<Rightarrow> tcb_flag.tcb_flag_IITN_tcb_flag               \<Rightarrow> (nat + unit) set \<Rightarrow> bool
Structs_B.tcb_flag.ctor_rec_tcb_flag	ExecSpec.Structs_B	(unit \<Rightarrow> 'a) \<Rightarrow> tcb_flag \<Rightarrow> 'a
Platform.RISCV64.kernelELFBaseOffset	ExecSpec.Platform	64 word
NotificationDecls_H.cancelAllSignals	ExecSpec.NotificationDecls_H	64 word \<Rightarrow> (global.kernel_state, unit) nondet_monad
NotificationDecls_H.bindNotification	ExecSpec.NotificationDecls_H	64 word \<Rightarrow> 64 word \<Rightarrow> (global.kernel_state, unit) nondet_monad
MachineTypes.machine_state.irq_state	ExecSpec.MachineTypes	'z RISCV64.machine_state_scheme \<Rightarrow> nat
MachineTypes.machine_state.irq_masks	ExecSpec.MachineTypes	'z RISCV64.machine_state_scheme \<Rightarrow> 6 word \<Rightarrow> bool
MachineTypes.RISCV64.tlsBaseRegister	ExecSpec.MachineTypes	register
MachineTypes.RISCV64.register.SCAUSE	ExecSpec.MachineTypes	register
MachineTypes.RISCV64.register.NextIP	ExecSpec.MachineTypes	register
MachineTypes.RISCV64.pageBitsForSize	ExecSpec.MachineTypes	vmpage_size \<Rightarrow> nat
MachineTypes.RISCV64.msgInfoRegister	ExecSpec.MachineTypes	register
KernelStateData_H.setSchedulerAction	ExecSpec.KernelStateData_H	scheduler_action \<Rightarrow> (global.kernel_state, unit) nondet_monad
KernelStateData_H.ksReadyQueues_asrt	ExecSpec.KernelStateData_H	global.kernel_state \<Rightarrow> bool
KernelStateData_H.getSchedulerAction	ExecSpec.KernelStateData_H	(global.kernel_state, scheduler_action) nondet_monad
KernelInitMonad_H.init_data.truncate	ExecSpec.KernelInitMonad_H	'z init_data_scheme \<Rightarrow> KernelInitMonad_H.init_data
Invocations_H.writeRegsValues_update	ExecSpec.Invocations_H	(64 word list \<Rightarrow> 64 word list) \<Rightarrow> tcbinvocation \<Rightarrow> tcbinvocation
Invocations_H.writeRegsThread_update	ExecSpec.Invocations_H	(64 word \<Rightarrow> 64 word) \<Rightarrow> tcbinvocation \<Rightarrow> tcbinvocation
Invocations_H.writeRegsResume_update	ExecSpec.Invocations_H	(bool \<Rightarrow> bool) \<Rightarrow> tcbinvocation \<Rightarrow> tcbinvocation
Invocations_H.tcbinvocation.tcThread	ExecSpec.Invocations_H	tcbinvocation \<Rightarrow> 64 word
Invocations_H.tcbinvocation.SetFlags	ExecSpec.Invocations_H	64 word \<Rightarrow> 64 word \<Rightarrow> 64 word \<Rightarrow> tcbinvocation
Invocations_H.tcThreadCapSlot_update	ExecSpec.Invocations_H	(64 word \<Rightarrow> 64 word) \<Rightarrow> tcbinvocation \<Rightarrow> tcbinvocation
Invocations_H.tcNewMCPriority_update	ExecSpec.Invocations_H	((8 word \<times> 64 word) option  \<Rightarrow> (8 word \<times> 64 word) option) \<Rightarrow> tcbinvocation \<Rightarrow> tcbinvocation
Invocations_H.readRegsSuspend_update	ExecSpec.Invocations_H	(bool \<Rightarrow> bool) \<Rightarrow> tcbinvocation \<Rightarrow> tcbinvocation
Invocations_H.notificationTCB_update	ExecSpec.Invocations_H	(64 word \<Rightarrow> 64 word) \<Rightarrow> tcbinvocation \<Rightarrow> tcbinvocation
Invocations_H.notificationPtr_update	ExecSpec.Invocations_H	(64 word option \<Rightarrow> 64 word option) \<Rightarrow> tcbinvocation \<Rightarrow> tcbinvocation
Invocations_H.issueHandlerIRQ_update	ExecSpec.Invocations_H	(6 word \<Rightarrow> 6 word) \<Rightarrow> irqcontrol_invocation \<Rightarrow> irqcontrol_invocation
Invocations_H.invocation.InvokeReply	ExecSpec.Invocations_H	64 word \<Rightarrow> 64 word \<Rightarrow> bool \<Rightarrow> global.invocation
Invocations_H.invocation.InvokeCNode	ExecSpec.Invocations_H	cnode_invocation \<Rightarrow> global.invocation
Invocations_H.cnode_invocation.epCap	ExecSpec.Invocations_H	cnode_invocation \<Rightarrow> capability
Hardware_H.RISCV64_H.pte.min_alg_pte	ExecSpec.Hardware_H	(RISCV64_H.pte_pre_pte \<Rightarrow> 'a) \<Rightarrow> 'a set
Fault_H.syscall_error.AlignmentError	ExecSpec.Fault_H	syscall_error
Fault_H.lookup_failure.GuardMismatch	ExecSpec.Fault_H	nat \<Rightarrow> 64 word \<Rightarrow> nat \<Rightarrow> lookup_failure
Fault_H.lookup_failure.DepthMismatch	ExecSpec.Fault_H	nat \<Rightarrow> nat \<Rightarrow> lookup_failure
Fault_H.invalidArgumentNumber_update	ExecSpec.Fault_H	(nat \<Rightarrow> nat) \<Rightarrow> syscall_error \<Rightarrow> syscall_error
Fault_H.guardMismatchBitsLeft_update	ExecSpec.Fault_H	(nat \<Rightarrow> nat) \<Rightarrow> lookup_failure \<Rightarrow> lookup_failure
Fault_H.fault.userExceptionErrorCode	ExecSpec.Fault_H	fault \<Rightarrow> 64 word
Fault_H.fault.capFaultInReceivePhase	ExecSpec.Fault_H	fault \<Rightarrow> bool
Fault_H.failedLookupWasSource_update	ExecSpec.Fault_H	(bool \<Rightarrow> bool) \<Rightarrow> syscall_error \<Rightarrow> syscall_error
Fault_H.equal_fault_inst.equal_fault	ExecSpec.Fault_H	fault \<Rightarrow> fault \<Rightarrow> bool
Fault_H.depthMismatchBitsLeft_update	ExecSpec.Fault_H	(nat \<Rightarrow> nat) \<Rightarrow> lookup_failure \<Rightarrow> lookup_failure
Event_H.equal_event_inst.equal_event	ExecSpec.Event_H	event \<Rightarrow> event \<Rightarrow> bool
ArchVSpaceDecls_H.RISCV64_H.storePTE	ExecSpec.ArchVSpaceDecls_H	64 word \<Rightarrow> RISCV64_H.pte               \<Rightarrow> (global.kernel_state, unit) nondet_monad
ArchTypes_H.apiobject_type.TCBObject	ExecSpec.ArchTypes_H	apiobject_type
ArchTCB_H.RISCV64_H.sanitiseRegister	ExecSpec.ArchTCB_H	bool \<Rightarrow> register \<Rightarrow> 64 word \<Rightarrow> 64 word
ArchStructures_H.RISCV64_H.asidRange	ExecSpec.ArchStructures_H	64 word \<times> 64 word
ArchStateData_H.RISCV64_H.maxPTLevel	ExecSpec.ArchStateData_H	nat
Types_H.init_data.min_alg_init_data	ExecSpec.Types_H	(init_data_pre_init_data \<Rightarrow> 'a) \<Rightarrow> 'a set
Types_H.init_data.initBootInfoFrame	ExecSpec.Types_H	Types_H.init_data \<Rightarrow> 64 word
Types_H.cap_transfer.ctReceiveIndex	ExecSpec.Types_H	cap_transfer \<Rightarrow> 64 word
Types_H.cap_transfer.ctReceiveDepth	ExecSpec.Types_H	cap_transfer \<Rightarrow> nat
Types_H.biframe_data.bifUIFrameCaps	ExecSpec.Types_H	biframe_data \<Rightarrow> 64 word list
ThreadDecls_H.activateInitialThread	ExecSpec.ThreadDecls_H	64 word \<Rightarrow> 64 word               \<Rightarrow> 64 word                             \<Rightarrow> (global.kernel_state,      unit) nondet_monad
TCBDecls_H.decodeUnbindNotification	ExecSpec.TCBDecls_H	capability \<Rightarrow> (global.kernel_state,                syscall_error + tcbinvocation) nondet_monad
Structures_H.tcbFaultHandler_update	ExecSpec.Structures_H	(64 word \<Rightarrow> 64 word) \<Rightarrow> tcb \<Rightarrow> tcb
Structures_H.size_tcb_inst.size_tcb	ExecSpec.Structures_H	tcb \<Rightarrow> nat
Structures_H.size_cte_inst.size_cte	ExecSpec.Structures_H	cte \<Rightarrow> nat
Structures_H.random_aux_zombie_type	ExecSpec.Structures_H	natural \<Rightarrow> natural               \<Rightarrow> natural \<times> natural                             \<Rightarrow> (zombie_type \<times>      (unit \<Rightarrow> term)) \<times>     natural \<times> natural
Structures_H.ntfn.ntfnMsgIdentifier	ExecSpec.Structures_H	ntfn \<Rightarrow> 64 word
Structures_H.mdbnode.mdbFirstBadged	ExecSpec.Structures_H	mdbnode \<Rightarrow> bool
Structures_H.irqstate.size_irqstate	ExecSpec.Structures_H	irqstate \<Rightarrow> nat
Structures_H.irqstate.dtor_irqstate	ExecSpec.Structures_H	irqstate \<Rightarrow> irqstate_pre_irqstate
Structures_H.irqstate.ctor_irqstate	ExecSpec.Structures_H	irqstate_pre_irqstate \<Rightarrow> irqstate
Structures_H.irqstate.case_irqstate	ExecSpec.Structures_H	'a \<Rightarrow> 'a \<Rightarrow> 'a \<Rightarrow> 'a              \<Rightarrow> irqstate \<Rightarrow> 'a
Structures_H.intStateIRQNode_update	ExecSpec.Structures_H	(64 word \<Rightarrow> 64 word) \<Rightarrow> interrupt_state \<Rightarrow> interrupt_state
Structures_H.endpoint.size_endpoint	ExecSpec.Structures_H	endpoint \<Rightarrow> nat
Structures_H.endpoint.dtor_endpoint	ExecSpec.Structures_H	endpoint \<Rightarrow> endpoint_pre_endpoint
Structures_H.endpoint.ctor_endpoint	ExecSpec.Structures_H	endpoint_pre_endpoint \<Rightarrow> endpoint
Structures_H.endpoint.case_endpoint	ExecSpec.Structures_H	(64 word list \<Rightarrow> 'a) \<Rightarrow> 'a \<Rightarrow> (64 word list \<Rightarrow> 'a)                                \<Rightarrow> endpoint \<Rightarrow> 'a
Structures_H.capability.is_ReplyCap	ExecSpec.Structures_H	capability \<Rightarrow> bool
Structures_H.capability.is_CNodeCap	ExecSpec.Structures_H	capability \<Rightarrow> bool
Structures_H.capability.capIsDevice	ExecSpec.Structures_H	capability \<Rightarrow> bool
Structures_H.capability.capCNodePtr	ExecSpec.Structures_H	capability \<Rightarrow> 64 word
Structures_H.capability.EndpointCap	ExecSpec.Structures_H	64 word \<Rightarrow> 64 word               \<Rightarrow> bool                             \<Rightarrow> bool     \<Rightarrow> bool \<Rightarrow> bool \<Rightarrow> capability
Structures_H.capZombieNumber_update	ExecSpec.Structures_H	(nat \<Rightarrow> nat) \<Rightarrow> capability \<Rightarrow> capability
Structures_H.capEPCanReceive_update	ExecSpec.Structures_H	(bool \<Rightarrow> bool) \<Rightarrow> capability \<Rightarrow> capability
Structures_H.BlockedOnReceive_trans	ExecSpec.Structures_H	64 word \<Rightarrow> bool \<Rightarrow> thread_state
Structs_B.tcb_flag.min_alg_tcb_flag	ExecSpec.Structs_B	(unit \<Rightarrow> 'a) \<Rightarrow> 'a set
Platform.RISCV64.kernelELFPAddrBase	ExecSpec.Platform	64 word
PSpaceStorable_H.pre_storable_class	ExecSpec.PSpaceStorable_H	'a itself \<Rightarrow> prop
PSpaceStorable_H.class.pre_storable	ExecSpec.PSpaceStorable_H	('a \<Rightarrow> kernel_object) \<Rightarrow> (kernel_object \<Rightarrow> 'a option)               \<Rightarrow> ('a itself \<Rightarrow> kernel_object_type)                             \<Rightarrow> bool
NotificationDecls_H.setNotification	ExecSpec.NotificationDecls_H	64 word \<Rightarrow> notification               \<Rightarrow> (global.kernel_state, unit) nondet_monad
NotificationDecls_H.getNotification	ExecSpec.NotificationDecls_H	64 word \<Rightarrow> (global.kernel_state, notification) nondet_monad
MachineTypes.machine_state.truncate	ExecSpec.MachineTypes	'z RISCV64.machine_state_scheme \<Rightarrow> machine_state
MachineTypes.RISCV64.vmFaultTypeFSR	ExecSpec.MachineTypes	vmfault_type \<Rightarrow> 64 word
MachineTypes.RISCV64.syscallMessage	ExecSpec.MachineTypes	register list
MachineTypes.RISCV64.init_irq_masks	ExecSpec.MachineTypes	'a \<Rightarrow> bool
MachineTypes.RISCV64.frameRegisters	ExecSpec.MachineTypes	register list
MachineOps.RISCV64.setInterruptMode	ExecSpec.MachineOps	6 word \<Rightarrow> bool \<Rightarrow> bool \<Rightarrow> unit machine_monad
MachineOps.RISCV64.modify_registers	ExecSpec.MachineOps	((register \<Rightarrow> 64 word)  \<Rightarrow> register \<Rightarrow> 64 word) \<Rightarrow> user_context \<Rightarrow> user_context
MachineOps.RISCV64.initL2Cache_impl	ExecSpec.MachineOps	(machine_state_rest, unit) nondet_monad
MachineOps.RISCV64.hwASIDFlush_impl	ExecSpec.MachineOps	64 word \<Rightarrow> (machine_state_rest, unit) nondet_monad
MachineOps.RISCV64.getMemoryRegions	ExecSpec.MachineOps	(64 word \<times> 64 word) list machine_monad
Kernel_Config.CONFIG_CTZ_NO_BUILTIN	ExecSpec.Kernel_Config	bool
Kernel_Config.CONFIG_CLZ_NO_BUILTIN	ExecSpec.Kernel_Config	bool
KernelStateData_H.setInterruptState	ExecSpec.KernelStateData_H	interrupt_state \<Rightarrow> (global.kernel_state, unit) nondet_monad
KernelStateData_H.ready_qs_runnable	ExecSpec.KernelStateData_H	global.kernel_state \<Rightarrow> bool
KernelStateData_H.kernel_state.more	ExecSpec.KernelStateData_H	'z kernel_state_scheme \<Rightarrow> 'z
KernelStateData_H.kernel_state.make	ExecSpec.KernelStateData_H	(64 word \<Rightarrow> kernel_object option) \<Rightarrow> (64 word \<Rightarrow> vmpage_size option)               \<Rightarrow> (64 word \<Rightarrow> nat option)                             \<Rightarrow> (64 word \<times> 64 word) set     \<Rightarrow> nat                   \<Rightarrow> nat                                 \<Rightarrow> nat         \<Rightarrow> (8 word \<times> 64 word) list                       \<Rightarrow> 8 word                                     \<Rightarrow> 64 word             \<Rightarrow> (8 word \<times> 8 word                            \<Rightarrow> 64 word head_end_ptrs)                           \<Rightarrow> (8 word \<Rightarrow> 64 word)   \<Rightarrow> (8 word \<times> nat \<Rightarrow> 64 word)                 \<Rightarrow> 64 word                               \<Rightarrow> 64 word       \<Rightarrow> scheduler_action                     \<Rightarrow> interrupt_state                                   \<Rightarrow> 64 word           \<Rightarrow> Arch.kernel_state                         \<Rightarrow> machine_state \<Rightarrow> global.kernel_state
KernelStateData_H.getInterruptState	ExecSpec.KernelStateData_H	(global.kernel_state, interrupt_state) nondet_monad
Invocations_H.tcbinvocation.Suspend	ExecSpec.Invocations_H	64 word \<Rightarrow> tcbinvocation
Invocations_H.tcNewIPCBuffer_update	ExecSpec.Invocations_H	((64 word \<times> (capability \<times> 64 word) option) option  \<Rightarrow> (64 word \<times>                 (capability \<times> 64 word) option) option) \<Rightarrow> tcbinvocation \<Rightarrow> tcbinvocation
Invocations_H.retypeIsDevice_update	ExecSpec.Invocations_H	(bool \<Rightarrow> bool) \<Rightarrow> untyped_invocation \<Rightarrow> untyped_invocation
Invocations_H.readRegsThread_update	ExecSpec.Invocations_H	(64 word \<Rightarrow> 64 word) \<Rightarrow> tcbinvocation \<Rightarrow> tcbinvocation
Invocations_H.readRegsLength_update	ExecSpec.Invocations_H	(64 word \<Rightarrow> 64 word) \<Rightarrow> tcbinvocation \<Rightarrow> tcbinvocation
Invocations_H.random_aux_invocation	ExecSpec.Invocations_H	natural \<Rightarrow> natural               \<Rightarrow> natural \<times> natural                             \<Rightarrow> (global.invocation \<times>      (unit \<Rightarrow> term)) \<times>     natural \<times> natural
Invocations_H.isNotificationControl	ExecSpec.Invocations_H	tcbinvocation \<Rightarrow> bool
Invocations_H.copyRegsTarget_update	ExecSpec.Invocations_H	(64 word \<Rightarrow> 64 word) \<Rightarrow> tcbinvocation \<Rightarrow> tcbinvocation
Invocations_H.copyRegsSource_update	ExecSpec.Invocations_H	(64 word \<Rightarrow> 64 word) \<Rightarrow> tcbinvocation \<Rightarrow> tcbinvocation
Invocations_H.cnode_invocation.Move	ExecSpec.Invocations_H	capability \<Rightarrow> 64 word \<Rightarrow> 64 word \<Rightarrow> cnode_invocation
Invocations_H.archIRQControl_update	ExecSpec.Invocations_H	(Arch.irqcontrol_invocation \<Rightarrow> Arch.irqcontrol_invocation) \<Rightarrow> irqcontrol_invocation \<Rightarrow> irqcontrol_invocation
Invocations_H.IssueIRQHandler_trans	ExecSpec.Invocations_H	6 word \<Rightarrow> 64 word               \<Rightarrow> 64 word \<Rightarrow> irqcontrol_invocation
Invocations_H.InvokeDomainSet_trans	ExecSpec.Invocations_H	64 word \<Rightarrow> 8 word \<Rightarrow> domain_invocation
Invocations_H.ClearIRQHandler_trans	ExecSpec.Invocations_H	6 word \<Rightarrow> irqhandler_invocation
InterruptDecls_H.deletingIRQHandler	ExecSpec.InterruptDecls_H	6 word \<Rightarrow> (global.kernel_state, unit) nondet_monad
Hardware_H.RISCV64_H.vmRightsToBits	ExecSpec.Hardware_H	vmrights \<Rightarrow> 64 word
Hardware_H.RISCV64_H.random_aux_pte	ExecSpec.Hardware_H	natural \<Rightarrow> natural               \<Rightarrow> natural \<times> natural                             \<Rightarrow> (RISCV64_H.pte \<times>      (unit \<Rightarrow> term)) \<times>     natural \<times> natural
Hardware_H.RISCV64_H.pteUser_update	ExecSpec.Hardware_H	(bool \<Rightarrow> bool) \<Rightarrow> RISCV64_H.pte \<Rightarrow> RISCV64_H.pte
Hardware_H.RISCV64_H.pte.pteExecute	ExecSpec.Hardware_H	RISCV64_H.pte \<Rightarrow> bool
Hardware_H.RISCV64_H.pte.is_PagePTE	ExecSpec.Hardware_H	RISCV64_H.pte \<Rightarrow> bool
Hardware_H.RISCV64_H.pte.InvalidPTE	ExecSpec.Hardware_H	RISCV64_H.pte
Hardware_H.RISCV64_H.pageColourBits	ExecSpec.Hardware_H	nat
Hardware_H.RISCV64_H.isPageTablePTE	ExecSpec.Hardware_H	RISCV64_H.pte \<Rightarrow> bool
Fault_H.unknownSyscallNumber_update	ExecSpec.Fault_H	(64 word \<Rightarrow> 64 word) \<Rightarrow> fault \<Rightarrow> fault
Fault_H.syscall_error.rangeErrorMin	ExecSpec.Fault_H	syscall_error \<Rightarrow> 64 word
Fault_H.syscall_error.rangeErrorMax	ExecSpec.Fault_H	syscall_error \<Rightarrow> 64 word
Fault_H.syscall_error.is_RangeError	ExecSpec.Fault_H	syscall_error \<Rightarrow> bool
ArchVSpaceDecls_H.RISCV64_H.ptIndex	ExecSpec.ArchVSpaceDecls_H	nat \<Rightarrow> 64 word \<Rightarrow> 64 word
ArchTypes_H.RISCV64_H.getObjectSize	ExecSpec.ArchTypes_H	object_type \<Rightarrow> nat \<Rightarrow> nat
ArchTCB_H.RISCV64_H.performTransfer	ExecSpec.ArchTCB_H	Arch.copy_register_sets \<Rightarrow> 64 word               \<Rightarrow> 64 word                             \<Rightarrow> (global.kernel_state,      unit) nondet_monad
ArchStructures_H.RISCV64_H.fromASID	ExecSpec.ArchStructures_H	64 word \<Rightarrow> 64 word
ArchStructures_H.RISCV64_H.asidBits	ExecSpec.ArchStructures_H	nat
ArchFault_H.RISCV64_H.VMFault_trans	ExecSpec.ArchFault_H	64 word \<Rightarrow> 64 word list \<Rightarrow> arch_fault
Types_H.random_aux_bidevice_region	ExecSpec.Types_H	natural \<Rightarrow> natural               \<Rightarrow> natural \<times> natural                             \<Rightarrow> (bidevice_region \<times>      (unit \<Rightarrow> term)) \<times>     natural \<times> natural
Types_H.cap_transfer.ctReceiveRoot	ExecSpec.Types_H	cap_transfer \<Rightarrow> 64 word
Types_H.cap_rights.size_cap_rights	ExecSpec.Types_H	cap_rights \<Rightarrow> nat
Types_H.cap_rights.dtor_cap_rights	ExecSpec.Types_H	cap_rights \<Rightarrow> cap_rights_pre_cap_rights
Types_H.cap_rights.ctor_cap_rights	ExecSpec.Types_H	cap_rights_pre_cap_rights \<Rightarrow> cap_rights
Types_H.cap_rights.case_cap_rights	ExecSpec.Types_H	(bool  \<Rightarrow> bool \<Rightarrow> bool \<Rightarrow> bool \<Rightarrow> 'a) \<Rightarrow> cap_rights \<Rightarrow> 'a
Types_H.biframe_data.bifIPCBufVPtr	ExecSpec.Types_H	biframe_data \<Rightarrow> 64 word
Types_H.bifUntypedObjPAddrs_update	ExecSpec.Types_H	(64 word list \<Rightarrow> 64 word list) \<Rightarrow> biframe_data \<Rightarrow> biframe_data
Types_H.bifNumDeviceRegions_update	ExecSpec.Types_H	(32 word \<Rightarrow> 32 word) \<Rightarrow> biframe_data \<Rightarrow> biframe_data
ThreadDecls_H.setBoundNotification	ExecSpec.ThreadDecls_H	64 word option \<Rightarrow> 64 word \<Rightarrow> (global.kernel_state, unit) nondet_monad
ThreadDecls_H.getBoundNotification	ExecSpec.ThreadDecls_H	64 word \<Rightarrow> (global.kernel_state, 64 word option) nondet_monad
Structures_H.zombie_type.ZombieTCB	ExecSpec.Structures_H	zombie_type
Structures_H.thread_state.Inactive	ExecSpec.Structures_H	thread_state
Structures_H.tcb.tcbIPCBufferFrame	ExecSpec.Structures_H	tcb \<Rightarrow> cte
Structures_H.random_aux_capability	ExecSpec.Structures_H	natural \<Rightarrow> natural               \<Rightarrow> natural \<times> natural                             \<Rightarrow> (capability \<times>      (unit \<Rightarrow> term)) \<times>     natural \<times> natural
Structures_H.mdbFirstBadged_update	ExecSpec.Structures_H	(bool \<Rightarrow> bool) \<Rightarrow> mdbnode \<Rightarrow> mdbnode
Structures_H.isResumeCurrentThread	ExecSpec.Structures_H	scheduler_action \<Rightarrow> bool
Structures_H.irqstate.rec_irqstate	ExecSpec.Structures_H	'a \<Rightarrow> 'a \<Rightarrow> 'a \<Rightarrow> 'a              \<Rightarrow> irqstate \<Rightarrow> 'a
Structures_H.irqstate.mor_irqstate	ExecSpec.Structures_H	'a set \<Rightarrow> (irqstate_pre_irqstate \<Rightarrow> 'a)               \<Rightarrow> 'b set                             \<Rightarrow> (irqstate_pre_irqstate      \<Rightarrow> 'b)     \<Rightarrow> ('a \<Rightarrow> 'b) \<Rightarrow> bool
Structures_H.irqstate.alg_irqstate	ExecSpec.Structures_H	'a set \<Rightarrow> (irqstate_pre_irqstate \<Rightarrow> 'a) \<Rightarrow> bool
Structures_H.irqstate.Rep_irqstate	ExecSpec.Structures_H	irqstate \<Rightarrow> irqstate.irqstate_IITN_irqstate               \<Rightarrow> (nat + irqstate_pre_irqstate) set                             \<Rightarrow> bool
Structures_H.irqstate.Abs_irqstate	ExecSpec.Structures_H	(irqstate.irqstate_IITN_irqstate  \<Rightarrow> (nat + irqstate_pre_irqstate) set \<Rightarrow> bool) \<Rightarrow> irqstate
Structures_H.endpoint.rec_endpoint	ExecSpec.Structures_H	(64 word list \<Rightarrow> 'a) \<Rightarrow> 'a \<Rightarrow> (64 word list \<Rightarrow> 'a)                                \<Rightarrow> endpoint \<Rightarrow> 'a
Structures_H.endpoint.mor_endpoint	ExecSpec.Structures_H	'a set \<Rightarrow> (endpoint_pre_endpoint \<Rightarrow> 'a)               \<Rightarrow> 'b set                             \<Rightarrow> (endpoint_pre_endpoint      \<Rightarrow> 'b)     \<Rightarrow> ('a \<Rightarrow> 'b) \<Rightarrow> bool
Structures_H.endpoint.alg_endpoint	ExecSpec.Structures_H	'a set \<Rightarrow> (endpoint_pre_endpoint \<Rightarrow> 'a) \<Rightarrow> bool
Structures_H.endpoint.Rep_endpoint	ExecSpec.Structures_H	endpoint \<Rightarrow> endpoint.endpoint_IITN_endpoint               \<Rightarrow> (nat + endpoint_pre_endpoint) set                             \<Rightarrow> bool
Structures_H.endpoint.Abs_endpoint	ExecSpec.Structures_H	(endpoint.endpoint_IITN_endpoint  \<Rightarrow> (nat + endpoint_pre_endpoint) set \<Rightarrow> bool) \<Rightarrow> endpoint
Structures_H.capability.capNtfnPtr	ExecSpec.Structures_H	capability \<Rightarrow> 64 word
Structures_H.capability.capEPBadge	ExecSpec.Structures_H	capability \<Rightarrow> 64 word
Structures_H.capability.UntypedCap	ExecSpec.Structures_H	bool \<Rightarrow> 64 word               \<Rightarrow> nat \<Rightarrow> nat \<Rightarrow> capability
Structures_H.capReplyMaster_update	ExecSpec.Structures_H	(bool \<Rightarrow> bool) \<Rightarrow> capability \<Rightarrow> capability
Structures_H.capNtfnCanSend_update	ExecSpec.Structures_H	(bool \<Rightarrow> bool) \<Rightarrow> capability \<Rightarrow> capability
Structures_H.blockingObject_update	ExecSpec.Structures_H	(64 word \<Rightarrow> 64 word) \<Rightarrow> thread_state \<Rightarrow> thread_state
Structures_H.NotificationCap_trans	ExecSpec.Structures_H	64 word \<Rightarrow> 64 word               \<Rightarrow> bool \<Rightarrow> bool \<Rightarrow> capability
State_H.RISCV64_H.exceptionMessage	ExecSpec.State_H	register list
RegisterSet_H.RISCV64_H.newContext	ExecSpec.RegisterSet_H	user_context
NotificationDecls_H.receiveBlocked	ExecSpec.NotificationDecls_H	thread_state \<Rightarrow> bool
NotificationDecls_H.completeSignal	ExecSpec.NotificationDecls_H	64 word \<Rightarrow> 64 word \<Rightarrow> (global.kernel_state, unit) nondet_monad
MachineTypes.RISCV64.faultRegister	ExecSpec.MachineTypes	register
MachineTypes.RISCV64.badgeRegister	ExecSpec.MachineTypes	register
MachineOps.RISCV64.resetTimer_impl	ExecSpec.MachineOps	(machine_state_rest, unit) nondet_monad
MachineOps.RISCV64.non_kernel_IRQs	ExecSpec.MachineOps	6 word set
Kernel_Config.CONFIG_TIMER_TICK_MS	ExecSpec.Kernel_Config	64 word
Kernel_Config.CONFIG_NO_BENCHMARKS	ExecSpec.Kernel_Config	bool
Kernel_Config.CONFIG_MAX_NUM_NODES	ExecSpec.Kernel_Config	nat
KernelInitMonad_H.init_data.fields	ExecSpec.KernelInitMonad_H	(64 word \<times> 64 word) list \<Rightarrow> 64 word               \<Rightarrow> 64 word                             \<Rightarrow> biframe_data     \<Rightarrow> 64 word                   \<Rightarrow> global.kernel_state                                 \<Rightarrow> KernelInitMonad_H.init_data
KernelInitMonad_H.init_data.extend	ExecSpec.KernelInitMonad_H	KernelInitMonad_H.init_data \<Rightarrow> 'z \<Rightarrow> 'z init_data_scheme
KernelInitMonad_H.biCapASIDControl	ExecSpec.KernelInitMonad_H	64 word
Invocations_H.writeRegsArch_update	ExecSpec.Invocations_H	(Arch.copy_register_sets \<Rightarrow> Arch.copy_register_sets) \<Rightarrow> tcbinvocation \<Rightarrow> tcbinvocation
Invocations_H.tcbinvocation.Resume	ExecSpec.Invocations_H	64 word \<Rightarrow> tcbinvocation
Invocations_H.tcNewPriority_update	ExecSpec.Invocations_H	((8 word \<times> 64 word) option  \<Rightarrow> (8 word \<times> 64 word) option) \<Rightarrow> tcbinvocation \<Rightarrow> tcbinvocation
Invocations_H.suspendThread_update	ExecSpec.Invocations_H	(64 word \<Rightarrow> 64 word) \<Rightarrow> tcbinvocation \<Rightarrow> tcbinvocation
Invocations_H.setTLSBaseTCB_update	ExecSpec.Invocations_H	(64 word \<Rightarrow> 64 word) \<Rightarrow> tcbinvocation \<Rightarrow> tcbinvocation
Invocations_H.setFlagsClear_update	ExecSpec.Invocations_H	(64 word \<Rightarrow> 64 word) \<Rightarrow> tcbinvocation \<Rightarrow> tcbinvocation
Invocations_H.retypeNewType_update	ExecSpec.Invocations_H	(object_type \<Rightarrow> object_type) \<Rightarrow> untyped_invocation \<Rightarrow> untyped_invocation
Invocations_H.irqHandlerIRQ_update	ExecSpec.Invocations_H	(6 word \<Rightarrow> 6 word) \<Rightarrow> irqhandler_invocation \<Rightarrow> irqhandler_invocation
Invocations_H.invocation.InvokeTCB	ExecSpec.Invocations_H	tcbinvocation \<Rightarrow> global.invocation
Invocations_H.WriteRegisters_trans	ExecSpec.Invocations_H	64 word \<Rightarrow> bool               \<Rightarrow> 64 word list                             \<Rightarrow> Arch.copy_register_sets     \<Rightarrow> tcbinvocation
Invocations_H.ArchIRQControl_trans	ExecSpec.Invocations_H	Arch.irqcontrol_invocation \<Rightarrow> irqcontrol_invocation
InterruptDecls_H.performIRQControl	ExecSpec.InterruptDecls_H	irqcontrol_invocation \<Rightarrow> (global.kernel_state, 6 word + unit) nondet_monad
Hardware_H.RISCV64_H.ptePPN_update	ExecSpec.Hardware_H	(64 word \<Rightarrow> 64 word) \<Rightarrow> RISCV64_H.pte \<Rightarrow> RISCV64_H.pte
Hardware_H.RISCV64_H.pte.pteRights	ExecSpec.Hardware_H	RISCV64_H.pte \<Rightarrow> vmrights
Hardware_H.RISCV64_H.pte.pteGlobal	ExecSpec.Hardware_H	RISCV64_H.pte \<Rightarrow> bool
Hardware_H.RISCV64_H.PagePTE_trans	ExecSpec.Hardware_H	64 word \<Rightarrow> bool               \<Rightarrow> bool                             \<Rightarrow> bool     \<Rightarrow> vmrights \<Rightarrow> RISCV64_H.pte
Fault_H.userExceptionNumber_update	ExecSpec.Fault_H	(64 word \<Rightarrow> 64 word) \<Rightarrow> fault \<Rightarrow> fault
Fault_H.syscall_error.FailedLookup	ExecSpec.Fault_H	bool \<Rightarrow> lookup_failure \<Rightarrow> syscall_error
Fault_H.size_fault_inst.size_fault	ExecSpec.Fault_H	fault \<Rightarrow> nat
Fault_H.lookup_failure.InvalidRoot	ExecSpec.Fault_H	lookup_failure
Fault_H.fault.unknownSyscallNumber	ExecSpec.Fault_H	fault \<Rightarrow> 64 word
Event_H.size_event_inst.size_event	ExecSpec.Event_H	event \<Rightarrow> nat
CSpaceDecls_H.lookupSlotForCNodeOp	ExecSpec.CSpaceDecls_H	bool \<Rightarrow> capability               \<Rightarrow> 64 word                             \<Rightarrow> nat     \<Rightarrow> (global.kernel_state,                    syscall_error + 64 word) nondet_monad
ArchTypes_H.apiobject_type.Untyped	ExecSpec.ArchTypes_H	apiobject_type
ArchTCB_H.RISCV64_H.decodeTransfer	ExecSpec.ArchTCB_H	8 word \<Rightarrow> (global.kernel_state,                syscall_error + Arch.copy_register_sets) nondet_monad
ArchPSpace_H.RISCV64_H.deleteGhost	ExecSpec.ArchPSpace_H	64 word \<Rightarrow> nat \<Rightarrow> (global.kernel_state, unit) nondet_monad
Untyped_H.decodeUntypedInvocation	ExecSpec.Untyped_H	64 word \<Rightarrow> 64 word list               \<Rightarrow> 64 word                             \<Rightarrow> capability     \<Rightarrow> capability list                   \<Rightarrow> (global.kernel_state,                                  syscall_error +                                  untyped_invocation) nondet_monad
Types_H.message_info.msgExtraCaps	ExecSpec.Types_H	message_info \<Rightarrow> 64 word
Types_H.cap_rights.rec_cap_rights	ExecSpec.Types_H	(bool  \<Rightarrow> bool \<Rightarrow> bool \<Rightarrow> bool \<Rightarrow> 'a) \<Rightarrow> cap_rights \<Rightarrow> 'a
Types_H.cap_rights.mor_cap_rights	ExecSpec.Types_H	'a set \<Rightarrow> (cap_rights_pre_cap_rights \<Rightarrow> 'a)               \<Rightarrow> 'b set                             \<Rightarrow> (cap_rights_pre_cap_rights      \<Rightarrow> 'b)     \<Rightarrow> ('a \<Rightarrow> 'b) \<Rightarrow> bool
Types_H.cap_rights.alg_cap_rights	ExecSpec.Types_H	'a set \<Rightarrow> (cap_rights_pre_cap_rights \<Rightarrow> 'a)               \<Rightarrow> bool
Types_H.cap_rights.Rep_cap_rights	ExecSpec.Types_H	cap_rights \<Rightarrow> cap_rights.cap_rights_IITN_cap_rights               \<Rightarrow> (nat + cap_rights_pre_cap_rights) set                             \<Rightarrow> bool
Types_H.cap_rights.Abs_cap_rights	ExecSpec.Types_H	(cap_rights.cap_rights_IITN_cap_rights  \<Rightarrow> (nat + cap_rights_pre_cap_rights) set \<Rightarrow> bool) \<Rightarrow> cap_rights
Types_H.capAllowGrantReply_update	ExecSpec.Types_H	(bool \<Rightarrow> bool) \<Rightarrow> cap_rights \<Rightarrow> cap_rights
Types_H.bifSharedFrameCaps_update	ExecSpec.Types_H	(64 word list \<Rightarrow> 64 word list) \<Rightarrow> biframe_data \<Rightarrow> biframe_data
Types_H.bifITCNodeSizeBits_update	ExecSpec.Types_H	(8 word \<Rightarrow> 8 word) \<Rightarrow> biframe_data \<Rightarrow> biframe_data
ThreadDecls_H.configureIdleThread	ExecSpec.ThreadDecls_H	64 word \<Rightarrow> (KernelInitMonad_H.init_data,                init_failure + unit) nondet_monad
TCBDecls_H.decodeBindNotification	ExecSpec.TCBDecls_H	capability \<Rightarrow> (capability \<times> 64 word) list               \<Rightarrow> (global.kernel_state,                              syscall_error + tcbinvocation) nondet_monad
Structures_H.zombieCTEBits_update	ExecSpec.Structures_H	(nat \<Rightarrow> nat) \<Rightarrow> zombie_type \<Rightarrow> zombie_type
Structures_H.thread_state.Running	ExecSpec.Structures_H	thread_state
Structures_H.thread_state.Restart	ExecSpec.Structures_H	thread_state
Structures_H.random_aux_user_data	ExecSpec.Structures_H	natural \<Rightarrow> natural               \<Rightarrow> natural \<times> natural                             \<Rightarrow> (user_data \<times>      (unit \<Rightarrow> term)) \<times>     natural \<times> natural
Structures_H.notification.ntfnObj	ExecSpec.Structures_H	notification \<Rightarrow> ntfn
Structures_H.mdbnode.size_mdbnode	ExecSpec.Structures_H	mdbnode \<Rightarrow> nat
Structures_H.mdbnode.mdbRevocable	ExecSpec.Structures_H	mdbnode \<Rightarrow> bool
Structures_H.mdbnode.dtor_mdbnode	ExecSpec.Structures_H	mdbnode \<Rightarrow> mdbnode_pre_mdbnode
Structures_H.mdbnode.ctor_mdbnode	ExecSpec.Structures_H	mdbnode_pre_mdbnode \<Rightarrow> mdbnode
Structures_H.mdbnode.case_mdbnode	ExecSpec.Structures_H	(64 word  \<Rightarrow> 64 word                \<Rightarrow> bool \<Rightarrow> bool \<Rightarrow> 'a) \<Rightarrow> mdbnode \<Rightarrow> 'a
Structures_H.kernel_object.KOArch	ExecSpec.Structures_H	arch_kernel_object \<Rightarrow> kernel_object
Structures_H.kernelObjectTypeName	ExecSpec.Structures_H	kernel_object \<Rightarrow> unit list
Structures_H.irqstate.IRQReserved	ExecSpec.Structures_H	irqstate
Structures_H.irqstate.IRQInactive	ExecSpec.Structures_H	irqstate
Structures_H.capability.is_Zombie	ExecSpec.Structures_H	capability \<Rightarrow> bool
Structures_H.capability.capTCBPtr	ExecSpec.Structures_H	capability \<Rightarrow> 64 word
Structures_H.capability.ThreadCap	ExecSpec.Structures_H	64 word \<Rightarrow> capability
Structures_H.capability.DomainCap	ExecSpec.Structures_H	capability
Structures_H.capZombieType_update	ExecSpec.Structures_H	(zombie_type \<Rightarrow> zombie_type) \<Rightarrow> capability \<Rightarrow> capability
Structures_H.capEPCanGrant_update	ExecSpec.Structures_H	(bool \<Rightarrow> bool) \<Rightarrow> capability \<Rightarrow> capability
Structures_H.capCNodeGuard_update	ExecSpec.Structures_H	(64 word \<Rightarrow> 64 word) \<Rightarrow> capability \<Rightarrow> capability
Structures_H.SwitchToThread_trans	ExecSpec.Structures_H	64 word \<Rightarrow> scheduler_action
Structures_H.InterruptState_trans	ExecSpec.Structures_H	64 word \<Rightarrow> (6 word \<Rightarrow> irqstate) \<Rightarrow> interrupt_state
State_H.RISCV64_H.tlsBaseRegister	ExecSpec.State_H	register
State_H.RISCV64_H.msgInfoRegister	ExecSpec.State_H	register
State_H.RISCV64_H.fromVPtr_update	ExecSpec.State_H	(64 word \<Rightarrow> 64 word) \<Rightarrow> 64 word \<Rightarrow> 64 word
RetypeDecls_H.hasCancelSendRights	ExecSpec.RetypeDecls_H	capability \<Rightarrow> bool
NotificationDecls_H.receiveSignal	ExecSpec.NotificationDecls_H	64 word \<Rightarrow> capability               \<Rightarrow> bool                             \<Rightarrow> (global.kernel_state,      unit) nondet_monad
MachineTypes.machine_state.fields	ExecSpec.MachineTypes	(6 word \<Rightarrow> bool) \<Rightarrow> nat               \<Rightarrow> (64 word \<Rightarrow> 8 word)                             \<Rightarrow> (64 word      \<Rightarrow> 8 word option)     \<Rightarrow> machine_state_rest \<Rightarrow> machine_state
MachineTypes.machine_state.extend	ExecSpec.MachineTypes	machine_state \<Rightarrow> 'z \<Rightarrow> 'z RISCV64.machine_state_scheme
MachineTypes.RISCV64.register.S11	ExecSpec.MachineTypes	register
MachineTypes.RISCV64.register.S10	ExecSpec.MachineTypes	register
MachineTypes.RISCV64.msgRegisters	ExecSpec.MachineTypes	register list
MachineOps.RISCV64.memory_regions	ExecSpec.MachineOps	(64 word \<times> 64 word) list
MachineOps.RISCV64.initTimer_impl	ExecSpec.MachineOps	(machine_state_rest, unit) nondet_monad
MachineOps.RISCV64.configureTimer	ExecSpec.MachineOps	6 word machine_monad
Kernel_Config.config_PLAT_BCM2837	ExecSpec.Kernel_Config	bool
Kernel_Config.config_ARCH_RISCV64	ExecSpec.Kernel_Config	bool
Kernel_Config.config_ARCH_RISCV32	ExecSpec.Kernel_Config	bool
Kernel_Config.config_ARCH_AARCH64	ExecSpec.Kernel_Config	bool
Kernel_Config.config_ARCH_AARCH32	ExecSpec.Kernel_Config	bool
KernelStateData_H.modifyWorkUnits	ExecSpec.KernelStateData_H	(64 word \<Rightarrow> 64 word) \<Rightarrow> (global.kernel_state, unit) nondet_monad
KernelStateData_H.modifyArchState	ExecSpec.KernelStateData_H	(Arch.kernel_state \<Rightarrow> Arch.kernel_state) \<Rightarrow> (global.kernel_state, unit) nondet_monad
KernelInitMonad_H.biFrameSizeBits	ExecSpec.KernelInitMonad_H	nat
KernelInitMonad_H.biCapITASIDPool	ExecSpec.KernelInitMonad_H	64 word
KernelInitMonad_H.biCapIRQControl	ExecSpec.KernelInitMonad_H	64 word
Invocations_H.tcNewFaultEP_update	ExecSpec.Invocations_H	(64 word option \<Rightarrow> 64 word option) \<Rightarrow> tcbinvocation \<Rightarrow> tcbinvocation
Invocations_H.retypeSource_update	ExecSpec.Invocations_H	(64 word \<Rightarrow> 64 word) \<Rightarrow> untyped_invocation \<Rightarrow> untyped_invocation
Invocations_H.resumeThread_update	ExecSpec.Invocations_H	(64 word \<Rightarrow> 64 word) \<Rightarrow> tcbinvocation \<Rightarrow> tcbinvocation
Invocations_H.readRegsArch_update	ExecSpec.Invocations_H	(Arch.copy_register_sets \<Rightarrow> Arch.copy_register_sets) \<Rightarrow> tcbinvocation \<Rightarrow> tcbinvocation
Invocations_H.isCancelBadgedSends	ExecSpec.Invocations_H	cnode_invocation \<Rightarrow> bool
Invocations_H.ThreadControl_trans	ExecSpec.Invocations_H	64 word \<Rightarrow> 64 word               \<Rightarrow> 64 word option                             \<Rightarrow> (8 word \<times> 64 word) option     \<Rightarrow> (8 word \<times> 64 word) option                   \<Rightarrow> (capability \<times> 64 word) option                                 \<Rightarrow> (capability \<times>          64 word) option         \<Rightarrow> (64 word \<times>                        (capability \<times> 64 word) option) option                       \<Rightarrow> tcbinvocation
Invocations_H.SetIRQHandler_trans	ExecSpec.Invocations_H	6 word \<Rightarrow> capability               \<Rightarrow> 64 word \<Rightarrow> irqhandler_invocation
Invocations_H.ReadRegisters_trans	ExecSpec.Invocations_H	64 word \<Rightarrow> bool               \<Rightarrow> 64 word                             \<Rightarrow> Arch.copy_register_sets     \<Rightarrow> tcbinvocation
Invocations_H.CopyRegisters_trans	ExecSpec.Invocations_H	64 word \<Rightarrow> 64 word               \<Rightarrow> bool                             \<Rightarrow> bool     \<Rightarrow> bool                   \<Rightarrow> bool                                 \<Rightarrow> Arch.copy_register_sets         \<Rightarrow> tcbinvocation
InterruptDecls_H.invokeIRQHandler	ExecSpec.InterruptDecls_H	irqhandler_invocation \<Rightarrow> (global.kernel_state, unit) nondet_monad
Intermediate_H.Arch_createNewCaps	ExecSpec.Intermediate_H	object_type \<Rightarrow> 64 word               \<Rightarrow> nat                             \<Rightarrow> nat     \<Rightarrow> bool                   \<Rightarrow> (global.kernel_state,                                  arch_capability list) nondet_monad
Hardware_H.RISCV64_H.pte.size_pte	ExecSpec.Hardware_H	RISCV64_H.pte \<Rightarrow> nat
Hardware_H.RISCV64_H.pte.dtor_pte	ExecSpec.Hardware_H	RISCV64_H.pte \<Rightarrow> RISCV64_H.pte_pre_pte
Hardware_H.RISCV64_H.pte.ctor_pte	ExecSpec.Hardware_H	RISCV64_H.pte_pre_pte \<Rightarrow> RISCV64_H.pte
Hardware_H.RISCV64_H.pte.case_pte	ExecSpec.Hardware_H	'a \<Rightarrow> (64 word                   \<Rightarrow> bool                                 \<Rightarrow> bool         \<Rightarrow> bool \<Rightarrow> vmrights \<Rightarrow> 'a)                  \<Rightarrow> (64 word \<Rightarrow> bool \<Rightarrow> 'a)                                \<Rightarrow> RISCV64_H.pte \<Rightarrow> 'a
Hardware_H.RISCV64_H.isInvalidPTE	ExecSpec.Hardware_H	RISCV64_H.pte \<Rightarrow> bool
Hardware_H.RISCV64_H.VMAttributes	ExecSpec.Hardware_H	bool \<Rightarrow> bool
Fault_H.syscall_error.RevokeFirst	ExecSpec.Fault_H	syscall_error
Fault_H.syscall_error.DeleteFirst	ExecSpec.Fault_H	syscall_error
Fault_H.random_aux_lookup_failure	ExecSpec.Fault_H	natural \<Rightarrow> natural               \<Rightarrow> natural \<times> natural                             \<Rightarrow> (lookup_failure \<times>      (unit \<Rightarrow> term)) \<times>     natural \<times> natural
Fault_H.missingCapBitsLeft_update	ExecSpec.Fault_H	(nat \<Rightarrow> nat) \<Rightarrow> lookup_failure \<Rightarrow> lookup_failure
Fault_H.isUnknownSyscallException	ExecSpec.Fault_H	fault \<Rightarrow> bool
Fault_H.fault.userExceptionNumber	ExecSpec.Fault_H	fault \<Rightarrow> 64 word
FaultMonad_H.lookupErrorOnFailure	ExecSpec.FaultMonad_H	bool \<Rightarrow> (global.kernel_state, lookup_failure + 'a) nondet_monad               \<Rightarrow> (global.kernel_state,                              syscall_error + 'a) nondet_monad
Event_H.syscall.ctor_fold_syscall	ExecSpec.Event_H	(syscall_pre_syscall \<Rightarrow> 'a) \<Rightarrow> syscall \<Rightarrow> 'a
EndpointDecls_H.cancelBadgedSends	ExecSpec.EndpointDecls_H	64 word \<Rightarrow> 64 word \<Rightarrow> (global.kernel_state, unit) nondet_monad
CSpace_H.resolveAddressBits_graph	ExecSpec.CSpace_H	capability \<times> 64 word \<times> nat \<Rightarrow> (global.kernel_state,                lookup_failure + 64 word \<times> nat) nondet_monad               \<Rightarrow> bool
CSpaceDecls_H.lookupSlotForThread	ExecSpec.CSpaceDecls_H	64 word \<Rightarrow> 64 word               \<Rightarrow> (global.kernel_state,                              lookup_failure + 64 word) nondet_monad
ArchTypes_H.RISCV64_H.isFrameType	ExecSpec.ArchTypes_H	object_type \<Rightarrow> bool
ArchTypes_H.RISCV64_H.fromAPIType	ExecSpec.ArchTypes_H	apiobject_type \<Rightarrow> object_type
ArchTCB_H.RISCV64_H.archThreadSet	ExecSpec.ArchTCB_H	(arch_tcb \<Rightarrow> arch_tcb) \<Rightarrow> 64 word \<Rightarrow> (global.kernel_state, unit) nondet_monad
ArchTCB_H.RISCV64_H.archThreadGet	ExecSpec.ArchTCB_H	(arch_tcb \<Rightarrow> 'a) \<Rightarrow> 64 word \<Rightarrow> (global.kernel_state, 'a) nondet_monad
Types_H.init_data.size_init_data	ExecSpec.Types_H	Types_H.init_data \<Rightarrow> nat
Types_H.init_data.initVPtrOffset	ExecSpec.Types_H	Types_H.init_data \<Rightarrow> 64 word
Types_H.init_data.initSlotPosMax	ExecSpec.Types_H	Types_H.init_data \<Rightarrow> 64 word
Types_H.init_data.initSlotPosCur	ExecSpec.Types_H	Types_H.init_data \<Rightarrow> 64 word
Types_H.init_data.initFreeMemory	ExecSpec.Types_H	Types_H.init_data \<Rightarrow> (64 word \<times> 64 word) list
Types_H.init_data.dtor_init_data	ExecSpec.Types_H	Types_H.init_data \<Rightarrow> init_data_pre_init_data
Types_H.init_data.ctor_init_data	ExecSpec.Types_H	init_data_pre_init_data \<Rightarrow> Types_H.init_data
Types_H.init_data.case_init_data	ExecSpec.Types_H	((64 word \<times> 64 word) list  \<Rightarrow> 64 word                \<Rightarrow> 64 word                              \<Rightarrow> biframe_data      \<Rightarrow> 64 word \<Rightarrow> 64 word \<Rightarrow> 'a) \<Rightarrow> Types_H.init_data \<Rightarrow> 'a
Types_H.initBootInfoFrame_update	ExecSpec.Types_H	(64 word \<Rightarrow> 64 word) \<Rightarrow> Types_H.init_data \<Rightarrow> Types_H.init_data
Types_H.cap_rights.capAllowWrite	ExecSpec.Types_H	cap_rights \<Rightarrow> bool
Types_H.cap_rights.capAllowGrant	ExecSpec.Types_H	cap_rights \<Rightarrow> bool
Types_H.biframe_data.bifUIPTCaps	ExecSpec.Types_H	biframe_data \<Rightarrow> 64 word list
Types_H.biframe_data.bifUIPDCaps	ExecSpec.Types_H	biframe_data \<Rightarrow> 64 word list
Types_H.biframe_data.bifNumNodes	ExecSpec.Types_H	biframe_data \<Rightarrow> 32 word
Types_H.biframe_data.bifNullCaps	ExecSpec.Types_H	biframe_data \<Rightarrow> 64 word list
Types_H.biframe_data.BIFrameData	ExecSpec.Types_H	32 word \<Rightarrow> 32 word               \<Rightarrow> 32 word                             \<Rightarrow> 64 word     \<Rightarrow> 64 word list                   \<Rightarrow> 64 word list                                 \<Rightarrow> 64 word list         \<Rightarrow> 64 word list                       \<Rightarrow> 64 word list                                     \<Rightarrow> 64 word list             \<Rightarrow> 64 word list                           \<Rightarrow> 8 word list   \<Rightarrow> bool list                 \<Rightarrow> 8 word                               \<Rightarrow> 32 word       \<Rightarrow> bidevice_region list \<Rightarrow> biframe_data
Types_H.bifUntypedObjCaps_update	ExecSpec.Types_H	(64 word list \<Rightarrow> 64 word list) \<Rightarrow> biframe_data \<Rightarrow> biframe_data
Types_H.bidrFrameSizeBits_update	ExecSpec.Types_H	(32 word \<Rightarrow> 32 word) \<Rightarrow> bidevice_region \<Rightarrow> bidevice_region
ThreadDecls_H.switchToIdleThread	ExecSpec.ThreadDecls_H	(global.kernel_state, unit) nondet_monad
ThreadDecls_H.rescheduleRequired	ExecSpec.ThreadDecls_H	(global.kernel_state, unit) nondet_monad
Structures_H.tcbTimeSlice_update	ExecSpec.Structures_H	(nat \<Rightarrow> nat) \<Rightarrow> tcb \<Rightarrow> tcb
Structures_H.tcbSchedPrev_update	ExecSpec.Structures_H	(64 word option \<Rightarrow> 64 word option) \<Rightarrow> tcb \<Rightarrow> tcb
Structures_H.tcbSchedNext_update	ExecSpec.Structures_H	(64 word option \<Rightarrow> 64 word option) \<Rightarrow> tcb \<Rightarrow> tcb
Structures_H.tcbQueueHead_update	ExecSpec.Structures_H	(64 word option \<Rightarrow> 64 word option) \<Rightarrow> 64 word head_end_ptrs \<Rightarrow> 64 word head_end_ptrs
Structures_H.tcbIPCBuffer_update	ExecSpec.Structures_H	(64 word \<Rightarrow> 64 word) \<Rightarrow> tcb \<Rightarrow> tcb
Structures_H.tcb.tcbFaultHandler	ExecSpec.Structures_H	tcb \<Rightarrow> 64 word
Structures_H.schActTarget_update	ExecSpec.Structures_H	(64 word \<Rightarrow> 64 word) \<Rightarrow> scheduler_action \<Rightarrow> scheduler_action
Structures_H.random_aux_irqstate	ExecSpec.Structures_H	natural \<Rightarrow> natural               \<Rightarrow> natural \<times> natural                             \<Rightarrow> (irqstate \<times>      (unit \<Rightarrow> term)) \<times>     natural \<times> natural
Structures_H.random_aux_endpoint	ExecSpec.Structures_H	natural \<Rightarrow> natural               \<Rightarrow> natural \<times> natural                             \<Rightarrow> (endpoint \<times>      (unit \<Rightarrow> term)) \<times>     natural \<times> natural
Structures_H.ntfnBoundTCB_update	ExecSpec.Structures_H	(64 word option \<Rightarrow> 64 word option) \<Rightarrow> notification \<Rightarrow> notification
Structures_H.ntfn.is_WaitingNtfn	ExecSpec.Structures_H	ntfn \<Rightarrow> bool
Structures_H.ntfn.ctor_fold_ntfn	ExecSpec.Structures_H	(ntfn_pre_ntfn \<Rightarrow> 'a) \<Rightarrow> ntfn \<Rightarrow> 'a
Structures_H.mdbnode.rec_mdbnode	ExecSpec.Structures_H	(64 word  \<Rightarrow> 64 word                \<Rightarrow> bool \<Rightarrow> bool \<Rightarrow> 'a) \<Rightarrow> mdbnode \<Rightarrow> 'a
Structures_H.mdbnode.mor_mdbnode	ExecSpec.Structures_H	'a set \<Rightarrow> (mdbnode_pre_mdbnode \<Rightarrow> 'a)               \<Rightarrow> 'b set                             \<Rightarrow> (mdbnode_pre_mdbnode      \<Rightarrow> 'b)     \<Rightarrow> ('a \<Rightarrow> 'b) \<Rightarrow> bool
Structures_H.mdbnode.alg_mdbnode	ExecSpec.Structures_H	'a set \<Rightarrow> (mdbnode_pre_mdbnode \<Rightarrow> 'a) \<Rightarrow> bool
Structures_H.mdbnode.Rep_mdbnode	ExecSpec.Structures_H	mdbnode \<Rightarrow> mdbnode.mdbnode_IITN_mdbnode               \<Rightarrow> (nat + mdbnode_pre_mdbnode) set                             \<Rightarrow> bool
Structures_H.mdbnode.Abs_mdbnode	ExecSpec.Structures_H	(mdbnode.mdbnode_IITN_mdbnode  \<Rightarrow> (nat + mdbnode_pre_mdbnode) set \<Rightarrow> bool) \<Rightarrow> mdbnode
Structures_H.mdbRevocable_update	ExecSpec.Structures_H	(bool \<Rightarrow> bool) \<Rightarrow> mdbnode \<Rightarrow> mdbnode
Structures_H.kernel_object.KOTCB	ExecSpec.Structures_H	tcb \<Rightarrow> kernel_object
Structures_H.kernel_object.KOCTE	ExecSpec.Structures_H	cte \<Rightarrow> kernel_object
Structures_H.capability.capEPPtr	ExecSpec.Structures_H	capability \<Rightarrow> 64 word
Structures_H.capability.ReplyCap	ExecSpec.Structures_H	64 word \<Rightarrow> bool \<Rightarrow> bool \<Rightarrow> capability
Structures_H.capability.CNodeCap	ExecSpec.Structures_H	64 word \<Rightarrow> nat               \<Rightarrow> 64 word                             \<Rightarrow> nat \<Rightarrow> capability
Structures_H.capZombiePtr_update	ExecSpec.Structures_H	(64 word \<Rightarrow> 64 word) \<Rightarrow> capability \<Rightarrow> capability
Structures_H.capNtfnBadge_update	ExecSpec.Structures_H	(64 word \<Rightarrow> 64 word) \<Rightarrow> capability \<Rightarrow> capability
Structures_H.capFreeIndex_update	ExecSpec.Structures_H	(nat \<Rightarrow> nat) \<Rightarrow> capability \<Rightarrow> capability
Structures_H.capEPCanSend_update	ExecSpec.Structures_H	(bool \<Rightarrow> bool) \<Rightarrow> capability \<Rightarrow> capability
Structures_H.capCNodeBits_update	ExecSpec.Structures_H	(nat \<Rightarrow> nat) \<Rightarrow> capability \<Rightarrow> capability
Structures_H.capBlockSize_update	ExecSpec.Structures_H	(nat \<Rightarrow> nat) \<Rightarrow> capability \<Rightarrow> capability
Structures_H.IRQHandlerCap_trans	ExecSpec.Structures_H	6 word \<Rightarrow> capability
Structures_H.BlockedOnSend_trans	ExecSpec.Structures_H	64 word \<Rightarrow> 64 word               \<Rightarrow> bool                             \<Rightarrow> bool     \<Rightarrow> bool \<Rightarrow> thread_state
Structures_H.ArchObjectCap_trans	ExecSpec.Structures_H	arch_capability \<Rightarrow> capability
Structs_B.tcb_flag.size_tcb_flag	ExecSpec.Structs_B	tcb_flag \<Rightarrow> nat
Structs_B.tcb_flag.dtor_tcb_flag	ExecSpec.Structs_B	tcb_flag \<Rightarrow> unit
Structs_B.tcb_flag.ctor_tcb_flag	ExecSpec.Structs_B	unit \<Rightarrow> tcb_flag
Structs_B.tcb_flag.case_tcb_flag	ExecSpec.Structs_B	'a \<Rightarrow> tcb_flag \<Rightarrow> 'a
State_H.RISCV64_H.syscallMessage	ExecSpec.State_H	register list
State_H.RISCV64_H.frameRegisters	ExecSpec.State_H	register list
PSpaceFuns_H.cNodePartialOverlap	ExecSpec.PSpaceFuns_H	(64 word \<Rightarrow> nat option) \<Rightarrow> (64 word \<Rightarrow> bool) \<Rightarrow> bool
NotificationDecls_H.cancelSignal	ExecSpec.NotificationDecls_H	64 word \<Rightarrow> 64 word \<Rightarrow> (global.kernel_state, unit) nondet_monad
MachineTypes.RISCV64.sstatusSPIE	ExecSpec.MachineTypes	64 word
MachineTypes.RISCV64.register.TP	ExecSpec.MachineTypes	register
MachineTypes.RISCV64.register.T6	ExecSpec.MachineTypes	register
MachineTypes.RISCV64.register.T5	ExecSpec.MachineTypes	register
MachineTypes.RISCV64.register.T4	ExecSpec.MachineTypes	register
MachineTypes.RISCV64.register.T3	ExecSpec.MachineTypes	register
MachineTypes.RISCV64.register.T2	ExecSpec.MachineTypes	register
MachineTypes.RISCV64.register.T1	ExecSpec.MachineTypes	register
MachineTypes.RISCV64.register.T0	ExecSpec.MachineTypes	register
MachineTypes.RISCV64.register.SP	ExecSpec.MachineTypes	register
MachineTypes.RISCV64.register.S9	ExecSpec.MachineTypes	register
MachineTypes.RISCV64.register.S8	ExecSpec.MachineTypes	register
MachineTypes.RISCV64.register.S7	ExecSpec.MachineTypes	register
MachineTypes.RISCV64.register.S6	ExecSpec.MachineTypes	register
MachineTypes.RISCV64.register.S5	ExecSpec.MachineTypes	register
MachineTypes.RISCV64.register.S4	ExecSpec.MachineTypes	register
MachineTypes.RISCV64.register.S3	ExecSpec.MachineTypes	register
MachineTypes.RISCV64.register.S2	ExecSpec.MachineTypes	register
MachineTypes.RISCV64.register.S1	ExecSpec.MachineTypes	register
MachineTypes.RISCV64.register.S0	ExecSpec.MachineTypes	register
MachineTypes.RISCV64.register.LR	ExecSpec.MachineTypes	register
MachineTypes.RISCV64.register.GP	ExecSpec.MachineTypes	register
MachineTypes.RISCV64.register.A7	ExecSpec.MachineTypes	register
MachineTypes.RISCV64.register.A6	ExecSpec.MachineTypes	register
MachineTypes.RISCV64.register.A5	ExecSpec.MachineTypes	register
MachineTypes.RISCV64.register.A4	ExecSpec.MachineTypes	register
MachineTypes.RISCV64.register.A3	ExecSpec.MachineTypes	register
MachineTypes.RISCV64.register.A2	ExecSpec.MachineTypes	register
MachineTypes.RISCV64.register.A1	ExecSpec.MachineTypes	register
MachineTypes.RISCV64.register.A0	ExecSpec.MachineTypes	register
MachineTypes.RISCV64.initContext	ExecSpec.MachineTypes	(register \<times> 64 word) list
MachineTypes.RISCV64.gpRegisters	ExecSpec.MachineTypes	register list
MachineTypes.RISCV64.capRegister	ExecSpec.MachineTypes	register
MachineOps.RISCV64.setVSpaceRoot	ExecSpec.MachineOps	64 word \<Rightarrow> 64 word \<Rightarrow> unit machine_monad
MachineOps.RISCV64.setIRQTrigger	ExecSpec.MachineOps	6 word \<Rightarrow> bool \<Rightarrow> unit machine_monad
MachineOps.RISCV64.maskInterrupt	ExecSpec.MachineOps	bool \<Rightarrow> 6 word \<Rightarrow> unit machine_monad
MachineOps.RISCV64.clearMemoryVM	ExecSpec.MachineOps	64 word \<Rightarrow> nat \<Rightarrow> unit machine_monad
Kernel_Config.config_PLAT_AM335X	ExecSpec.Kernel_Config	bool
Kernel_Config.config_ARCH_X86_64	ExecSpec.Kernel_Config	bool
KernelStateData_H.capHasProperty	ExecSpec.KernelStateData_H	64 word \<Rightarrow> (capability \<Rightarrow> bool)               \<Rightarrow> global.kernel_state \<Rightarrow> bool
KernelInit_H.newKSDomScheduleIdx	ExecSpec.KernelInit_H	nat
KernelInitMonad_H.nopBIFrameData	ExecSpec.KernelInitMonad_H	biframe_data
KernelInitMonad_H.init_data.more	ExecSpec.KernelInitMonad_H	'z init_data_scheme \<Rightarrow> 'z
KernelInitMonad_H.init_data.make	ExecSpec.KernelInitMonad_H	(64 word \<times> 64 word) list \<Rightarrow> 64 word               \<Rightarrow> 64 word                             \<Rightarrow> biframe_data     \<Rightarrow> 64 word                   \<Rightarrow> global.kernel_state                                 \<Rightarrow> KernelInitMonad_H.init_data
Invocations_H.setFlagsTCB_update	ExecSpec.Invocations_H	(64 word \<Rightarrow> 64 word) \<Rightarrow> tcbinvocation \<Rightarrow> tcbinvocation
Invocations_H.setFlagsSet_update	ExecSpec.Invocations_H	(64 word \<Rightarrow> 64 word) \<Rightarrow> tcbinvocation \<Rightarrow> tcbinvocation
Invocations_H.retypeSlots_update	ExecSpec.Invocations_H	(64 word list \<Rightarrow> 64 word list) \<Rightarrow> untyped_invocation \<Rightarrow> untyped_invocation
Invocations_H.domDuration_update	ExecSpec.Invocations_H	(64 word \<Rightarrow> 64 word) \<Rightarrow> domain_invocation \<Rightarrow> domain_invocation
InterruptDecls_H.handleInterrupt	ExecSpec.InterruptDecls_H	6 word \<Rightarrow> (global.kernel_state, unit) nondet_monad
Hardware_H.RISCV64_H.pte.rec_pte	ExecSpec.Hardware_H	'a \<Rightarrow> (64 word                   \<Rightarrow> bool                                 \<Rightarrow> bool         \<Rightarrow> bool \<Rightarrow> vmrights \<Rightarrow> 'a)                  \<Rightarrow> (64 word \<Rightarrow> bool \<Rightarrow> 'a)                                \<Rightarrow> RISCV64_H.pte \<Rightarrow> 'a
Hardware_H.RISCV64_H.pte.pteUser	ExecSpec.Hardware_H	RISCV64_H.pte \<Rightarrow> bool
Hardware_H.RISCV64_H.pte.mor_pte	ExecSpec.Hardware_H	'a set \<Rightarrow> (RISCV64_H.pte_pre_pte \<Rightarrow> 'a)               \<Rightarrow> 'b set                             \<Rightarrow> (RISCV64_H.pte_pre_pte      \<Rightarrow> 'b)     \<Rightarrow> ('a \<Rightarrow> 'b) \<Rightarrow> bool
Hardware_H.RISCV64_H.pte.alg_pte	ExecSpec.Hardware_H	'a set \<Rightarrow> (RISCV64_H.pte_pre_pte \<Rightarrow> 'a) \<Rightarrow> bool
Hardware_H.RISCV64_H.pte.Rep_pte	ExecSpec.Hardware_H	RISCV64_H.pte \<Rightarrow> RISCV64_H.pte.pte_IITN_pte               \<Rightarrow> (nat + RISCV64_H.pte_pre_pte) set                             \<Rightarrow> bool
Hardware_H.RISCV64_H.pte.PagePTE	ExecSpec.Hardware_H	64 word \<Rightarrow> bool               \<Rightarrow> bool                             \<Rightarrow> bool     \<Rightarrow> vmrights \<Rightarrow> RISCV64_H.pte
Hardware_H.RISCV64_H.pte.Abs_pte	ExecSpec.Hardware_H	(RISCV64_H.pte.pte_IITN_pte  \<Rightarrow> (nat + RISCV64_H.pte_pre_pte) set \<Rightarrow> bool) \<Rightarrow> RISCV64_H.pte
Hardware_H.RISCV64_H.getVMRights	ExecSpec.Hardware_H	bool \<Rightarrow> bool \<Rightarrow> vmrights
Fault_H.syscall_error.memoryLeft	ExecSpec.Fault_H	syscall_error \<Rightarrow> 64 word
Fault_H.syscall_error.RangeError	ExecSpec.Fault_H	64 word \<Rightarrow> 64 word \<Rightarrow> syscall_error
Fault_H.random_aux_syscall_error	ExecSpec.Fault_H	natural \<Rightarrow> natural               \<Rightarrow> natural \<times> natural                             \<Rightarrow> (syscall_error \<times>      (unit \<Rightarrow> term)) \<times>     natural \<times> natural
FaultHandlerDecls_H.sendFaultIPC	ExecSpec.FaultHandlerDecls_H	64 word \<Rightarrow> fault               \<Rightarrow> (global.kernel_state, fault + unit) nondet_monad
Event_H.syscall.str_init_syscall	ExecSpec.Event_H	syscall_pre_syscall \<Rightarrow> syscall.syscall_IITN_syscall               \<Rightarrow> (nat + syscall_pre_syscall) set                             \<Rightarrow> bool
Event_H.syscall.ctor_rec_syscall	ExecSpec.Event_H	(syscall_pre_syscall \<Rightarrow> 'a) \<Rightarrow> syscall \<Rightarrow> 'a
Domain_H.domainScheduleConfigure	ExecSpec.Domain_H	nat \<Rightarrow> 8 word               \<Rightarrow> 64 word                             \<Rightarrow> (global.kernel_state,      unit) nondet_monad
CSpace_H.resolveAddressBits_sumC	ExecSpec.CSpace_H	capability \<times> 64 word \<times> nat \<Rightarrow> (global.kernel_state,                lookup_failure + 64 word \<times> nat) nondet_monad
CSpaceDecls_H.resolveAddressBits	ExecSpec.CSpaceDecls_H	capability \<Rightarrow> 64 word               \<Rightarrow> nat                             \<Rightarrow> (global.kernel_state,      lookup_failure + 64 word \<times> nat) nondet_monad
CNode_H.slotCapLongRunningDelete	ExecSpec.CNode_H	64 word \<Rightarrow> (global.kernel_state, bool) nondet_monad
ArchTCB_H.RISCV64_H.postSetFlags	ExecSpec.ArchTCB_H	64 word \<Rightarrow> 64 word \<Rightarrow> (global.kernel_state, unit) nondet_monad
Types_H.random_aux_message_info	ExecSpec.Types_H	natural \<Rightarrow> natural               \<Rightarrow> natural \<times> natural                             \<Rightarrow> (message_info \<times>      (unit \<Rightarrow> term)) \<times>     natural \<times> natural
Types_H.random_aux_cap_transfer	ExecSpec.Types_H	natural \<Rightarrow> natural               \<Rightarrow> natural \<times> natural                             \<Rightarrow> (cap_transfer \<times>      (unit \<Rightarrow> term)) \<times>     natural \<times> natural
Types_H.random_aux_biframe_data	ExecSpec.Types_H	natural \<Rightarrow> natural               \<Rightarrow> natural \<times> natural                             \<Rightarrow> (biframe_data \<times>      (unit \<Rightarrow> term)) \<times>     natural \<times> natural
Types_H.msgCapsUnwrapped_update	ExecSpec.Types_H	(64 word \<Rightarrow> 64 word) \<Rightarrow> message_info \<Rightarrow> message_info
Types_H.init_data.rec_init_data	ExecSpec.Types_H	((64 word \<times> 64 word) list  \<Rightarrow> 64 word                \<Rightarrow> 64 word                              \<Rightarrow> biframe_data      \<Rightarrow> 64 word \<Rightarrow> 64 word \<Rightarrow> 'a) \<Rightarrow> Types_H.init_data \<Rightarrow> 'a
Types_H.init_data.mor_init_data	ExecSpec.Types_H	'a set \<Rightarrow> (init_data_pre_init_data \<Rightarrow> 'a)               \<Rightarrow> 'b set                             \<Rightarrow> (init_data_pre_init_data      \<Rightarrow> 'b)     \<Rightarrow> ('a \<Rightarrow> 'b) \<Rightarrow> bool
Types_H.init_data.alg_init_data	ExecSpec.Types_H	'a set \<Rightarrow> (init_data_pre_init_data \<Rightarrow> 'a) \<Rightarrow> bool
Types_H.init_data.Rep_init_data	ExecSpec.Types_H	Types_H.init_data \<Rightarrow> init_data.init_data_IITN_init_data               \<Rightarrow> (nat + init_data_pre_init_data) set                             \<Rightarrow> bool
Types_H.init_data.Abs_init_data	ExecSpec.Types_H	(init_data.init_data_IITN_init_data  \<Rightarrow> (nat + init_data_pre_init_data) set \<Rightarrow> bool) \<Rightarrow> Types_H.init_data
Types_H.cap_rights.capAllowRead	ExecSpec.Types_H	cap_rights \<Rightarrow> bool
Types_H.bifNumIOPTLevels_update	ExecSpec.Types_H	(32 word \<Rightarrow> 32 word) \<Rightarrow> biframe_data \<Rightarrow> biframe_data
Types_H.bifDeviceRegions_update	ExecSpec.Types_H	(bidevice_region list \<Rightarrow> bidevice_region list) \<Rightarrow> biframe_data \<Rightarrow> biframe_data
ThreadDecls_H.countLeadingZeros	ExecSpec.ThreadDecls_H	'b \<Rightarrow> nat
TCBDecls_H.decodeWriteRegisters	ExecSpec.TCBDecls_H	64 word list \<Rightarrow> capability               \<Rightarrow> (global.kernel_state,                              syscall_error + tcbinvocation) nondet_monad
TCBDecls_H.decodeSetSchedParams	ExecSpec.TCBDecls_H	64 word list \<Rightarrow> capability               \<Rightarrow> (capability \<times> 64 word) list                             \<Rightarrow> (global.kernel_state,      syscall_error + tcbinvocation) nondet_monad
Structures_H.user_data.UserData	ExecSpec.Structures_H	user_data
Structures_H.tcbQueueEnd_update	ExecSpec.Structures_H	(64 word option \<Rightarrow> 64 word option) \<Rightarrow> 64 word head_end_ptrs \<Rightarrow> 64 word head_end_ptrs
Structures_H.tcbPriority_update	ExecSpec.Structures_H	(8 word \<Rightarrow> 8 word) \<Rightarrow> tcb \<Rightarrow> tcb
Structures_H.random_aux_mdbnode	ExecSpec.Structures_H	natural \<Rightarrow> natural               \<Rightarrow> natural \<times> natural                             \<Rightarrow> (mdbnode \<times>      (unit \<Rightarrow> term)) \<times>     natural \<times> natural
Structures_H.ntfn.str_init_ntfn	ExecSpec.Structures_H	ntfn_pre_ntfn \<Rightarrow> ntfn.ntfn_IITN_ntfn               \<Rightarrow> (nat + ntfn_pre_ntfn) set \<Rightarrow> bool
Structures_H.ntfn.is_ActiveNtfn	ExecSpec.Structures_H	ntfn \<Rightarrow> bool
Structures_H.ntfn.ctor_rec_ntfn	ExecSpec.Structures_H	(ntfn_pre_ntfn \<Rightarrow> 'a) \<Rightarrow> ntfn \<Rightarrow> 'a
Structures_H.isBlockedOnReceive	ExecSpec.Structures_H	thread_state \<Rightarrow> bool
Structures_H.irqstate.IRQSignal	ExecSpec.Structures_H	irqstate
Structures_H.endpoint.is_SendEP	ExecSpec.Structures_H	endpoint \<Rightarrow> bool
Structures_H.endpoint.is_RecvEP	ExecSpec.Structures_H	endpoint \<Rightarrow> bool
Structures_H.capability.NullCap	ExecSpec.Structures_H	capability
Structures_H.capIsDevice_update	ExecSpec.Structures_H	(bool \<Rightarrow> bool) \<Rightarrow> capability \<Rightarrow> capability
Structures_H.capCNodePtr_update	ExecSpec.Structures_H	(64 word \<Rightarrow> 64 word) \<Rightarrow> capability \<Rightarrow> capability
Structs_B.tcb_flag.rec_tcb_flag	ExecSpec.Structs_B	'a \<Rightarrow> tcb_flag \<Rightarrow> 'a
Structs_B.tcb_flag.mor_tcb_flag	ExecSpec.Structs_B	'a set \<Rightarrow> (unit \<Rightarrow> 'a)               \<Rightarrow> 'b set                             \<Rightarrow> (unit \<Rightarrow> 'b)     \<Rightarrow> ('a \<Rightarrow> 'b) \<Rightarrow> bool
Structs_B.tcb_flag.alg_tcb_flag	ExecSpec.Structs_B	'a set \<Rightarrow> (unit \<Rightarrow> 'a) \<Rightarrow> bool
Structs_B.tcb_flag.Rep_tcb_flag	ExecSpec.Structs_B	tcb_flag \<Rightarrow> tcb_flag.tcb_flag_IITN_tcb_flag               \<Rightarrow> (nat + unit) set \<Rightarrow> bool
Structs_B.tcb_flag.Abs_tcb_flag	ExecSpec.Structs_B	(tcb_flag.tcb_flag_IITN_tcb_flag  \<Rightarrow> (nat + unit) set \<Rightarrow> bool) \<Rightarrow> tcb_flag
State_H.RISCV64_H.faultRegister	ExecSpec.State_H	register
State_H.RISCV64_H.badgeRegister	ExecSpec.State_H	register
RetypeDecls_H.performInvocation	ExecSpec.RetypeDecls_H	bool \<Rightarrow> bool               \<Rightarrow> global.invocation                             \<Rightarrow> (global.kernel_state,      6 word + 64 word list) nondet_monad
RetypeDecls_H.deletedIRQHandler	ExecSpec.RetypeDecls_H	6 word \<Rightarrow> (global.kernel_state, unit) nondet_monad
Platform.RISCV64.pptrBaseOffset	ExecSpec.Platform	64 word
Platform.RISCV64.pageColourBits	ExecSpec.Platform	nat
PSpaceStorable_H.magnitudeCheck	ExecSpec.PSpaceStorable_H	64 word \<Rightarrow> 64 word option               \<Rightarrow> nat                             \<Rightarrow> (global.kernel_state,      unit) nondet_monad
MachineTypes.machine_state.more	ExecSpec.MachineTypes	'z RISCV64.machine_state_scheme \<Rightarrow> 'z
MachineTypes.machine_state.make	ExecSpec.MachineTypes	(6 word \<Rightarrow> bool) \<Rightarrow> nat               \<Rightarrow> (64 word \<Rightarrow> 8 word)                             \<Rightarrow> (64 word      \<Rightarrow> 8 word option)     \<Rightarrow> machine_state_rest \<Rightarrow> machine_state
MachineOps.RISCV64.getRestartPC	ExecSpec.MachineOps	(user_context, 64 word) nondet_monad
MachineOps.RISCV64.getActiveIRQ	ExecSpec.MachineOps	bool \<Rightarrow> 6 word option machine_monad
MachineOps.RISCV64.ackInterrupt	ExecSpec.MachineOps	6 word \<Rightarrow> unit machine_monad
Kernel_Config.retypeFanOutLimit	ExecSpec.Kernel_Config	64 word
Kernel_Config.config_PLAT_OMAP3	ExecSpec.Kernel_Config	bool
Kernel_Config.config_ARM_GIC_V3	ExecSpec.Kernel_Config	bool
KernelStateData_H.setIdleThread	ExecSpec.KernelStateData_H	64 word \<Rightarrow> (global.kernel_state, unit) nondet_monad
KernelStateData_H.getIdleThread	ExecSpec.KernelStateData_H	(global.kernel_state, 64 word) nondet_monad
KernelStateData_H.getDomainTime	ExecSpec.KernelStateData_H	(global.kernel_state, 64 word) nondet_monad
KernelStateData_H.decDomainTime	ExecSpec.KernelStateData_H	(global.kernel_state, unit) nondet_monad
KernelInitMonad_H.noInitFailure	ExecSpec.KernelInitMonad_H	(KernelInitMonad_H.init_data, 'a) nondet_monad \<Rightarrow> (KernelInitMonad_H.init_data, init_failure + 'a) nondet_monad
KernelInitMonad_H.biCapITIPCBuf	ExecSpec.KernelInitMonad_H	64 word
KernelInitMonad_H.biCapDynStart	ExecSpec.KernelInitMonad_H	64 word
KI_Decls_H.maxNumFreememRegions	ExecSpec.KI_Decls_H	nat
Invocations_H.tcNewVRoot_update	ExecSpec.Invocations_H	((capability \<times> 64 word) option  \<Rightarrow> (capability \<times> 64 word) option) \<Rightarrow> tcbinvocation \<Rightarrow> tcbinvocation
Invocations_H.tcNewCRoot_update	ExecSpec.Invocations_H	((capability \<times> 64 word) option  \<Rightarrow> (capability \<times> 64 word) option) \<Rightarrow> tcbinvocation \<Rightarrow> tcbinvocation
Invocations_H.targetSlot_update	ExecSpec.Invocations_H	(64 word \<Rightarrow> 64 word) \<Rightarrow> cnode_invocation \<Rightarrow> cnode_invocation
Invocations_H.sourceSlot_update	ExecSpec.Invocations_H	(64 word \<Rightarrow> 64 word) \<Rightarrow> cnode_invocation \<Rightarrow> cnode_invocation
Invocations_H.isIssueIRQHandler	ExecSpec.Invocations_H	irqcontrol_invocation \<Rightarrow> bool
Invocations_H.isInvokeDomainSet	ExecSpec.Invocations_H	domain_invocation \<Rightarrow> bool
Invocations_H.isClearIRQHandler	ExecSpec.Invocations_H	irqhandler_invocation \<Rightarrow> bool
Invocations_H.genInvocationType	ExecSpec.Invocations_H	64 word \<Rightarrow> gen_invocation_labels
Hardware_H.RISCV64_H.pte.ptePPN	ExecSpec.Hardware_H	RISCV64_H.pte \<Rightarrow> 64 word
Hardware_H.RISCV64_H.allowWrite	ExecSpec.Hardware_H	vmrights \<Rightarrow> bool
Fault_H.random_aux_init_failure	ExecSpec.Fault_H	natural \<Rightarrow> natural               \<Rightarrow> natural \<times> natural                             \<Rightarrow> (init_failure \<times>      (unit \<Rightarrow> term)) \<times>     natural \<times> natural
Fault_H.invalidCapNumber_update	ExecSpec.Fault_H	(nat \<Rightarrow> nat) \<Rightarrow> syscall_error \<Rightarrow> syscall_error
Fault_H.MissingCapability_trans	ExecSpec.Fault_H	nat \<Rightarrow> lookup_failure
Fault_H.InvalidCapability_trans	ExecSpec.Fault_H	nat \<Rightarrow> syscall_error
FaultHandler_H.makeFaultMessage	ExecSpec.FaultHandler_H	fault \<Rightarrow> 64 word               \<Rightarrow> (global.kernel_state,                              64 word \<times> 64 word list) nondet_monad
FaultHandler_H.handleFaultReply	ExecSpec.FaultHandler_H	fault \<Rightarrow> 64 word               \<Rightarrow> 64 word                             \<Rightarrow> 64 word list     \<Rightarrow> (global.kernel_state, bool) nondet_monad
FaultHandlerDecls_H.handleFault	ExecSpec.FaultHandlerDecls_H	64 word \<Rightarrow> fault \<Rightarrow> (global.kernel_state, unit) nondet_monad
Event_H.syscall.min_alg_syscall	ExecSpec.Event_H	(syscall_pre_syscall \<Rightarrow> 'a) \<Rightarrow> 'a set
EndpointDecls_H.replyFromKernel	ExecSpec.EndpointDecls_H	64 word \<Rightarrow> 64 word \<times> 64 word list               \<Rightarrow> (global.kernel_state, unit) nondet_monad
Domain_H.decodeDomainInvocation	ExecSpec.Domain_H	64 word \<Rightarrow> 64 word list               \<Rightarrow> (capability \<times> 64 word) list                             \<Rightarrow> (global.kernel_state,      syscall_error + domain_invocation) nondet_monad
CSpace_H.resolveAddressBits_rel	ExecSpec.CSpace_H	capability \<times> 64 word \<times> nat \<Rightarrow> capability \<times> 64 word \<times> nat \<Rightarrow> bool
CSpace_H.resolveAddressBits_dom	ExecSpec.CSpace_H	capability \<times> 64 word \<times> nat \<Rightarrow> bool
ArchTypes_H.RISCV64_H.toAPIType	ExecSpec.ArchTypes_H	object_type \<Rightarrow> apiobject_type option
ArchStructures_H.RISCV64_H.ASID	ExecSpec.ArchStructures_H	64 word \<Rightarrow> 64 word
Types_H.message_info.msgLength	ExecSpec.Types_H	message_info \<Rightarrow> 64 word
Types_H.init_data.initBootInfo	ExecSpec.Types_H	Types_H.init_data \<Rightarrow> biframe_data
Types_H.biframe_data.bifNodeID	ExecSpec.Types_H	biframe_data \<Rightarrow> 32 word
ThreadDecls_H.removeFromBitmap	ExecSpec.ThreadDecls_H	8 word \<Rightarrow> 8 word \<Rightarrow> (global.kernel_state, unit) nondet_monad
ThreadDecls_H.possibleSwitchTo	ExecSpec.ThreadDecls_H	64 word \<Rightarrow> (global.kernel_state, unit) nondet_monad
ThreadDecls_H.doNormalTransfer	ExecSpec.ThreadDecls_H	64 word \<Rightarrow> 64 word option               \<Rightarrow> 64 word option                             \<Rightarrow> 64 word     \<Rightarrow> bool                   \<Rightarrow> 64 word                                 \<Rightarrow> 64 word option         \<Rightarrow> (global.kernel_state, unit) nondet_monad
TCBDecls_H.getThreadVSpaceRoot	ExecSpec.TCBDecls_H	64 word \<Rightarrow> (global.kernel_state, 64 word) nondet_monad
TCBDecls_H.getThreadCallerSlot	ExecSpec.TCBDecls_H	64 word \<Rightarrow> (global.kernel_state, 64 word) nondet_monad
TCBDecls_H.getThreadCSpaceRoot	ExecSpec.TCBDecls_H	64 word \<Rightarrow> (global.kernel_state, 64 word) nondet_monad
TCBDecls_H.getThreadBufferSlot	ExecSpec.TCBDecls_H	64 word \<Rightarrow> (global.kernel_state, 64 word) nondet_monad
TCBDecls_H.decodeTCBInvocation	ExecSpec.TCBDecls_H	64 word \<Rightarrow> 64 word list               \<Rightarrow> capability                             \<Rightarrow> 64 word     \<Rightarrow> (capability \<times> 64 word) list                   \<Rightarrow> (global.kernel_state,                                  syscall_error + tcbinvocation) nondet_monad
TCBDecls_H.decodeSetMCPriority	ExecSpec.TCBDecls_H	64 word list \<Rightarrow> capability               \<Rightarrow> (capability \<times> 64 word) list                             \<Rightarrow> (global.kernel_state,      syscall_error + tcbinvocation) nondet_monad
TCBDecls_H.decodeReadRegisters	ExecSpec.TCBDecls_H	64 word list \<Rightarrow> capability               \<Rightarrow> (global.kernel_state,                              syscall_error + tcbinvocation) nondet_monad
TCBDecls_H.decodeCopyRegisters	ExecSpec.TCBDecls_H	64 word list \<Rightarrow> capability               \<Rightarrow> capability list                             \<Rightarrow> (global.kernel_state,      syscall_error + tcbinvocation) nondet_monad
Structures_H.tcb.ctor_fold_tcb	ExecSpec.Structures_H	(tcb_pre_tcb \<Rightarrow> 'a) \<Rightarrow> tcb \<Rightarrow> 'a
Structures_H.ntfn.min_alg_ntfn	ExecSpec.Structures_H	(ntfn_pre_ntfn \<Rightarrow> 'a) \<Rightarrow> 'a set
Structures_H.notification.NTFN	ExecSpec.Structures_H	ntfn \<Rightarrow> 64 word option \<Rightarrow> notification
Structures_H.maxDomainDuration	ExecSpec.Structures_H	64 word
Structures_H.isNotificationCap	ExecSpec.Structures_H	capability \<Rightarrow> bool
Structures_H.isIdleThreadState	ExecSpec.Structures_H	thread_state \<Rightarrow> bool
Structures_H.isChooseNewThread	ExecSpec.Structures_H	scheduler_action \<Rightarrow> bool
Structures_H.irqstate.IRQTimer	ExecSpec.Structures_H	irqstate
Structures_H.cteMDBNode_update	ExecSpec.Structures_H	(mdbnode \<Rightarrow> mdbnode) \<Rightarrow> cte \<Rightarrow> cte
Structures_H.cte.ctor_fold_cte	ExecSpec.Structures_H	(capability \<times> mdbnode \<Rightarrow> 'a) \<Rightarrow> cte \<Rightarrow> 'a
Structures_H.capability.capPtr	ExecSpec.Structures_H	capability \<Rightarrow> 64 word
Structures_H.capability.capIRQ	ExecSpec.Structures_H	capability \<Rightarrow> 6 word
Structures_H.capability.capCap	ExecSpec.Structures_H	capability \<Rightarrow> arch_capability
Structures_H.capability.Zombie	ExecSpec.Structures_H	64 word \<Rightarrow> zombie_type \<Rightarrow> nat \<Rightarrow> capability
Structures_H.capNtfnPtr_update	ExecSpec.Structures_H	(64 word \<Rightarrow> 64 word) \<Rightarrow> capability \<Rightarrow> capability
Structures_H.capEPBadge_update	ExecSpec.Structures_H	(64 word \<Rightarrow> 64 word) \<Rightarrow> capability \<Rightarrow> capability
Structures_H.ZombieCNode_trans	ExecSpec.Structures_H	nat \<Rightarrow> zombie_type
Structures_H.WaitingNtfn_trans	ExecSpec.Structures_H	64 word list \<Rightarrow> ntfn
Structures_H.EndpointCap_trans	ExecSpec.Structures_H	64 word \<Rightarrow> 64 word               \<Rightarrow> bool                             \<Rightarrow> bool     \<Rightarrow> bool \<Rightarrow> bool \<Rightarrow> capability
Structs_B.tcb_flag.FpuDisabled	ExecSpec.Structs_B	tcb_flag
State_H.RISCV64_H.msgRegisters	ExecSpec.State_H	register list
RetypeDecls_H.decodeInvocation	ExecSpec.RetypeDecls_H	64 word \<Rightarrow> 64 word list               \<Rightarrow> 64 word                             \<Rightarrow> 64 word     \<Rightarrow> capability                   \<Rightarrow> (capability \<times> 64 word) list                                 \<Rightarrow> (global.kernel_state,          syscall_error + global.invocation) nondet_monad
Platform.RISCV64.kernelELFBase	ExecSpec.Platform	64 word
Platform.RISCV64.canonical_bit	ExecSpec.Platform	nat
Platform.RISCV64.addrFromKPPtr	ExecSpec.Platform	64 word \<Rightarrow> 64 word
PSpaceFuns_H.pointerInUserData	ExecSpec.PSpaceFuns_H	64 word \<Rightarrow> global.kernel_state \<Rightarrow> bool
NotificationDecls_H.sendSignal	ExecSpec.NotificationDecls_H	64 word \<Rightarrow> 64 word \<Rightarrow> (global.kernel_state, unit) nondet_monad
MachineOps.RISCV64.storeWordVM	ExecSpec.MachineOps	64 word \<Rightarrow> 64 word \<Rightarrow> unit machine_monad
MachineOps.RISCV64.sfence_impl	ExecSpec.MachineOps	(machine_state_rest, unit) nondet_monad
MachineOps.RISCV64.setRegister	ExecSpec.MachineOps	register \<Rightarrow> 64 word \<Rightarrow> (user_context, unit) nondet_monad
MachineOps.RISCV64.initL2Cache	ExecSpec.MachineOps	unit machine_monad
MachineOps.RISCV64.hwASIDFlush	ExecSpec.MachineOps	64 word \<Rightarrow> unit machine_monad
MachineOps.RISCV64.getRegister	ExecSpec.MachineOps	register \<Rightarrow> (user_context, 64 word) nondet_monad
MachineOps.RISCV64.clearMemory	ExecSpec.MachineOps	64 word \<Rightarrow> nat \<Rightarrow> unit machine_monad
MachineMonad.machine_rest_lift	ExecSpec.MachineMonad	(machine_state_rest, 'a) nondet_monad \<Rightarrow> 'a machine_monad
Kernel_Config.config_ARCH_IA32	ExecSpec.Kernel_Config	bool
Kernel_Config.CONFIG_WORD_SIZE	ExecSpec.Kernel_Config	nat
KernelStateData_H.setWorkUnits	ExecSpec.KernelStateData_H	64 word \<Rightarrow> (global.kernel_state, unit) nondet_monad
KernelStateData_H.setCurThread	ExecSpec.KernelStateData_H	64 word \<Rightarrow> (global.kernel_state, unit) nondet_monad
KernelStateData_H.getWorkUnits	ExecSpec.KernelStateData_H	(global.kernel_state, 64 word) nondet_monad
KernelStateData_H.getCurThread	ExecSpec.KernelStateData_H	(global.kernel_state, 64 word) nondet_monad
KernelInitMonad_H.biCapITCNode	ExecSpec.KernelInitMonad_H	64 word
KernelInitMonad_H.biCapIOSpace	ExecSpec.KernelInitMonad_H	64 word
KernelInitMonad_H.biCapBIFrame	ExecSpec.KernelInitMonad_H	64 word
KI_Decls_H.createUntypedObject	ExecSpec.KI_Decls_H	capability \<Rightarrow> 64 word \<times> 64 word               \<Rightarrow> (KernelInitMonad_H.init_data,                              init_failure + unit) nondet_monad
KI_Decls_H.createInitialThread	ExecSpec.KI_Decls_H	capability \<Rightarrow> capability               \<Rightarrow> capability                             \<Rightarrow> 64 word     \<Rightarrow> 64 word                   \<Rightarrow> 64 word                                 \<Rightarrow> (KernelInitMonad_H.init_data,          init_failure + unit) nondet_monad
Invocations_H.pivotSlot_update	ExecSpec.Invocations_H	(64 word \<Rightarrow> 64 word) \<Rightarrow> cnode_invocation \<Rightarrow> cnode_invocation
Invocations_H.isWriteRegisters	ExecSpec.Invocations_H	tcbinvocation \<Rightarrow> bool
Invocations_H.isArchIRQControl	ExecSpec.Invocations_H	irqcontrol_invocation \<Rightarrow> bool
Invocations_H.insertCap_update	ExecSpec.Invocations_H	(capability \<Rightarrow> capability) \<Rightarrow> cnode_invocation \<Rightarrow> cnode_invocation
Invocations_H.domThread_update	ExecSpec.Invocations_H	(64 word \<Rightarrow> 64 word) \<Rightarrow> domain_invocation \<Rightarrow> domain_invocation
Invocations_H.domDomain_update	ExecSpec.Invocations_H	(8 word \<Rightarrow> 8 word) \<Rightarrow> domain_invocation \<Rightarrow> domain_invocation
Invocations_H.SetTLSBase_trans	ExecSpec.Invocations_H	64 word \<Rightarrow> 64 word \<Rightarrow> tcbinvocation
Invocations_H.SaveCaller_trans	ExecSpec.Invocations_H	64 word \<Rightarrow> cnode_invocation
Hardware_H.RISCV64_H.isPagePTE	ExecSpec.Hardware_H	RISCV64_H.pte \<Rightarrow> bool
Hardware_H.RISCV64_H.fromPAddr	ExecSpec.Hardware_H	64 word \<Rightarrow> 64 word
Hardware_H.RISCV64_H.allowRead	ExecSpec.Hardware_H	vmrights \<Rightarrow> bool
Fault_H.fault.is_UserException	ExecSpec.Fault_H	fault \<Rightarrow> bool
Fault_H.capFaultFailure_update	ExecSpec.Fault_H	(lookup_failure \<Rightarrow> lookup_failure) \<Rightarrow> fault \<Rightarrow> fault
Fault_H.capFaultAddress_update	ExecSpec.Fault_H	(64 word \<Rightarrow> 64 word) \<Rightarrow> fault \<Rightarrow> fault
FaultMonad_H.withoutPreemption	ExecSpec.FaultMonad_H	(global.kernel_state, 'a) nondet_monad \<Rightarrow> (global.kernel_state, 6 word + 'a) nondet_monad
FaultMonad_H.capFaultOnFailure	ExecSpec.FaultMonad_H	64 word \<Rightarrow> bool               \<Rightarrow> (global.kernel_state,                              lookup_failure + 'a) nondet_monad                             \<Rightarrow> (global.kernel_state,      fault + 'a) nondet_monad
Domain_H.decodeDomainConfigure	ExecSpec.Domain_H	64 word list \<Rightarrow> (capability \<times> 64 word) list               \<Rightarrow> (global.kernel_state,                              syscall_error + domain_invocation) nondet_monad
CSpaceDecls_H.lookupTargetSlot	ExecSpec.CSpaceDecls_H	capability \<Rightarrow> 64 word               \<Rightarrow> nat                             \<Rightarrow> (global.kernel_state,      syscall_error + 64 word) nondet_monad
CSpaceDecls_H.lookupSourceSlot	ExecSpec.CSpaceDecls_H	capability \<Rightarrow> 64 word               \<Rightarrow> nat                             \<Rightarrow> (global.kernel_state,      syscall_error + 64 word) nondet_monad
CSpaceDecls_H.lookupCapAndSlot	ExecSpec.CSpaceDecls_H	64 word \<Rightarrow> 64 word               \<Rightarrow> (global.kernel_state,                              lookup_failure +                              capability \<times> 64 word) nondet_monad
CNode_H.updateTrackedFreeIndex	ExecSpec.CNode_H	64 word \<Rightarrow> nat \<Rightarrow> (global.kernel_state, unit) nondet_monad
ArchTypes_H.RISCV64_H.pageType	ExecSpec.ArchTypes_H	object_type
API_H.fastpathKernelAssertions	ExecSpec.API_H	global.kernel_state \<Rightarrow> bool
Types_H.random_aux_cap_rights	ExecSpec.Types_H	natural \<Rightarrow> natural               \<Rightarrow> natural \<times> natural                             \<Rightarrow> (cap_rights \<times>      (unit \<Rightarrow> term)) \<times>     natural \<times> natural
Types_H.message_info.msgLabel	ExecSpec.Types_H	message_info \<Rightarrow> 64 word
Types_H.initVPtrOffset_update	ExecSpec.Types_H	(64 word \<Rightarrow> 64 word) \<Rightarrow> Types_H.init_data \<Rightarrow> Types_H.init_data
Types_H.initSlotPosMax_update	ExecSpec.Types_H	(64 word \<Rightarrow> 64 word) \<Rightarrow> Types_H.init_data \<Rightarrow> Types_H.init_data
Types_H.initSlotPosCur_update	ExecSpec.Types_H	(64 word \<Rightarrow> 64 word) \<Rightarrow> Types_H.init_data \<Rightarrow> Types_H.init_data
Types_H.initFreeMemory_update	ExecSpec.Types_H	((64 word \<times> 64 word) list  \<Rightarrow> (64 word \<times> 64 word) list) \<Rightarrow> Types_H.init_data \<Rightarrow> Types_H.init_data
Types_H.ctReceiveIndex_update	ExecSpec.Types_H	(64 word \<Rightarrow> 64 word) \<Rightarrow> cap_transfer \<Rightarrow> cap_transfer
Types_H.ctReceiveDepth_update	ExecSpec.Types_H	(nat \<Rightarrow> nat) \<Rightarrow> cap_transfer \<Rightarrow> cap_transfer
Types_H.bifUIFrameCaps_update	ExecSpec.Types_H	(64 word list \<Rightarrow> 64 word list) \<Rightarrow> biframe_data \<Rightarrow> biframe_data
ThreadDecls_H.updateRestartPC	ExecSpec.ThreadDecls_H	64 word \<Rightarrow> (global.kernel_state, unit) nondet_monad
ThreadDecls_H.tcbSchedEnqueue	ExecSpec.ThreadDecls_H	64 word \<Rightarrow> (global.kernel_state, unit) nondet_monad
ThreadDecls_H.tcbSchedDequeue	ExecSpec.ThreadDecls_H	64 word \<Rightarrow> (global.kernel_state, unit) nondet_monad
ThreadDecls_H.tcbQueuePrepend	ExecSpec.ThreadDecls_H	64 word head_end_ptrs \<Rightarrow> 64 word               \<Rightarrow> (global.kernel_state,                              64 word head_end_ptrs) nondet_monad
ThreadDecls_H.doReplyTransfer	ExecSpec.ThreadDecls_H	64 word \<Rightarrow> 64 word               \<Rightarrow> 64 word                             \<Rightarrow> bool     \<Rightarrow> (global.kernel_state, unit) nondet_monad
ThreadDecls_H.doFaultTransfer	ExecSpec.ThreadDecls_H	64 word \<Rightarrow> 64 word               \<Rightarrow> 64 word                             \<Rightarrow> 64 word option     \<Rightarrow> (global.kernel_state, unit) nondet_monad
TCBDecls_H.getThreadReplySlot	ExecSpec.TCBDecls_H	64 word \<Rightarrow> (global.kernel_state, 64 word) nondet_monad
TCBDecls_H.decodeTCBConfigure	ExecSpec.TCBDecls_H	64 word list \<Rightarrow> capability               \<Rightarrow> 64 word                             \<Rightarrow> (capability \<times> 64 word) list     \<Rightarrow> (global.kernel_state,                    syscall_error + tcbinvocation) nondet_monad
TCBDecls_H.decodeSetIPCBuffer	ExecSpec.TCBDecls_H	64 word list \<Rightarrow> capability               \<Rightarrow> 64 word                             \<Rightarrow> (capability \<times> 64 word) list     \<Rightarrow> (global.kernel_state,                    syscall_error + tcbinvocation) nondet_monad
Structures_H.untypedZeroRange	ExecSpec.Structures_H	capability \<Rightarrow> (64 word \<times> 64 word) option
Structures_H.tcbVTable_update	ExecSpec.Structures_H	(cte \<Rightarrow> cte) \<Rightarrow> tcb \<Rightarrow> tcb
Structures_H.tcbQueued_update	ExecSpec.Structures_H	(bool \<Rightarrow> bool) \<Rightarrow> tcb \<Rightarrow> tcb
Structures_H.tcbIPCBufferSlot	ExecSpec.Structures_H	64 word
Structures_H.tcbDomain_update	ExecSpec.Structures_H	(8 word \<Rightarrow> 8 word) \<Rightarrow> tcb \<Rightarrow> tcb
Structures_H.tcbCaller_update	ExecSpec.Structures_H	(cte \<Rightarrow> cte) \<Rightarrow> tcb \<Rightarrow> tcb
Structures_H.tcbCTable_update	ExecSpec.Structures_H	(cte \<Rightarrow> cte) \<Rightarrow> tcb \<Rightarrow> tcb
Structures_H.tcb.tcbTimeSlice	ExecSpec.Structures_H	tcb \<Rightarrow> nat
Structures_H.tcb.tcbSchedPrev	ExecSpec.Structures_H	tcb \<Rightarrow> 64 word option
Structures_H.tcb.tcbSchedNext	ExecSpec.Structures_H	tcb \<Rightarrow> 64 word option
Structures_H.tcb.tcbIPCBuffer	ExecSpec.Structures_H	tcb \<Rightarrow> 64 word
Structures_H.tcb.str_init_tcb	ExecSpec.Structures_H	tcb_pre_tcb \<Rightarrow> tcb.tcb_IITN_tcb               \<Rightarrow> (nat + tcb_pre_tcb) set \<Rightarrow> bool
Structures_H.tcb.ctor_rec_tcb	ExecSpec.Structures_H	(tcb_pre_tcb \<Rightarrow> 'a) \<Rightarrow> tcb \<Rightarrow> 'a
Structures_H.ntfnQueue_update	ExecSpec.Structures_H	(64 word list \<Rightarrow> 64 word list) \<Rightarrow> ntfn \<Rightarrow> ntfn
Structures_H.ntfn.WaitingNtfn	ExecSpec.Structures_H	64 word list \<Rightarrow> ntfn
Structures_H.isSwitchToThread	ExecSpec.Structures_H	scheduler_action \<Rightarrow> bool
Structures_H.isBlockedOnReply	ExecSpec.Structures_H	thread_state \<Rightarrow> bool
Structures_H.endpoint.epQueue	ExecSpec.Structures_H	endpoint \<Rightarrow> 64 word list
Structures_H.cte.str_init_cte	ExecSpec.Structures_H	capability \<times> mdbnode \<Rightarrow> cte.cte_IITN_cte               \<Rightarrow> (nat + capability \<times> mdbnode) set                             \<Rightarrow> bool
Structures_H.cte.ctor_rec_cte	ExecSpec.Structures_H	(capability \<times> mdbnode \<Rightarrow> 'a) \<Rightarrow> cte \<Rightarrow> 'a
Structures_H.capTCBPtr_update	ExecSpec.Structures_H	(64 word \<Rightarrow> 64 word) \<Rightarrow> capability \<Rightarrow> capability
Structures_H.UntypedCap_trans	ExecSpec.Structures_H	bool \<Rightarrow> 64 word               \<Rightarrow> nat \<Rightarrow> nat \<Rightarrow> capability
Structures_H.ActiveNtfn_trans	ExecSpec.Structures_H	64 word \<Rightarrow> ntfn
Structs_B.random_aux_tcb_flag	ExecSpec.Structs_B	natural \<Rightarrow> natural               \<Rightarrow> natural \<times> natural                             \<Rightarrow> (tcb_flag \<times>      (unit \<Rightarrow> term)) \<times>     natural \<times> natural
State_H.RISCV64_H.nullPointer	ExecSpec.State_H	64 word
State_H.RISCV64_H.gpRegisters	ExecSpec.State_H	register list
State_H.RISCV64_H.capRegister	ExecSpec.State_H	register
RetypeDecls_H.postCapDeletion	ExecSpec.RetypeDecls_H	capability \<Rightarrow> (global.kernel_state, unit) nondet_monad
Platform.RISCV64.ptrFromPAddr	ExecSpec.Platform	64 word \<Rightarrow> 64 word
Platform.RISCV64.addrFromPPtr	ExecSpec.Platform	64 word \<Rightarrow> 64 word
MachineTypes.RISCV64.pageBits	ExecSpec.MachineTypes	nat
MachineOps.RISCV64.resetTimer	ExecSpec.MachineOps	unit machine_monad
MachineOps.RISCV64.read_stval	ExecSpec.MachineOps	64 word machine_monad
MachineOps.RISCV64.initMemory	ExecSpec.MachineOps	64 word \<Rightarrow> nat \<Rightarrow> unit machine_monad
MachineOps.RISCV64.freeMemory	ExecSpec.MachineOps	64 word \<Rightarrow> nat \<Rightarrow> unit machine_monad
MachineOps.RISCV64.debugPrint	ExecSpec.MachineOps	unit list \<Rightarrow> unit machine_monad
Kernel_Config.config_HAVE_FPU	ExecSpec.Kernel_Config	bool
Kernel_Config.CONFIG_FASTPATH	ExecSpec.Kernel_Config	bool
KernelStateData_H.doMachineOp	ExecSpec.KernelStateData_H	'a machine_monad \<Rightarrow> (global.kernel_state, 'a) nondet_monad
KernelInit_H.newKSDomSchedule	ExecSpec.KernelInit_H	(8 word \<times> 64 word) list
KernelInitMonad_H.biCapIOPort	ExecSpec.KernelInitMonad_H	64 word
KI_Decls_H.minNum4kUntypedObj	ExecSpec.KI_Decls_H	nat
Invocations_H.tcThread_update	ExecSpec.Invocations_H	(64 word \<Rightarrow> 64 word) \<Rightarrow> tcbinvocation \<Rightarrow> tcbinvocation
Invocations_H.moveCap2_update	ExecSpec.Invocations_H	(capability \<Rightarrow> capability) \<Rightarrow> cnode_invocation \<Rightarrow> cnode_invocation
Invocations_H.moveCap1_update	ExecSpec.Invocations_H	(capability \<Rightarrow> capability) \<Rightarrow> cnode_invocation \<Rightarrow> cnode_invocation
Invocations_H.isThreadControl	ExecSpec.Invocations_H	tcbinvocation \<Rightarrow> bool
Invocations_H.isSetIRQHandler	ExecSpec.Invocations_H	irqhandler_invocation \<Rightarrow> bool
Invocations_H.isReadRegisters	ExecSpec.Invocations_H	tcbinvocation \<Rightarrow> bool
Invocations_H.isCopyRegisters	ExecSpec.Invocations_H	tcbinvocation \<Rightarrow> bool
Invocations_H.domIndex_update	ExecSpec.Invocations_H	(nat \<Rightarrow> nat) \<Rightarrow> domain_invocation \<Rightarrow> domain_invocation
Intermediate_H.createObjects'	ExecSpec.Intermediate_H	64 word \<Rightarrow> nat               \<Rightarrow> kernel_object                             \<Rightarrow> nat     \<Rightarrow> (global.kernel_state, unit) nondet_monad
Fault_H.init_failure.IFailure	ExecSpec.Fault_H	init_failure
Fault_H.fault.ctor_fold_fault	ExecSpec.Fault_H	(fault_pre_fault \<Rightarrow> 'a) \<Rightarrow> fault \<Rightarrow> 'a
Fault_H.fault.capFaultFailure	ExecSpec.Fault_H	fault \<Rightarrow> lookup_failure
Fault_H.fault.capFaultAddress	ExecSpec.Fault_H	fault \<Rightarrow> 64 word
Fault_H.NotEnoughMemory_trans	ExecSpec.Fault_H	64 word \<Rightarrow> syscall_error
Fault_H.InvalidArgument_trans	ExecSpec.Fault_H	nat \<Rightarrow> syscall_error
FaultMonad_H.nullCapOnFailure	ExecSpec.FaultMonad_H	(global.kernel_state, 'f + capability) nondet_monad \<Rightarrow> (global.kernel_state, capability) nondet_monad
FaultMonad_H.nothingOnFailure	ExecSpec.FaultMonad_H	(global.kernel_state, 'f + 'a option) nondet_monad \<Rightarrow> (global.kernel_state, 'a option) nondet_monad
Event_H.event.ctor_fold_event	ExecSpec.Event_H	(event_pre_event \<Rightarrow> 'a) \<Rightarrow> event \<Rightarrow> 'a
Event_H.event.HypervisorEvent	ExecSpec.Event_H	hyp_fault_type \<Rightarrow> event
Domain_H.decodeDomainSetStart	ExecSpec.Domain_H	64 word list \<Rightarrow> (capability \<times> 64 word) list               \<Rightarrow> (global.kernel_state,                              syscall_error + domain_invocation) nondet_monad
CSpaceDecls_H.lookupPivotSlot	ExecSpec.CSpaceDecls_H	capability \<Rightarrow> 64 word               \<Rightarrow> nat                             \<Rightarrow> (global.kernel_state,      syscall_error + 64 word) nondet_monad
CNode_H.decodeCNodeInvocation	ExecSpec.CNode_H	64 word \<Rightarrow> 64 word list               \<Rightarrow> capability                             \<Rightarrow> capability list     \<Rightarrow> (global.kernel_state,                    syscall_error + cnode_invocation) nondet_monad
CNode_H.clearUntypedFreeIndex	ExecSpec.CNode_H	64 word \<Rightarrow> (global.kernel_state, unit) nondet_monad
Types_H.random_aux_init_data	ExecSpec.Types_H	natural \<Rightarrow> natural               \<Rightarrow> natural \<times> natural                             \<Rightarrow> (Types_H.init_data \<times>      (unit \<Rightarrow> term)) \<times>     natural \<times> natural
Types_H.ctReceiveRoot_update	ExecSpec.Types_H	(64 word \<Rightarrow> 64 word) \<Rightarrow> cap_transfer \<Rightarrow> cap_transfer
Types_H.cap_rights.CapRights	ExecSpec.Types_H	bool \<Rightarrow> bool               \<Rightarrow> bool \<Rightarrow> bool \<Rightarrow> cap_rights
Types_H.capAllowWrite_update	ExecSpec.Types_H	(bool \<Rightarrow> bool) \<Rightarrow> cap_rights \<Rightarrow> cap_rights
Types_H.capAllowGrant_update	ExecSpec.Types_H	(bool \<Rightarrow> bool) \<Rightarrow> cap_rights \<Rightarrow> cap_rights
Types_H.bifIPCBufVPtr_update	ExecSpec.Types_H	(64 word \<Rightarrow> 64 word) \<Rightarrow> biframe_data \<Rightarrow> biframe_data
Types_H.bidrFrameCaps_update	ExecSpec.Types_H	(64 word \<times> 64 word \<Rightarrow> 64 word \<times> 64 word) \<Rightarrow> bidevice_region \<Rightarrow> bidevice_region
Types_H.bidrBasePAddr_update	ExecSpec.Types_H	(64 word \<Rightarrow> 64 word) \<Rightarrow> bidevice_region \<Rightarrow> bidevice_region
Types_H.BIDeviceRegion_trans	ExecSpec.Types_H	64 word \<Rightarrow> 32 word               \<Rightarrow> 64 word \<times> 64 word                             \<Rightarrow> bidevice_region
Thread_H.transferCapsToSlots	ExecSpec.Thread_H	64 word option \<Rightarrow> 64 word               \<Rightarrow> nat                             \<Rightarrow> (capability \<times> 64 word) list     \<Rightarrow> 64 word list                   \<Rightarrow> message_info                                 \<Rightarrow> (global.kernel_state,          message_info) nondet_monad
ThreadDecls_H.tcbSchedAppend	ExecSpec.ThreadDecls_H	64 word \<Rightarrow> (global.kernel_state, unit) nondet_monad
ThreadDecls_H.tcbQueueRemove	ExecSpec.ThreadDecls_H	64 word head_end_ptrs \<Rightarrow> 64 word               \<Rightarrow> (global.kernel_state,                              64 word head_end_ptrs) nondet_monad
ThreadDecls_H.tcbQueueInsert	ExecSpec.ThreadDecls_H	64 word \<Rightarrow> 64 word \<Rightarrow> (global.kernel_state, unit) nondet_monad
ThreadDecls_H.tcbQueueAppend	ExecSpec.ThreadDecls_H	64 word head_end_ptrs \<Rightarrow> 64 word               \<Rightarrow> (global.kernel_state,                              64 word head_end_ptrs) nondet_monad
ThreadDecls_H.switchToThread	ExecSpec.ThreadDecls_H	64 word \<Rightarrow> (global.kernel_state, unit) nondet_monad
ThreadDecls_H.setThreadState	ExecSpec.ThreadDecls_H	thread_state \<Rightarrow> 64 word \<Rightarrow> (global.kernel_state, unit) nondet_monad
ThreadDecls_H.getThreadState	ExecSpec.ThreadDecls_H	64 word \<Rightarrow> (global.kernel_state, thread_state) nondet_monad
ThreadDecls_H.getHighestPrio	ExecSpec.ThreadDecls_H	8 word \<Rightarrow> (global.kernel_state, 8 word) nondet_monad
ThreadDecls_H.activateThread	ExecSpec.ThreadDecls_H	(global.kernel_state, unit) nondet_monad
TCBDecls_H.decodeSetPriority	ExecSpec.TCBDecls_H	64 word list \<Rightarrow> capability               \<Rightarrow> (capability \<times> 64 word) list                             \<Rightarrow> (global.kernel_state,      syscall_error + tcbinvocation) nondet_monad
Structures_H.tcbState_update	ExecSpec.Structures_H	(thread_state \<Rightarrow> thread_state) \<Rightarrow> tcb \<Rightarrow> tcb
Structures_H.tcbReply_update	ExecSpec.Structures_H	(cte \<Rightarrow> cte) \<Rightarrow> tcb \<Rightarrow> tcb
Structures_H.tcbFlags_update	ExecSpec.Structures_H	(64 word \<Rightarrow> 64 word) \<Rightarrow> tcb \<Rightarrow> tcb
Structures_H.tcbFault_update	ExecSpec.Structures_H	(fault option \<Rightarrow> fault option) \<Rightarrow> tcb \<Rightarrow> tcb
Structures_H.tcb.tcbPriority	ExecSpec.Structures_H	tcb \<Rightarrow> 8 word
Structures_H.tcb.min_alg_tcb	ExecSpec.Structures_H	(tcb_pre_tcb \<Rightarrow> 'a) \<Rightarrow> 'a set
Structures_H.random_aux_ntfn	ExecSpec.Structures_H	natural \<Rightarrow> natural               \<Rightarrow> natural \<times> natural                             \<Rightarrow> (ntfn \<times>      (unit \<Rightarrow> term)) \<times>     natural \<times> natural
Structures_H.ntfn.ActiveNtfn	ExecSpec.Structures_H	64 word \<Rightarrow> ntfn
Structures_H.mdbnode.mdbPrev	ExecSpec.Structures_H	mdbnode \<Rightarrow> 64 word
Structures_H.mdbnode.mdbNext	ExecSpec.Structures_H	mdbnode \<Rightarrow> 64 word
Structures_H.isIRQHandlerCap	ExecSpec.Structures_H	capability \<Rightarrow> bool
Structures_H.isIRQControlCap	ExecSpec.Structures_H	capability \<Rightarrow> bool
Structures_H.isBlockedOnSend	ExecSpec.Structures_H	thread_state \<Rightarrow> bool
Structures_H.isArchObjectCap	ExecSpec.Structures_H	capability \<Rightarrow> bool
Structures_H.endpoint.SendEP	ExecSpec.Structures_H	64 word list \<Rightarrow> endpoint
Structures_H.endpoint.RecvEP	ExecSpec.Structures_H	64 word list \<Rightarrow> endpoint
Structures_H.endpoint.IdleEP	ExecSpec.Structures_H	endpoint
Structures_H.domainEndMarker	ExecSpec.Structures_H	8 word \<times> 64 word
Structures_H.cte.min_alg_cte	ExecSpec.Structures_H	(capability \<times> mdbnode \<Rightarrow> 'a) \<Rightarrow> 'a set
Structures_H.capEPPtr_update	ExecSpec.Structures_H	(64 word \<Rightarrow> 64 word) \<Rightarrow> capability \<Rightarrow> capability
Structures_H.ThreadCap_trans	ExecSpec.Structures_H	64 word \<Rightarrow> capability
State_H.RISCV64_H.VPtr_trans	ExecSpec.State_H	64 word \<Rightarrow> 64 word
RetypeDecls_H.isCapRevocable	ExecSpec.RetypeDecls_H	capability \<Rightarrow> capability \<Rightarrow> bool
RetypeDecls_H.capUntypedSize	ExecSpec.RetypeDecls_H	capability \<Rightarrow> 64 word
Platform.RISCV64.pptrUserTop	ExecSpec.Platform	64 word
PSpaceFuns_H.placeNewObject'	ExecSpec.PSpaceFuns_H	64 word \<Rightarrow> kernel_object               \<Rightarrow> nat                             \<Rightarrow> (global.kernel_state,      unit) nondet_monad
MachineOps.RISCV64.stval_val	ExecSpec.MachineOps	machine_state \<Rightarrow> 64 word
MachineOps.RISCV64.storeWord	ExecSpec.MachineOps	64 word \<Rightarrow> 64 word \<Rightarrow> unit machine_monad
MachineOps.RISCV64.setNextPC	ExecSpec.MachineOps	64 word \<Rightarrow> (user_context, unit) nondet_monad
MachineOps.RISCV64.initTimer	ExecSpec.MachineOps	unit machine_monad
MachineMonad.machine_op_lift	ExecSpec.MachineMonad	(machine_state_rest, unit) nondet_monad \<Rightarrow> unit machine_monad
Kernel_Config.workUnitsLimit	ExecSpec.Kernel_Config	nat
Kernel_Config.resetChunkBits	ExecSpec.Kernel_Config	nat
Kernel_Config.config_ARM_HYP	ExecSpec.Kernel_Config	bool
KernelStateData_H.nextDomain	ExecSpec.KernelStateData_H	(global.kernel_state, unit) nondet_monad
KernelInit_H.newKSDomainTime	ExecSpec.KernelInit_H	64 word
KernelInitMonad_H.doKernelOp	ExecSpec.KernelInitMonad_H	(global.kernel_state, 'a) nondet_monad \<Rightarrow> (KernelInitMonad_H.init_data, init_failure + 'a) nondet_monad
KernelInitMonad_H.biCapITTCB	ExecSpec.KernelInitMonad_H	64 word
KI_Decls_H.provideUntypedCap	ExecSpec.KI_Decls_H	capability \<Rightarrow> bool               \<Rightarrow> 64 word                             \<Rightarrow> 8 word     \<Rightarrow> 64 word                   \<Rightarrow> (KernelInitMonad_H.init_data,                                  init_failure + unit) nondet_monad
Invocations_H.moveCap_update	ExecSpec.Invocations_H	(capability \<Rightarrow> capability) \<Rightarrow> cnode_invocation \<Rightarrow> cnode_invocation
Invocations_H.invocationType	ExecSpec.Invocations_H	64 word \<Rightarrow> invocation_label
Invocations_H.SetFlags_trans	ExecSpec.Invocations_H	64 word \<Rightarrow> 64 word \<Rightarrow> 64 word \<Rightarrow> tcbinvocation
InterruptDecls_H.setIRQState	ExecSpec.InterruptDecls_H	irqstate \<Rightarrow> 6 word \<Rightarrow> (global.kernel_state, unit) nondet_monad
InterruptDecls_H.isIRQActive	ExecSpec.InterruptDecls_H	6 word \<Rightarrow> (global.kernel_state, bool) nondet_monad
InterruptDecls_H.getIRQState	ExecSpec.InterruptDecls_H	6 word \<Rightarrow> (global.kernel_state, irqstate) nondet_monad
Intermediate_H.insertNewCaps	ExecSpec.Intermediate_H	object_type \<Rightarrow> 64 word               \<Rightarrow> 64 word list                             \<Rightarrow> 64 word     \<Rightarrow> nat                   \<Rightarrow> bool                                 \<Rightarrow> (global.kernel_state,          unit) nondet_monad
Intermediate_H.createObjects	ExecSpec.Intermediate_H	64 word \<Rightarrow> nat               \<Rightarrow> kernel_object                             \<Rightarrow> nat     \<Rightarrow> (global.kernel_state, 64 word list) nondet_monad
Intermediate_H.createNewCaps	ExecSpec.Intermediate_H	object_type \<Rightarrow> 64 word               \<Rightarrow> nat                             \<Rightarrow> nat     \<Rightarrow> bool                   \<Rightarrow> (global.kernel_state,                                  capability list) nondet_monad
Hardware_H.RISCV64_H.pteBits	ExecSpec.Hardware_H	nat
Fault_H.rangeErrorMin_update	ExecSpec.Fault_H	(64 word \<Rightarrow> 64 word) \<Rightarrow> syscall_error \<Rightarrow> syscall_error
Fault_H.rangeErrorMax_update	ExecSpec.Fault_H	(64 word \<Rightarrow> 64 word) \<Rightarrow> syscall_error \<Rightarrow> syscall_error
Fault_H.msgFromLookupFailure	ExecSpec.Fault_H	lookup_failure \<Rightarrow> 64 word list
Fault_H.fault.str_init_fault	ExecSpec.Fault_H	fault_pre_fault \<Rightarrow> fault.fault_IITN_fault               \<Rightarrow> (nat + fault_pre_fault) set \<Rightarrow> bool
Fault_H.fault.ctor_rec_fault	ExecSpec.Fault_H	(fault_pre_fault \<Rightarrow> 'a) \<Rightarrow> fault \<Rightarrow> 'a
FaultMonad_H.preemptionPoint	ExecSpec.FaultMonad_H	(global.kernel_state, 6 word + unit) nondet_monad
Event_H.syscall.size_syscall	ExecSpec.Event_H	syscall \<Rightarrow> nat
Event_H.syscall.dtor_syscall	ExecSpec.Event_H	syscall \<Rightarrow> syscall_pre_syscall
Event_H.syscall.ctor_syscall	ExecSpec.Event_H	syscall_pre_syscall \<Rightarrow> syscall
Event_H.syscall.case_syscall	ExecSpec.Event_H	'a \<Rightarrow> 'a \<Rightarrow> 'a \<Rightarrow> 'a              \<Rightarrow> 'a \<Rightarrow> 'a       \<Rightarrow> 'a \<Rightarrow> 'a \<Rightarrow> syscall                 \<Rightarrow> 'a
Event_H.syscall.SysReplyRecv	ExecSpec.Event_H	syscall
Event_H.event.str_init_event	ExecSpec.Event_H	event_pre_event \<Rightarrow> event.event_IITN_event               \<Rightarrow> (nat + event_pre_event) set \<Rightarrow> bool
Event_H.event.ctor_rec_event	ExecSpec.Event_H	(event_pre_event \<Rightarrow> 'a) \<Rightarrow> event \<Rightarrow> 'a
Event_H.event.UserLevelFault	ExecSpec.Event_H	64 word \<Rightarrow> 64 word \<Rightarrow> event
Event_H.event.UnknownSyscall	ExecSpec.Event_H	nat \<Rightarrow> event
EndpointDecls_H.cancelAllIPC	ExecSpec.EndpointDecls_H	64 word \<Rightarrow> (global.kernel_state, unit) nondet_monad
Delete_H.finaliseSlot'_graph	ExecSpec.Delete_H	64 word \<times> bool \<times> global.kernel_state \<Rightarrow> ((6 word + bool \<times> capability) \<times>                global.kernel_state) set \<times>               bool               \<Rightarrow> bool
Delete_H.cteDeleteOne'_graph	ExecSpec.Delete_H	64 word \<times> global.kernel_state \<Rightarrow> (unit \<times> global.kernel_state) set \<times> bool               \<Rightarrow> bool
CNode_H.capTransferFromWords	ExecSpec.CNode_H	64 word \<Rightarrow> (global.kernel_state, cap_transfer) nondet_monad
Types_H.wordFromMessageInfo	ExecSpec.Types_H	message_info \<Rightarrow> 64 word
Types_H.msgExtraCaps_update	ExecSpec.Types_H	(64 word \<Rightarrow> 64 word) \<Rightarrow> message_info \<Rightarrow> message_info
Types_H.messageInfoFromWord	ExecSpec.Types_H	64 word \<Rightarrow> message_info
Types_H.initBootInfo_update	ExecSpec.Types_H	(biframe_data \<Rightarrow> biframe_data) \<Rightarrow> Types_H.init_data \<Rightarrow> Types_H.init_data
Types_H.capTransferDataSize	ExecSpec.Types_H	64 word
Types_H.capAllowRead_update	ExecSpec.Types_H	(bool \<Rightarrow> bool) \<Rightarrow> cap_rights \<Rightarrow> cap_rights
ThreadDecls_H.setMCPriority	ExecSpec.ThreadDecls_H	64 word \<Rightarrow> 8 word \<Rightarrow> (global.kernel_state, unit) nondet_monad
ThreadDecls_H.prioToL1Index	ExecSpec.ThreadDecls_H	8 word \<Rightarrow> nat
ThreadDecls_H.l1IndexToPrio	ExecSpec.ThreadDecls_H	nat \<Rightarrow> 8 word
ThreadDecls_H.isHighestPrio	ExecSpec.ThreadDecls_H	8 word \<Rightarrow> 8 word \<Rightarrow> (global.kernel_state, bool) nondet_monad
ThreadDecls_H.invertL1Index	ExecSpec.ThreadDecls_H	nat \<Rightarrow> nat
ThreadDecls_H.doIPCTransfer	ExecSpec.ThreadDecls_H	64 word \<Rightarrow> 64 word option               \<Rightarrow> 64 word                             \<Rightarrow> bool     \<Rightarrow> 64 word                   \<Rightarrow> (global.kernel_state, unit) nondet_monad
TCBDecls_H.decodeSetTLSBase	ExecSpec.TCBDecls_H	64 word list \<Rightarrow> capability               \<Rightarrow> (global.kernel_state,                              syscall_error + tcbinvocation) nondet_monad
TCBDecls_H.bufferCPtrOffset	ExecSpec.TCBDecls_H	64 word
Structures_H.tcbArch_update	ExecSpec.Structures_H	(arch_tcb \<Rightarrow> arch_tcb) \<Rightarrow> tcb \<Rightarrow> tcb
Structures_H.random_aux_cte	ExecSpec.Structures_H	natural \<Rightarrow> natural               \<Rightarrow> natural \<times> natural                             \<Rightarrow> (cte \<times>      (unit \<Rightarrow> term)) \<times>     natural \<times> natural
Structures_H.ntfnObj_update	ExecSpec.Structures_H	(ntfn \<Rightarrow> ntfn) \<Rightarrow> notification \<Rightarrow> notification
Structures_H.ntfn.size_ntfn	ExecSpec.Structures_H	ntfn \<Rightarrow> nat
Structures_H.ntfn.ntfnQueue	ExecSpec.Structures_H	ntfn \<Rightarrow> 64 word list
Structures_H.ntfn.dtor_ntfn	ExecSpec.Structures_H	ntfn \<Rightarrow> ntfn_pre_ntfn
Structures_H.ntfn.ctor_ntfn	ExecSpec.Structures_H	ntfn_pre_ntfn \<Rightarrow> ntfn
Structures_H.ntfn.case_ntfn	ExecSpec.Structures_H	'a \<Rightarrow> (64 word \<Rightarrow> 'a)                  \<Rightarrow> (64 word list \<Rightarrow> 'a)                                \<Rightarrow> ntfn \<Rightarrow> 'a
Structures_H.mdbPrev_update	ExecSpec.Structures_H	(64 word \<Rightarrow> 64 word) \<Rightarrow> mdbnode \<Rightarrow> mdbnode
Structures_H.mdbNext_update	ExecSpec.Structures_H	(64 word \<Rightarrow> 64 word) \<Rightarrow> mdbnode \<Rightarrow> mdbnode
Structures_H.epQueue_update	ExecSpec.Structures_H	(64 word list \<Rightarrow> 64 word list) \<Rightarrow> endpoint \<Rightarrow> endpoint
Structures_H.cte.cteMDBNode	ExecSpec.Structures_H	cte \<Rightarrow> mdbnode
Structures_H.ReplyCap_trans	ExecSpec.Structures_H	64 word \<Rightarrow> bool \<Rightarrow> bool \<Rightarrow> capability
Structures_H.CNodeCap_trans	ExecSpec.Structures_H	64 word \<Rightarrow> nat               \<Rightarrow> 64 word                             \<Rightarrow> nat \<Rightarrow> capability
RetypeDecls_H.updateCapData	ExecSpec.RetypeDecls_H	bool \<Rightarrow> 64 word \<Rightarrow> capability \<Rightarrow> capability
RetypeDecls_H.maskCapRights	ExecSpec.RetypeDecls_H	cap_rights \<Rightarrow> capability \<Rightarrow> capability
RetypeDecls_H.isPhysicalCap	ExecSpec.RetypeDecls_H	capability \<Rightarrow> bool
RetypeDecls_H.capUntypedPtr	ExecSpec.RetypeDecls_H	capability \<Rightarrow> 64 word
Platform.RISCV64.irqInvalid	ExecSpec.Platform	6 word
PSpaceStruct_H.psMap_update	ExecSpec.PSpaceStruct_H	((64 word \<Rightarrow> kernel_object option)  \<Rightarrow> 64 word \<Rightarrow> kernel_object option) \<Rightarrow> (64 word \<Rightarrow> kernel_object option)               \<Rightarrow> 64 word \<Rightarrow> kernel_object option
PSpaceStruct_H.PSpace_trans	ExecSpec.PSpaceStruct_H	(64 word \<Rightarrow> kernel_object option) \<Rightarrow> 64 word \<Rightarrow> kernel_object option
PSpaceStorable_H.alignError	ExecSpec.PSpaceStorable_H	nat \<Rightarrow> (global.kernel_state, 'a) nondet_monad
PSpaceStorable_H.alignCheck	ExecSpec.PSpaceStorable_H	64 word \<Rightarrow> nat \<Rightarrow> (global.kernel_state, unit) nondet_monad
PSpaceFuns_H.placeNewObject	ExecSpec.PSpaceFuns_H	64 word \<Rightarrow> 'a \<Rightarrow> nat                                \<Rightarrow> (global.kernel_state,         unit) nondet_monad
PSpaceFuns_H.deletionIsSafe	ExecSpec.PSpaceFuns_H	64 word \<Rightarrow> nat \<Rightarrow> global.kernel_state \<Rightarrow> bool
MachineOps.RISCV64.loadWord	ExecSpec.MachineOps	64 word \<Rightarrow> 64 word machine_monad
MachineMonad.ignore_failure	ExecSpec.MachineMonad	('s, unit) nondet_monad \<Rightarrow> ('s, unit) nondet_monad
Kernel_Config.numPriorities	ExecSpec.Kernel_Config	nat
Kernel_Config.CONFIG_CTZ_64	ExecSpec.Kernel_Config	bool
Kernel_Config.CONFIG_CLZ_64	ExecSpec.Kernel_Config	bool
KernelStateData_H.curDomain	ExecSpec.KernelStateData_H	(global.kernel_state, 8 word) nondet_monad
KernelInit_H.newKernelState	ExecSpec.KernelInit_H	64 word \<Rightarrow> global.kernel_state
KernelInit_H.newKSCurDomain	ExecSpec.KernelInit_H	8 word
KernelInitMonad_H.biCapNull	ExecSpec.KernelInitMonad_H	64 word
KernelInitMonad_H.biCapITPD	ExecSpec.KernelInitMonad_H	64 word
KI_Decls_H.createIdleThread	ExecSpec.KI_Decls_H	(KernelInitMonad_H.init_data, init_failure + unit) nondet_monad
Invocations_H.Suspend_trans	ExecSpec.Invocations_H	64 word \<Rightarrow> tcbinvocation
InterruptDecls_H.getIRQSlot	ExecSpec.InterruptDecls_H	6 word \<Rightarrow> (global.kernel_state, 64 word) nondet_monad
Hardware_H.RISCV64_H.ptBits	ExecSpec.Hardware_H	nat
Hardware_H.RISCV64_H.maxIRQ	ExecSpec.Hardware_H	6 word
Fault_H.msgFromSyscallError	ExecSpec.Fault_H	syscall_error \<Rightarrow> 64 word \<times> 64 word list
Fault_H.isMissingCapability	ExecSpec.Fault_H	lookup_failure \<Rightarrow> bool
Fault_H.isInvalidCapability	ExecSpec.Fault_H	syscall_error \<Rightarrow> bool
Fault_H.fault.min_alg_fault	ExecSpec.Fault_H	(fault_pre_fault \<Rightarrow> 'a) \<Rightarrow> 'a set
Fault_H.fault.UserException	ExecSpec.Fault_H	64 word \<Rightarrow> 64 word \<Rightarrow> fault
Fault_H.UserException_trans	ExecSpec.Fault_H	64 word \<Rightarrow> 64 word \<Rightarrow> fault
Fault_H.GuardMismatch_trans	ExecSpec.Fault_H	nat \<Rightarrow> 64 word \<Rightarrow> nat \<Rightarrow> lookup_failure
Fault_H.DepthMismatch_trans	ExecSpec.Fault_H	nat \<Rightarrow> nat \<Rightarrow> lookup_failure
FaultMonad_H.workUnitsLimit	ExecSpec.FaultMonad_H	64 word
FaultMonad_H.withoutFailure	ExecSpec.FaultMonad_H	(global.kernel_state, 'a) nondet_monad \<Rightarrow> (global.kernel_state, 'f + 'a) nondet_monad
FaultMonad_H.rethrowFailure	ExecSpec.FaultMonad_H	('f1.0 \<Rightarrow> 'f2.0) \<Rightarrow> (global.kernel_state, 'f1.0 + 'a) nondet_monad               \<Rightarrow> (global.kernel_state, 'f2.0 + 'a) nondet_monad
FaultMonad_H.emptyOnFailure	ExecSpec.FaultMonad_H	(global.kernel_state, 'f + 'a list) nondet_monad \<Rightarrow> (global.kernel_state, 'a list) nondet_monad
FaultMonad_H.constOnFailure	ExecSpec.FaultMonad_H	'a \<Rightarrow> (global.kernel_state, 'f + 'a) nondet_monad                  \<Rightarrow> (global.kernel_state, 'a) nondet_monad
Event_H.syscall.rec_syscall	ExecSpec.Event_H	'a \<Rightarrow> 'a \<Rightarrow> 'a \<Rightarrow> 'a              \<Rightarrow> 'a \<Rightarrow> 'a       \<Rightarrow> 'a \<Rightarrow> 'a \<Rightarrow> syscall                 \<Rightarrow> 'a
Event_H.syscall.mor_syscall	ExecSpec.Event_H	'a set \<Rightarrow> (syscall_pre_syscall \<Rightarrow> 'a)               \<Rightarrow> 'b set                             \<Rightarrow> (syscall_pre_syscall      \<Rightarrow> 'b)     \<Rightarrow> ('a \<Rightarrow> 'b) \<Rightarrow> bool
Event_H.syscall.alg_syscall	ExecSpec.Event_H	'a set \<Rightarrow> (syscall_pre_syscall \<Rightarrow> 'a) \<Rightarrow> bool
Event_H.syscall.Rep_syscall	ExecSpec.Event_H	syscall \<Rightarrow> syscall.syscall_IITN_syscall               \<Rightarrow> (nat + syscall_pre_syscall) set                             \<Rightarrow> bool
Event_H.syscall.Abs_syscall	ExecSpec.Event_H	(syscall.syscall_IITN_syscall  \<Rightarrow> (nat + syscall_pre_syscall) set \<Rightarrow> bool) \<Rightarrow> syscall
Event_H.event.min_alg_event	ExecSpec.Event_H	(event_pre_event \<Rightarrow> 'a) \<Rightarrow> 'a set
EndpointDecls_H.setEndpoint	ExecSpec.EndpointDecls_H	64 word \<Rightarrow> endpoint               \<Rightarrow> (global.kernel_state, unit) nondet_monad
EndpointDecls_H.getEndpoint	ExecSpec.EndpointDecls_H	64 word \<Rightarrow> (global.kernel_state, endpoint) nondet_monad
Delete_H.finaliseSlot'_sumC	ExecSpec.Delete_H	64 word \<times> bool \<times> global.kernel_state \<Rightarrow> ((6 word + bool \<times> capability) \<times>                global.kernel_state) set \<times>               bool
Delete_H.cteDeleteOne'_sumC	ExecSpec.Delete_H	64 word \<times> global.kernel_state \<Rightarrow> (unit \<times> global.kernel_state) set \<times> bool
CSpace_H.resolveAddressBits	ExecSpec.CSpace_H	capability \<Rightarrow> 64 word               \<Rightarrow> nat                             \<Rightarrow> (global.kernel_state,      lookup_failure + 64 word \<times> nat) nondet_monad
CNode_H.setUntypedCapAsFull	ExecSpec.CNode_H	capability \<Rightarrow> capability               \<Rightarrow> 64 word                             \<Rightarrow> (global.kernel_state,      unit) nondet_monad
Types_H.ptrFromPAddrRegion	ExecSpec.Types_H	64 word \<times> 64 word \<Rightarrow> 64 word \<times> 64 word
Types_H.init_data.InitData	ExecSpec.Types_H	(64 word \<times> 64 word) list \<Rightarrow> 64 word               \<Rightarrow> 64 word                             \<Rightarrow> biframe_data     \<Rightarrow> 64 word                   \<Rightarrow> 64 word \<Rightarrow> Types_H.init_data
Types_H.bifUIPTCaps_update	ExecSpec.Types_H	(64 word list \<Rightarrow> 64 word list) \<Rightarrow> biframe_data \<Rightarrow> biframe_data
Types_H.bifUIPDCaps_update	ExecSpec.Types_H	(64 word list \<Rightarrow> 64 word list) \<Rightarrow> biframe_data \<Rightarrow> biframe_data
Types_H.bifNumNodes_update	ExecSpec.Types_H	(32 word \<Rightarrow> 32 word) \<Rightarrow> biframe_data \<Rightarrow> biframe_data
Types_H.bifNullCaps_update	ExecSpec.Types_H	(64 word list \<Rightarrow> 64 word list) \<Rightarrow> biframe_data \<Rightarrow> biframe_data
ThreadDecls_H.transferCaps	ExecSpec.ThreadDecls_H	message_info \<Rightarrow> (capability \<times> 64 word) list               \<Rightarrow> 64 word option                             \<Rightarrow> 64 word     \<Rightarrow> 64 word option                   \<Rightarrow> (global.kernel_state,                                  message_info) nondet_monad
ThreadDecls_H.chooseThread	ExecSpec.ThreadDecls_H	(global.kernel_state, unit) nondet_monad
TCBDecls_H.lookupExtraCaps	ExecSpec.TCBDecls_H	64 word \<Rightarrow> 64 word option               \<Rightarrow> message_info                             \<Rightarrow> (global.kernel_state,      fault + (capability \<times> 64 word) list) nondet_monad
TCBDecls_H.deleteCallerCap	ExecSpec.TCBDecls_H	64 word \<Rightarrow> (global.kernel_state, unit) nondet_monad
Syscall_H.handleInvocation	ExecSpec.Syscall_H	bool \<Rightarrow> bool               \<Rightarrow> (global.kernel_state,                              6 word + unit) nondet_monad
Structures_H.tcbVTableSlot	ExecSpec.Structures_H	64 word
Structures_H.tcbQueueEmpty	ExecSpec.Structures_H	64 word head_end_ptrs \<Rightarrow> bool
Structures_H.tcbMCP_update	ExecSpec.Structures_H	(8 word \<Rightarrow> 8 word) \<Rightarrow> tcb \<Rightarrow> tcb
Structures_H.tcbCallerSlot	ExecSpec.Structures_H	64 word
Structures_H.tcbCTableSlot	ExecSpec.Structures_H	64 word
Structures_H.tcb.tcbVTable	ExecSpec.Structures_H	tcb \<Rightarrow> cte
Structures_H.tcb.tcbQueued	ExecSpec.Structures_H	tcb \<Rightarrow> bool
Structures_H.tcb.tcbDomain	ExecSpec.Structures_H	tcb \<Rightarrow> 8 word
Structures_H.tcb.tcbCaller	ExecSpec.Structures_H	tcb \<Rightarrow> cte
Structures_H.tcb.tcbCTable	ExecSpec.Structures_H	tcb \<Rightarrow> cte
Structures_H.ntfn.rec_ntfn	ExecSpec.Structures_H	'a \<Rightarrow> (64 word \<Rightarrow> 'a)                  \<Rightarrow> (64 word list \<Rightarrow> 'a)                                \<Rightarrow> ntfn \<Rightarrow> 'a
Structures_H.ntfn.mor_ntfn	ExecSpec.Structures_H	'a set \<Rightarrow> (ntfn_pre_ntfn \<Rightarrow> 'a)               \<Rightarrow> 'b set                             \<Rightarrow> (ntfn_pre_ntfn \<Rightarrow> 'b)     \<Rightarrow> ('a \<Rightarrow> 'b) \<Rightarrow> bool
Structures_H.ntfn.alg_ntfn	ExecSpec.Structures_H	'a set \<Rightarrow> (ntfn_pre_ntfn \<Rightarrow> 'a) \<Rightarrow> bool
Structures_H.ntfn.Rep_ntfn	ExecSpec.Structures_H	ntfn \<Rightarrow> ntfn.ntfn_IITN_ntfn               \<Rightarrow> (nat + ntfn_pre_ntfn) set \<Rightarrow> bool
Structures_H.ntfn.IdleNtfn	ExecSpec.Structures_H	ntfn
Structures_H.ntfn.Abs_ntfn	ExecSpec.Structures_H	(ntfn.ntfn_IITN_ntfn  \<Rightarrow> (nat + ntfn_pre_ntfn) set \<Rightarrow> bool) \<Rightarrow> ntfn
Structures_H.isZombieCNode	ExecSpec.Structures_H	zombie_type \<Rightarrow> bool
Structures_H.isWaitingNtfn	ExecSpec.Structures_H	ntfn \<Rightarrow> bool
Structures_H.isEndpointCap	ExecSpec.Structures_H	capability \<Rightarrow> bool
Structures_H.cteCap_update	ExecSpec.Structures_H	(capability \<Rightarrow> capability) \<Rightarrow> cte \<Rightarrow> cte
Structures_H.capPtr_update	ExecSpec.Structures_H	(64 word \<Rightarrow> 64 word) \<Rightarrow> capability \<Rightarrow> capability
Structures_H.capIRQ_update	ExecSpec.Structures_H	(6 word \<Rightarrow> 6 word) \<Rightarrow> capability \<Rightarrow> capability
Structures_H.capCap_update	ExecSpec.Structures_H	(arch_capability \<Rightarrow> arch_capability) \<Rightarrow> capability \<Rightarrow> capability
State_H.countTrailingZeros	ExecSpec.State_H	'b \<Rightarrow> nat
State_H.RISCV64_H.wordBits	ExecSpec.State_H	nat
State_H.RISCV64_H.fromVPtr	ExecSpec.State_H	64 word \<Rightarrow> 64 word
State_H.RISCV64_H.fromPPtr	ExecSpec.State_H	64 word \<Rightarrow> 64 word
State_H.RISCV64_H.Register	ExecSpec.State_H	register \<Rightarrow> register
RetypeDecls_H.sameRegionAs	ExecSpec.RetypeDecls_H	capability \<Rightarrow> capability \<Rightarrow> bool
RetypeDecls_H.sameObjectAs	ExecSpec.RetypeDecls_H	capability \<Rightarrow> capability \<Rightarrow> bool
RetypeDecls_H.createObject	ExecSpec.RetypeDecls_H	object_type \<Rightarrow> 64 word               \<Rightarrow> nat                             \<Rightarrow> bool     \<Rightarrow> (global.kernel_state, capability) nondet_monad
Platform.RISCV64.paddrBase	ExecSpec.Platform	64 word
Platform.RISCV64.fromPAddr	ExecSpec.Platform	'a \<Rightarrow> 'a
PSpaceStorable_H.typeError	ExecSpec.PSpaceStorable_H	unit list \<Rightarrow> kernel_object               \<Rightarrow> (global.kernel_state, 'a) nondet_monad
PSpaceFuns_H.storeWordUser	ExecSpec.PSpaceFuns_H	64 word \<Rightarrow> 64 word \<Rightarrow> (global.kernel_state, unit) nondet_monad
PSpaceFuns_H.lookupAround2	ExecSpec.PSpaceFuns_H	'k \<Rightarrow> ('k \<Rightarrow> 'a option)                  \<Rightarrow> ('k \<times> 'a) option \<times> 'k option
PSpaceFuns_H.ksASIDMapSafe	ExecSpec.PSpaceFuns_H	global.kernel_state \<Rightarrow> bool
PSpaceFuns_H.deleteObjects	ExecSpec.PSpaceFuns_H	64 word \<Rightarrow> nat \<Rightarrow> (global.kernel_state, unit) nondet_monad
Kernel_Config.maxNumIOAPIC	ExecSpec.Kernel_Config	nat
KernelStateData_H.setQueue	ExecSpec.KernelStateData_H	8 word \<Rightarrow> 8 word               \<Rightarrow> 64 word head_end_ptrs                             \<Rightarrow> (global.kernel_state,      unit) nondet_monad
KernelStateData_H.getQueue	ExecSpec.KernelStateData_H	8 word \<Rightarrow> 8 word               \<Rightarrow> (global.kernel_state,                              64 word head_end_ptrs) nondet_monad
KernelInit_H.coverOf_graph	ExecSpec.KernelInit_H	(64 word \<times> 64 word) list \<Rightarrow> 64 word \<times> 64 word \<Rightarrow> bool
KI_Decls_H.finaliseBIFrame	ExecSpec.KI_Decls_H	(KernelInitMonad_H.init_data, init_failure + unit) nondet_monad
Invocations_H.isSetTLSBase	ExecSpec.Invocations_H	tcbinvocation \<Rightarrow> bool
Invocations_H.isSaveCaller	ExecSpec.Invocations_H	cnode_invocation \<Rightarrow> bool
Invocations_H.epCap_update	ExecSpec.Invocations_H	(capability \<Rightarrow> capability) \<Rightarrow> cnode_invocation \<Rightarrow> cnode_invocation
Invocations_H.Rotate_trans	ExecSpec.Invocations_H	capability \<Rightarrow> capability               \<Rightarrow> 64 word                             \<Rightarrow> 64 word     \<Rightarrow> 64 word \<Rightarrow> cnode_invocation
Invocations_H.Revoke_trans	ExecSpec.Invocations_H	64 word \<Rightarrow> cnode_invocation
Invocations_H.Retype_trans	ExecSpec.Invocations_H	64 word \<Rightarrow> bool               \<Rightarrow> 64 word                             \<Rightarrow> 64 word     \<Rightarrow> object_type                   \<Rightarrow> nat                                 \<Rightarrow> 64 word list         \<Rightarrow> bool \<Rightarrow> untyped_invocation
Invocations_H.Resume_trans	ExecSpec.Invocations_H	64 word \<Rightarrow> tcbinvocation
Invocations_H.Insert_trans	ExecSpec.Invocations_H	capability \<Rightarrow> 64 word \<Rightarrow> 64 word \<Rightarrow> cnode_invocation
Invocations_H.Delete_trans	ExecSpec.Invocations_H	64 word \<Rightarrow> cnode_invocation
Invocations_H.AckIRQ_trans	ExecSpec.Invocations_H	6 word \<Rightarrow> irqhandler_invocation
Fault_H.isTruncatedMessage	ExecSpec.Fault_H	syscall_error \<Rightarrow> bool
Fault_H.isIllegalOperation	ExecSpec.Fault_H	syscall_error \<Rightarrow> bool
Fault_H.fault.is_ArchFault	ExecSpec.Fault_H	fault \<Rightarrow> bool
Fault_H.FailedLookup_trans	ExecSpec.Fault_H	bool \<Rightarrow> lookup_failure \<Rightarrow> syscall_error
FaultMonad_H.ignoreFailure	ExecSpec.FaultMonad_H	(global.kernel_state, 'f + unit) nondet_monad \<Rightarrow> (global.kernel_state, unit) nondet_monad
Event_H.random_aux_syscall	ExecSpec.Event_H	natural \<Rightarrow> natural               \<Rightarrow> natural \<times> natural                             \<Rightarrow> (syscall \<times>      (unit \<Rightarrow> term)) \<times>     natural \<times> natural
Event_H.event.VMFaultEvent	ExecSpec.Event_H	vmfault_type \<Rightarrow> event
Event_H.event.SyscallEvent	ExecSpec.Event_H	syscall \<Rightarrow> event
EndpointDecls_H.receiveIPC	ExecSpec.EndpointDecls_H	64 word \<Rightarrow> capability               \<Rightarrow> bool                             \<Rightarrow> (global.kernel_state,      unit) nondet_monad
Delete_H.finaliseSlot'_rel	ExecSpec.Delete_H	64 word \<times> bool \<times> global.kernel_state \<Rightarrow> 64 word \<times> bool \<times> global.kernel_state               \<Rightarrow> bool
Delete_H.finaliseSlot'_dom	ExecSpec.Delete_H	64 word \<times> bool \<times> global.kernel_state \<Rightarrow> bool
Delete_H.cteDeleteOne'_rel	ExecSpec.Delete_H	64 word \<times> global.kernel_state \<Rightarrow> 64 word \<times> global.kernel_state \<Rightarrow> bool
Delete_H.cteDeleteOne'_dom	ExecSpec.Delete_H	64 word \<times> global.kernel_state \<Rightarrow> bool
CNode_H.updateNewFreeIndex	ExecSpec.CNode_H	64 word \<Rightarrow> (global.kernel_state, unit) nondet_monad
API_H.kernelExitAssertions	ExecSpec.API_H	global.kernel_state \<Rightarrow> bool
Untyped_H.resetUntypedCap	ExecSpec.Untyped_H	64 word \<Rightarrow> (global.kernel_state, 6 word + unit) nondet_monad
Types_H.fromRegion_update	ExecSpec.Types_H	(64 word \<times> 64 word \<Rightarrow> 64 word \<times> 64 word) \<Rightarrow> 64 word \<times> 64 word               \<Rightarrow> 64 word \<times> 64 word
Types_H.BIFrameData_trans	ExecSpec.Types_H	32 word \<Rightarrow> 32 word               \<Rightarrow> 32 word                             \<Rightarrow> 64 word     \<Rightarrow> 64 word list                   \<Rightarrow> 64 word list                                 \<Rightarrow> 64 word list         \<Rightarrow> 64 word list                       \<Rightarrow> 64 word list                                     \<Rightarrow> 64 word list             \<Rightarrow> 64 word list                           \<Rightarrow> 8 word list   \<Rightarrow> bool list                 \<Rightarrow> 8 word                               \<Rightarrow> 32 word       \<Rightarrow> bidevice_region list \<Rightarrow> biframe_data
ThreadDecls_H.setPriority	ExecSpec.ThreadDecls_H	64 word \<Rightarrow> 8 word \<Rightarrow> (global.kernel_state, unit) nondet_monad
ThreadDecls_H.addToBitmap	ExecSpec.ThreadDecls_H	8 word \<Rightarrow> 8 word \<Rightarrow> (global.kernel_state, unit) nondet_monad
TCBDecls_H.setupCallerCap	ExecSpec.TCBDecls_H	64 word \<Rightarrow> 64 word               \<Rightarrow> bool                             \<Rightarrow> (global.kernel_state,      unit) nondet_monad
TCBDecls_H.setMessageInfo	ExecSpec.TCBDecls_H	64 word \<Rightarrow> message_info               \<Rightarrow> (global.kernel_state, unit) nondet_monad
TCBDecls_H.invokeSetFlags	ExecSpec.TCBDecls_H	64 word \<Rightarrow> 64 word               \<Rightarrow> 64 word                             \<Rightarrow> (global.kernel_state,      64 word) nondet_monad
TCBDecls_H.getMessageInfo	ExecSpec.TCBDecls_H	64 word \<Rightarrow> (global.kernel_state, message_info) nondet_monad
TCBDecls_H.decodeSetSpace	ExecSpec.TCBDecls_H	64 word list \<Rightarrow> capability               \<Rightarrow> 64 word                             \<Rightarrow> (capability \<times> 64 word) list     \<Rightarrow> (global.kernel_state,                    syscall_error + tcbinvocation) nondet_monad
TCBDecls_H.decodeSetFlags	ExecSpec.TCBDecls_H	64 word list \<Rightarrow> capability               \<Rightarrow> (global.kernel_state,                              syscall_error + tcbinvocation) nondet_monad
Structures_H.tcbReplySlot	ExecSpec.Structures_H	64 word
Structures_H.tcbQueueHead	ExecSpec.Structures_H	64 word head_end_ptrs \<Rightarrow> 64 word option
Structures_H.tcb.tcbState	ExecSpec.Structures_H	tcb \<Rightarrow> thread_state
Structures_H.tcb.tcbReply	ExecSpec.Structures_H	tcb \<Rightarrow> cte
Structures_H.tcb.tcbFlags	ExecSpec.Structures_H	tcb \<Rightarrow> 64 word
Structures_H.tcb.tcbFault	ExecSpec.Structures_H	tcb \<Rightarrow> fault option
Structures_H.tcb.size_tcb	ExecSpec.Structures_H	tcb \<Rightarrow> nat
Structures_H.tcb.dtor_tcb	ExecSpec.Structures_H	tcb \<Rightarrow> tcb_pre_tcb
Structures_H.tcb.ctor_tcb	ExecSpec.Structures_H	tcb_pre_tcb \<Rightarrow> tcb
Structures_H.tcb.case_tcb	ExecSpec.Structures_H	(cte  \<Rightarrow> cte                \<Rightarrow> cte                              \<Rightarrow> cte      \<Rightarrow> cte                    \<Rightarrow> 8 word                                  \<Rightarrow> thread_state          \<Rightarrow> 8 word                        \<Rightarrow> 8 word                                      \<Rightarrow> bool              \<Rightarrow> fault option                            \<Rightarrow> nat    \<Rightarrow> 64 word                  \<Rightarrow> 64 word                                \<Rightarrow> 64 word option        \<Rightarrow> 64 word option                      \<Rightarrow> 64 word option                                    \<Rightarrow> 64 word            \<Rightarrow> arch_tcb \<Rightarrow> 'a) \<Rightarrow> tcb \<Rightarrow> 'a
Structures_H.maxFreeIndex	ExecSpec.Structures_H	nat \<Rightarrow> nat
Structures_H.l2BitmapSize	ExecSpec.Structures_H	nat
Structures_H.isUntypedCap	ExecSpec.Structures_H	capability \<Rightarrow> bool
Structures_H.isActiveNtfn	ExecSpec.Structures_H	ntfn \<Rightarrow> bool
Structures_H.getFreeIndex	ExecSpec.Structures_H	64 word \<Rightarrow> 64 word \<Rightarrow> nat
Structures_H.cte.size_cte	ExecSpec.Structures_H	cte \<Rightarrow> nat
Structures_H.cte.dtor_cte	ExecSpec.Structures_H	cte \<Rightarrow> capability \<times> mdbnode
Structures_H.cte.ctor_cte	ExecSpec.Structures_H	capability \<times> mdbnode \<Rightarrow> cte
Structures_H.cte.case_cte	ExecSpec.Structures_H	(capability \<Rightarrow> mdbnode \<Rightarrow> 'a) \<Rightarrow> cte \<Rightarrow> 'a
Structures_H.Zombie_trans	ExecSpec.Structures_H	64 word \<Rightarrow> zombie_type \<Rightarrow> nat \<Rightarrow> capability
Structures_H.Thread_trans	ExecSpec.Structures_H	cte \<Rightarrow> cte               \<Rightarrow> cte                             \<Rightarrow> cte     \<Rightarrow> cte                   \<Rightarrow> 8 word                                 \<Rightarrow> thread_state         \<Rightarrow> 8 word                       \<Rightarrow> 8 word                                     \<Rightarrow> bool             \<Rightarrow> fault option                           \<Rightarrow> nat   \<Rightarrow> 64 word                 \<Rightarrow> 64 word                               \<Rightarrow> 64 word option       \<Rightarrow> 64 word option                     \<Rightarrow> 64 word option                                   \<Rightarrow> 64 word           \<Rightarrow> arch_tcb \<Rightarrow> tcb
Structures_H.SendEP_trans	ExecSpec.Structures_H	64 word list \<Rightarrow> endpoint
Structures_H.RecvEP_trans	ExecSpec.Structures_H	64 word list \<Rightarrow> endpoint
RetypeDecls_H.finaliseCap	ExecSpec.RetypeDecls_H	capability \<Rightarrow> bool               \<Rightarrow> bool                             \<Rightarrow> (global.kernel_state,      capability \<times> capability) nondet_monad
Platform.RISCV64.pptrBase	ExecSpec.Platform	64 word
Platform.RISCV64.kdevBase	ExecSpec.Platform	64 word
PSpaceStorable_H.koTypeOf	ExecSpec.PSpaceStorable_H	kernel_object \<Rightarrow> kernel_object_type
PSpaceFuns_H.reserveFrame	ExecSpec.PSpaceFuns_H	64 word \<Rightarrow> bool \<Rightarrow> (global.kernel_state, unit) nondet_monad
PSpaceFuns_H.loadWordUser	ExecSpec.PSpaceFuns_H	64 word \<Rightarrow> (global.kernel_state, 64 word) nondet_monad
MachineOps.RISCV64.sfence	ExecSpec.MachineOps	unit machine_monad
KernelInit_H.coverOf_sumC	ExecSpec.KernelInit_H	(64 word \<times> 64 word) list \<Rightarrow> 64 word \<times> 64 word
KernelInitMonad_H.runInit	ExecSpec.KernelInitMonad_H	64 word \<Rightarrow> (KernelInitMonad_H.init_data, init_failure + 'a) nondet_monad               \<Rightarrow> (global.kernel_state, 'b) nondet_monad
KI_Decls_H.mapTaskRegions	ExecSpec.KI_Decls_H	(64 word \<times> 64 word) list \<Rightarrow> (KernelInitMonad_H.init_data,                init_failure +                (64 word \<times> 64 word) \<times>                64 word \<times> 64 word) nondet_monad
Fault_H.memoryLeft_update	ExecSpec.Fault_H	(64 word \<Rightarrow> 64 word) \<Rightarrow> syscall_error \<Rightarrow> syscall_error
Fault_H.isNotEnoughMemory	ExecSpec.Fault_H	syscall_error \<Rightarrow> bool
Fault_H.isInvalidArgument	ExecSpec.Fault_H	syscall_error \<Rightarrow> bool
Fault_H.fault.is_CapFault	ExecSpec.Fault_H	fault \<Rightarrow> bool
FaultMonad_H.unifyFailure	ExecSpec.FaultMonad_H	(global.kernel_state, 'f + 'a) nondet_monad \<Rightarrow> (global.kernel_state, unit + 'a) nondet_monad
FaultMonad_H.catchFailure	ExecSpec.FaultMonad_H	(global.kernel_state, 'f + 'a) nondet_monad \<Rightarrow> ('f \<Rightarrow> (global.kernel_state, 'a) nondet_monad)               \<Rightarrow> (global.kernel_state, 'a) nondet_monad
Event_H.syscall.SysNBSend	ExecSpec.Event_H	syscall
Event_H.syscall.SysNBRecv	ExecSpec.Event_H	syscall
EndpointDecls_H.cancelIPC	ExecSpec.EndpointDecls_H	64 word \<Rightarrow> (global.kernel_state, unit) nondet_monad
CNode_H.longRunningDelete	ExecSpec.CNode_H	capability \<Rightarrow> bool
CNode_H.isFinalCapability	ExecSpec.CNode_H	cte \<Rightarrow> (global.kernel_state, bool) nondet_monad
CNode_H.archMDBAssertions	ExecSpec.CNode_H	global.kernel_state \<Rightarrow> bool
Types_H.msgLength_update	ExecSpec.Types_H	(64 word \<Rightarrow> 64 word) \<Rightarrow> message_info \<Rightarrow> message_info
Types_H.bifNodeID_update	ExecSpec.Types_H	(32 word \<Rightarrow> 32 word) \<Rightarrow> biframe_data \<Rightarrow> biframe_data
ThreadDecls_H.isRunnable	ExecSpec.ThreadDecls_H	64 word \<Rightarrow> (global.kernel_state, bool) nondet_monad
TCBDecls_H.setExtraBadge	ExecSpec.TCBDecls_H	64 word \<Rightarrow> 64 word               \<Rightarrow> nat                             \<Rightarrow> (global.kernel_state,      unit) nondet_monad
TCBDecls_H.getExtraCPtrs	ExecSpec.TCBDecls_H	64 word option \<Rightarrow> message_info               \<Rightarrow> (global.kernel_state, 64 word list) nondet_monad
TCBDecls_H.assertDerived	ExecSpec.TCBDecls_H	64 word \<Rightarrow> capability               \<Rightarrow> (global.kernel_state, 'a) nondet_monad                             \<Rightarrow> (global.kernel_state,      'a) nondet_monad
Structures_H.tcbQueueEnd	ExecSpec.Structures_H	64 word head_end_ptrs \<Rightarrow> 64 word option
Structures_H.tcb.tcbArch	ExecSpec.Structures_H	tcb \<Rightarrow> arch_tcb
Structures_H.tcb.rec_tcb	ExecSpec.Structures_H	(cte  \<Rightarrow> cte                \<Rightarrow> cte                              \<Rightarrow> cte      \<Rightarrow> cte                    \<Rightarrow> 8 word                                  \<Rightarrow> thread_state          \<Rightarrow> 8 word                        \<Rightarrow> 8 word                                      \<Rightarrow> bool              \<Rightarrow> fault option                            \<Rightarrow> nat    \<Rightarrow> 64 word                  \<Rightarrow> 64 word                                \<Rightarrow> 64 word option        \<Rightarrow> 64 word option                      \<Rightarrow> 64 word option                                    \<Rightarrow> 64 word            \<Rightarrow> arch_tcb \<Rightarrow> 'a) \<Rightarrow> tcb \<Rightarrow> 'a
Structures_H.tcb.mor_tcb	ExecSpec.Structures_H	'a set \<Rightarrow> (tcb_pre_tcb \<Rightarrow> 'a)               \<Rightarrow> 'b set                             \<Rightarrow> (tcb_pre_tcb \<Rightarrow> 'b)     \<Rightarrow> ('a \<Rightarrow> 'b) \<Rightarrow> bool
Structures_H.tcb.alg_tcb	ExecSpec.Structures_H	'a set \<Rightarrow> (tcb_pre_tcb \<Rightarrow> 'a) \<Rightarrow> bool
Structures_H.tcb.Rep_tcb	ExecSpec.Structures_H	tcb \<Rightarrow> tcb.tcb_IITN_tcb               \<Rightarrow> (nat + tcb_pre_tcb) set \<Rightarrow> bool
Structures_H.tcb.Abs_tcb	ExecSpec.Structures_H	(tcb.tcb_IITN_tcb \<Rightarrow> (nat + tcb_pre_tcb) set \<Rightarrow> bool) \<Rightarrow> tcb
Structures_H.nullMDBNode	ExecSpec.Structures_H	mdbnode
Structures_H.minPriority	ExecSpec.Structures_H	8 word
Structures_H.mdbnode.MDB	ExecSpec.Structures_H	64 word \<Rightarrow> 64 word               \<Rightarrow> bool \<Rightarrow> bool \<Rightarrow> mdbnode
Structures_H.maxPriority	ExecSpec.Structures_H	8 word
Structures_H.isZombieTCB	ExecSpec.Structures_H	zombie_type \<Rightarrow> bool
Structures_H.isThreadCap	ExecSpec.Structures_H	capability \<Rightarrow> bool
Structures_H.isDomainCap	ExecSpec.Structures_H	capability \<Rightarrow> bool
Structures_H.cte.rec_cte	ExecSpec.Structures_H	(capability \<Rightarrow> mdbnode \<Rightarrow> 'a) \<Rightarrow> cte \<Rightarrow> 'a
Structures_H.cte.mor_cte	ExecSpec.Structures_H	'a set \<Rightarrow> (capability \<times> mdbnode \<Rightarrow> 'a)               \<Rightarrow> 'b set                             \<Rightarrow> (capability \<times> mdbnode      \<Rightarrow> 'b)     \<Rightarrow> ('a \<Rightarrow> 'b) \<Rightarrow> bool
Structures_H.cte.alg_cte	ExecSpec.Structures_H	'a set \<Rightarrow> (capability \<times> mdbnode \<Rightarrow> 'a)               \<Rightarrow> bool
Structures_H.cte.Rep_cte	ExecSpec.Structures_H	cte \<Rightarrow> cte.cte_IITN_cte               \<Rightarrow> (nat + capability \<times> mdbnode) set                             \<Rightarrow> bool
Structures_H.cte.Abs_cte	ExecSpec.Structures_H	(cte.cte_IITN_cte  \<Rightarrow> (nat + capability \<times> mdbnode) set \<Rightarrow> bool) \<Rightarrow> cte
Platform.RISCV64.toPAddr	ExecSpec.Platform	'a \<Rightarrow> 'a
Platform.RISCV64.pptrTop	ExecSpec.Platform	64 word
Platform.RISCV64.irq_len	ExecSpec.Platform	nat
PSpaceFuns_H.deleteRange	ExecSpec.PSpaceFuns_H	(64 word \<Rightarrow> 'a option) \<Rightarrow> 64 word               \<Rightarrow> nat                             \<Rightarrow> 64 word \<Rightarrow> 'a option
Kernel_Config.numDomains	ExecSpec.Kernel_Config	nat
Kernel_Config.config_VTX	ExecSpec.Kernel_Config	bool
KernelInit_H.syncBIFrame	ExecSpec.KernelInit_H	(KernelInitMonad_H.init_data, init_failure + unit) nondet_monad
KernelInit_H.coverOf_rel	ExecSpec.KernelInit_H	(64 word \<times> 64 word) list \<Rightarrow> (64 word \<times> 64 word) list \<Rightarrow> bool
KernelInit_H.coverOf_dom	ExecSpec.KernelInit_H	(64 word \<times> 64 word) list \<Rightarrow> bool
KernelInitMonad_H.itASID	ExecSpec.KernelInitMonad_H	64 word
KI_Decls_H.noInitFailure	ExecSpec.KI_Decls_H	(KernelInitMonad_H.init_data, 'a) nondet_monad \<Rightarrow> (KernelInitMonad_H.init_data, init_failure + 'a) nondet_monad
KI_Decls_H.makeRootCNode	ExecSpec.KI_Decls_H	(KernelInitMonad_H.init_data, init_failure + capability) nondet_monad
Invocations_H.isSetFlags	ExecSpec.Invocations_H	tcbinvocation \<Rightarrow> bool
Invocations_H.Move_trans	ExecSpec.Invocations_H	capability \<Rightarrow> 64 word \<Rightarrow> 64 word \<Rightarrow> cnode_invocation
Fault_H.random_aux_fault	ExecSpec.Fault_H	natural \<Rightarrow> natural               \<Rightarrow> natural \<times> natural                             \<Rightarrow> (fault \<times>      (unit \<Rightarrow> term)) \<times>     natural \<times> natural
Fault_H.isAlignmentError	ExecSpec.Fault_H	syscall_error \<Rightarrow> bool
Fault_H.fault.size_fault	ExecSpec.Fault_H	fault \<Rightarrow> nat
Fault_H.fault.dtor_fault	ExecSpec.Fault_H	fault \<Rightarrow> fault_pre_fault
Fault_H.fault.ctor_fault	ExecSpec.Fault_H	fault_pre_fault \<Rightarrow> fault
Fault_H.fault.case_fault	ExecSpec.Fault_H	(64 word \<Rightarrow> 64 word \<Rightarrow> 'a) \<Rightarrow> (64 word                \<Rightarrow> bool                              \<Rightarrow> lookup_failure \<Rightarrow> 'a)               \<Rightarrow> (64 word \<Rightarrow> 'a)                             \<Rightarrow> (arch_fault \<Rightarrow> 'a)     \<Rightarrow> fault \<Rightarrow> 'a
Fault_H.archFault_update	ExecSpec.Fault_H	(arch_fault \<Rightarrow> arch_fault) \<Rightarrow> fault \<Rightarrow> fault
Fault_H.RangeError_trans	ExecSpec.Fault_H	64 word \<Rightarrow> 64 word \<Rightarrow> syscall_error
Event_H.syscall.SysYield	ExecSpec.Event_H	syscall
Event_H.syscall.SysReply	ExecSpec.Event_H	syscall
Event_H.random_aux_event	ExecSpec.Event_H	natural \<Rightarrow> natural               \<Rightarrow> natural \<times> natural                             \<Rightarrow> (event \<times>      (unit \<Rightarrow> term)) \<times>     natural \<times> natural
Event_H.event.size_event	ExecSpec.Event_H	event \<Rightarrow> nat
Event_H.event.dtor_event	ExecSpec.Event_H	event \<Rightarrow> event_pre_event
Event_H.event.ctor_event	ExecSpec.Event_H	event_pre_event \<Rightarrow> event
Event_H.event.case_event	ExecSpec.Event_H	(syscall \<Rightarrow> 'a) \<Rightarrow> (nat \<Rightarrow> 'a)               \<Rightarrow> (64 word \<Rightarrow> 64 word \<Rightarrow> 'a)                             \<Rightarrow> 'a     \<Rightarrow> (vmfault_type \<Rightarrow> 'a)                   \<Rightarrow> (hyp_fault_type \<Rightarrow> 'a)                                 \<Rightarrow> event \<Rightarrow> 'a
EndpointDecls_H.isActive	ExecSpec.EndpointDecls_H	notification \<Rightarrow> bool
Domain_H.decodeDomainSet	ExecSpec.Domain_H	64 word list \<Rightarrow> (capability \<times> 64 word) list               \<Rightarrow> (global.kernel_state,                              syscall_error + domain_invocation) nondet_monad
CNode_H.setupReplyMaster	ExecSpec.CNode_H	64 word \<Rightarrow> (global.kernel_state, unit) nondet_monad
CNode_H.ensureNoChildren	ExecSpec.CNode_H	64 word \<Rightarrow> (global.kernel_state, syscall_error + unit) nondet_monad
CNode_H.createNewObjects	ExecSpec.CNode_H	object_type \<Rightarrow> 64 word               \<Rightarrow> 64 word list                             \<Rightarrow> 64 word     \<Rightarrow> nat                   \<Rightarrow> bool                                 \<Rightarrow> (global.kernel_state,          unit) nondet_monad
CNode_H.capSwapForDelete	ExecSpec.CNode_H	64 word \<Rightarrow> 64 word \<Rightarrow> (global.kernel_state, unit) nondet_monad
ArchTypes_H.ntfnSizeBits	ExecSpec.ArchTypes_H	nat
Untyped_H.invokeUntyped	ExecSpec.Untyped_H	untyped_invocation \<Rightarrow> (global.kernel_state, 6 word + unit) nondet_monad
Types_H.msgMaxExtraCaps	ExecSpec.Types_H	'a
Types_H.msgLabel_update	ExecSpec.Types_H	(64 word \<Rightarrow> 64 word) \<Rightarrow> message_info \<Rightarrow> message_info
Types_H.msgExtraCapBits	ExecSpec.Types_H	nat
Types_H.message_info.MI	ExecSpec.Types_H	64 word \<Rightarrow> 64 word               \<Rightarrow> 64 word                             \<Rightarrow> 64 word \<Rightarrow> message_info
Types_H.fromCPtr_update	ExecSpec.Types_H	(64 word \<Rightarrow> 64 word) \<Rightarrow> 64 word \<Rightarrow> 64 word
Types_H.cap_transfer.CT	ExecSpec.Types_H	64 word \<Rightarrow> 64 word \<Rightarrow> nat \<Rightarrow> cap_transfer
Types_H.CapRights_trans	ExecSpec.Types_H	bool \<Rightarrow> bool               \<Rightarrow> bool \<Rightarrow> bool \<Rightarrow> cap_rights
ThreadDecls_H.timerTick	ExecSpec.ThreadDecls_H	(global.kernel_state, unit) nondet_monad
ThreadDecls_H.setDomain	ExecSpec.ThreadDecls_H	64 word \<Rightarrow> 8 word \<Rightarrow> (global.kernel_state, unit) nondet_monad
ThreadDecls_H.isStopped	ExecSpec.ThreadDecls_H	64 word \<Rightarrow> (global.kernel_state, bool) nondet_monad
TCBDecls_H.getExtraCPtr	ExecSpec.TCBDecls_H	64 word \<Rightarrow> nat \<Rightarrow> (global.kernel_state, 64 word) nondet_monad
Structures_H.tcb.tcbMCP	ExecSpec.Structures_H	tcb \<Rightarrow> 8 word
Structures_H.tcb.Thread	ExecSpec.Structures_H	cte \<Rightarrow> cte               \<Rightarrow> cte                             \<Rightarrow> cte     \<Rightarrow> cte                   \<Rightarrow> 8 word                                 \<Rightarrow> thread_state         \<Rightarrow> 8 word                       \<Rightarrow> 8 word                                     \<Rightarrow> bool             \<Rightarrow> fault option                           \<Rightarrow> nat   \<Rightarrow> 64 word                 \<Rightarrow> 64 word                               \<Rightarrow> 64 word option       \<Rightarrow> 64 word option                     \<Rightarrow> 64 word option                                   \<Rightarrow> 64 word           \<Rightarrow> arch_tcb \<Rightarrow> tcb
Structures_H.isReplyCap	ExecSpec.Structures_H	capability \<Rightarrow> bool
Structures_H.isInactive	ExecSpec.Structures_H	thread_state \<Rightarrow> bool
Structures_H.isIdleNtfn	ExecSpec.Structures_H	ntfn \<Rightarrow> bool
Structures_H.isCNodeCap	ExecSpec.Structures_H	capability \<Rightarrow> bool
Structures_H.getFreeRef	ExecSpec.Structures_H	64 word \<Rightarrow> nat \<Rightarrow> 64 word
Structures_H.emptyQueue	ExecSpec.Structures_H	64 word head_end_ptrs
Structures_H.dschLength	ExecSpec.Structures_H	8 word \<times> 64 word \<Rightarrow> 64 word
Structures_H.dschDomain	ExecSpec.Structures_H	8 word \<times> 64 word \<Rightarrow> 8 word
Structures_H.cte.cteCap	ExecSpec.Structures_H	cte \<Rightarrow> capability
Structures_H.NTFN_trans	ExecSpec.Structures_H	ntfn \<Rightarrow> 64 word option \<Rightarrow> notification
Structs_B.tcbFlagToWord	ExecSpec.Structs_B	tcb_flag \<Rightarrow> 64 word
RetypeDecls_H.deriveCap	ExecSpec.RetypeDecls_H	64 word \<Rightarrow> capability               \<Rightarrow> (global.kernel_state,                              syscall_error + capability) nondet_monad
RetypeDecls_H.badgeBits	ExecSpec.RetypeDecls_H	nat
Platform.RISCV64.minIRQ	ExecSpec.Platform	6 word
Platform.RISCV64.maxIRQ	ExecSpec.Platform	'a
PSpaceFuns_H.initPSpace	ExecSpec.PSpaceFuns_H	(64 word \<times> 64 word) list \<Rightarrow> (global.kernel_state, unit) nondet_monad
MachineTypes.irq_oracle	ExecSpec.MachineTypes	nat \<Rightarrow> 6 word
Kernel_Config.timeSlice	ExecSpec.Kernel_Config	nat
Invocations_H.isSuspend	ExecSpec.Invocations_H	tcbinvocation \<Rightarrow> bool
InterruptDecls_H.toBool	ExecSpec.InterruptDecls_H	64 word \<Rightarrow> bool
Fault_H.isUserException	ExecSpec.Fault_H	fault \<Rightarrow> bool
Fault_H.isGuardMismatch	ExecSpec.Fault_H	lookup_failure \<Rightarrow> bool
Fault_H.isDepthMismatch	ExecSpec.Fault_H	lookup_failure \<Rightarrow> bool
Fault_H.fault.rec_fault	ExecSpec.Fault_H	(64 word \<Rightarrow> 64 word \<Rightarrow> 'a) \<Rightarrow> (64 word                \<Rightarrow> bool                              \<Rightarrow> lookup_failure \<Rightarrow> 'a)               \<Rightarrow> (64 word \<Rightarrow> 'a)                             \<Rightarrow> (arch_fault \<Rightarrow> 'a)     \<Rightarrow> fault \<Rightarrow> 'a
Fault_H.fault.mor_fault	ExecSpec.Fault_H	'a set \<Rightarrow> (fault_pre_fault \<Rightarrow> 'a)               \<Rightarrow> 'b set                             \<Rightarrow> (fault_pre_fault \<Rightarrow> 'b)     \<Rightarrow> ('a \<Rightarrow> 'b) \<Rightarrow> bool
Fault_H.fault.archFault	ExecSpec.Fault_H	fault \<Rightarrow> arch_fault
Fault_H.fault.alg_fault	ExecSpec.Fault_H	'a set \<Rightarrow> (fault_pre_fault \<Rightarrow> 'a) \<Rightarrow> bool
Fault_H.fault.Rep_fault	ExecSpec.Fault_H	fault \<Rightarrow> fault.fault_IITN_fault               \<Rightarrow> (nat + fault_pre_fault) set \<Rightarrow> bool
Fault_H.fault.ArchFault	ExecSpec.Fault_H	arch_fault \<Rightarrow> fault
Fault_H.fault.Abs_fault	ExecSpec.Fault_H	(fault.fault_IITN_fault  \<Rightarrow> (nat + fault_pre_fault) set \<Rightarrow> bool) \<Rightarrow> fault
Fault_H.ArchFault_trans	ExecSpec.Fault_H	arch_fault \<Rightarrow> fault
FaultMonad_H.rangeCheck	ExecSpec.FaultMonad_H	'a \<Rightarrow> 'b \<Rightarrow> 'b \<Rightarrow> (global.kernel_state,               syscall_error + unit) nondet_monad
Event_H.syscall.SysSend	ExecSpec.Event_H	syscall
Event_H.syscall.SysRecv	ExecSpec.Event_H	syscall
Event_H.syscall.SysCall	ExecSpec.Event_H	syscall
Event_H.event.rec_event	ExecSpec.Event_H	(syscall \<Rightarrow> 'a) \<Rightarrow> (nat \<Rightarrow> 'a)               \<Rightarrow> (64 word \<Rightarrow> 64 word \<Rightarrow> 'a)                             \<Rightarrow> 'a     \<Rightarrow> (vmfault_type \<Rightarrow> 'a)                   \<Rightarrow> (hyp_fault_type \<Rightarrow> 'a)                                 \<Rightarrow> event \<Rightarrow> 'a
Event_H.event.mor_event	ExecSpec.Event_H	'a set \<Rightarrow> (event_pre_event \<Rightarrow> 'a)               \<Rightarrow> 'b set                             \<Rightarrow> (event_pre_event \<Rightarrow> 'b)     \<Rightarrow> ('a \<Rightarrow> 'b) \<Rightarrow> bool
Event_H.event.alg_event	ExecSpec.Event_H	'a set \<Rightarrow> (event_pre_event \<Rightarrow> 'a) \<Rightarrow> bool
Event_H.event.Rep_event	ExecSpec.Event_H	event \<Rightarrow> event.event_IITN_event               \<Rightarrow> (nat + event_pre_event) set \<Rightarrow> bool
Event_H.event.Interrupt	ExecSpec.Event_H	event
Event_H.event.Abs_event	ExecSpec.Event_H	(event.event_IITN_event  \<Rightarrow> (nat + event_pre_event) set \<Rightarrow> bool) \<Rightarrow> event
EndpointDecls_H.sendIPC	ExecSpec.EndpointDecls_H	bool \<Rightarrow> bool               \<Rightarrow> 64 word                             \<Rightarrow> bool     \<Rightarrow> bool                   \<Rightarrow> 64 word                                 \<Rightarrow> 64 word         \<Rightarrow> (global.kernel_state, unit) nondet_monad
Domain_H.domainSetStart	ExecSpec.Domain_H	nat \<Rightarrow> (global.kernel_state, unit) nondet_monad
Config_H.minSmallBlocks	ExecSpec.Config_H	nat
CSpaceDecls_H.lookupCap	ExecSpec.CSpaceDecls_H	64 word \<Rightarrow> 64 word               \<Rightarrow> (global.kernel_state,                              lookup_failure + capability) nondet_monad
CNode_H.updateFreeIndex	ExecSpec.CNode_H	64 word \<Rightarrow> nat \<Rightarrow> (global.kernel_state, unit) nondet_monad
CNode_H.locateSlotCNode	ExecSpec.CNode_H	64 word \<Rightarrow> nat               \<Rightarrow> 64 word                             \<Rightarrow> (global.kernel_state,      64 word) nondet_monad
CNode_H.locateSlotBasic	ExecSpec.CNode_H	64 word \<Rightarrow> 64 word               \<Rightarrow> (global.kernel_state, 64 word) nondet_monad
CNode_H.loadCapTransfer	ExecSpec.CNode_H	64 word \<Rightarrow> (global.kernel_state, cap_transfer) nondet_monad
CNode_H.getReceiveSlots	ExecSpec.CNode_H	64 word \<Rightarrow> 64 word option               \<Rightarrow> (global.kernel_state, 64 word list) nondet_monad
CNode_H.ensureEmptySlot	ExecSpec.CNode_H	64 word \<Rightarrow> (global.kernel_state, syscall_error + unit) nondet_monad
CNode_H.cteRevoke_graph	ExecSpec.CNode_H	64 word \<times> global.kernel_state \<Rightarrow> ((6 word + unit) \<times> global.kernel_state) set \<times>               bool               \<Rightarrow> bool
CNode_H.capCyclicZombie	ExecSpec.CNode_H	capability \<Rightarrow> 64 word \<Rightarrow> bool
ArchTypes_H.cteSizeBits	ExecSpec.ArchTypes_H	nat
Untyped_H.cNodeOverlap	ExecSpec.Untyped_H	(64 word \<Rightarrow> nat option) \<Rightarrow> (64 word \<Rightarrow> bool) \<Rightarrow> bool
Types_H.wordFromRights	ExecSpec.Types_H	cap_rights \<Rightarrow> 64 word
Types_H.rightsFromWord	ExecSpec.Types_H	64 word \<Rightarrow> cap_rights
Types_H.InitData_trans	ExecSpec.Types_H	(64 word \<times> 64 word) list \<Rightarrow> 64 word               \<Rightarrow> 64 word                             \<Rightarrow> biframe_data     \<Rightarrow> 64 word                   \<Rightarrow> 64 word \<Rightarrow> Types_H.init_data
ThreadDecls_H.wordLog2	ExecSpec.ThreadDecls_H	'b \<Rightarrow> nat
ThreadDecls_H.setFlags	ExecSpec.ThreadDecls_H	64 word \<Rightarrow> 64 word \<Rightarrow> (global.kernel_state, unit) nondet_monad
ThreadDecls_H.schedule	ExecSpec.ThreadDecls_H	(global.kernel_state, unit) nondet_monad
Structures_H.objBitsKO	ExecSpec.Structures_H	kernel_object \<Rightarrow> nat
Structures_H.maxDomain	ExecSpec.Structures_H	8 word
Structures_H.isRunning	ExecSpec.Structures_H	thread_state \<Rightarrow> bool
Structures_H.isRestart	ExecSpec.Structures_H	thread_state \<Rightarrow> bool
Structures_H.isReceive	ExecSpec.Structures_H	thread_state \<Rightarrow> bool
Structures_H.isNullCap	ExecSpec.Structures_H	capability \<Rightarrow> bool
Structures_H.isFlagSet	ExecSpec.Structures_H	tcb_flag \<Rightarrow> 64 word \<Rightarrow> bool
Structures_H.MDB_trans	ExecSpec.Structures_H	64 word \<Rightarrow> 64 word               \<Rightarrow> bool \<Rightarrow> bool \<Rightarrow> mdbnode
Structures_H.CTE_trans	ExecSpec.Structures_H	capability \<Rightarrow> mdbnode \<Rightarrow> cte
State_H.RISCV64_H.Word	ExecSpec.State_H	64 word \<Rightarrow> 64 word
State_H.RISCV64_H.VPtr	ExecSpec.State_H	64 word \<Rightarrow> 64 word
State_H.RISCV64_H.PPtr	ExecSpec.State_H	64 word \<Rightarrow> 64 word
PSpaceStruct_H.ptrBits	ExecSpec.PSpaceStruct_H	'a word \<Rightarrow> bool list
PSpaceFuns_H.setObject	ExecSpec.PSpaceFuns_H	64 word \<Rightarrow> 'a \<Rightarrow> (global.kernel_state, unit) nondet_monad
PSpaceFuns_H.newPSpace	ExecSpec.PSpaceFuns_H	64 word \<Rightarrow> kernel_object option
PSpaceFuns_H.getObject	ExecSpec.PSpaceFuns_H	64 word \<Rightarrow> (global.kernel_state, 'a) nondet_monad
MachineOps.RISCV64.IRQ	ExecSpec.MachineOps	6 word \<Rightarrow> 6 word
Kernel_Config.physBase	ExecSpec.Kernel_Config	64 word
KI_Decls_H.initFreemem	ExecSpec.KI_Decls_H	64 word \<Rightarrow> 64 word \<times> 64 word               \<Rightarrow> (KernelInitMonad_H.init_data,                              init_failure + unit) nondet_monad
KI_Decls_H.getAPRegion	ExecSpec.KI_Decls_H	64 word \<Rightarrow> (KernelInitMonad_H.init_data,                init_failure + (64 word \<times> 64 word) list) nondet_monad
KI_Decls_H.allocRegion	ExecSpec.KI_Decls_H	nat \<Rightarrow> (KernelInitMonad_H.init_data,                init_failure + 64 word) nondet_monad
Invocations_H.isRotate	ExecSpec.Invocations_H	cnode_invocation \<Rightarrow> bool
Invocations_H.isRevoke	ExecSpec.Invocations_H	cnode_invocation \<Rightarrow> bool
Invocations_H.isResume	ExecSpec.Invocations_H	tcbinvocation \<Rightarrow> bool
Invocations_H.isInsert	ExecSpec.Invocations_H	cnode_invocation \<Rightarrow> bool
Invocations_H.isDelete	ExecSpec.Invocations_H	cnode_invocation \<Rightarrow> bool
Invocations_H.isAckIRQ	ExecSpec.Invocations_H	irqhandler_invocation \<Rightarrow> bool
Fault_H.isFailedLookup	ExecSpec.Fault_H	syscall_error \<Rightarrow> bool
Fault_H.fault.CapFault	ExecSpec.Fault_H	64 word \<Rightarrow> bool \<Rightarrow> lookup_failure \<Rightarrow> fault
Fault_H.CapFault_trans	ExecSpec.Fault_H	64 word \<Rightarrow> bool \<Rightarrow> lookup_failure \<Rightarrow> fault
Delete_H.finaliseSlot'	ExecSpec.Delete_H	64 word \<Rightarrow> bool               \<Rightarrow> (global.kernel_state,                              6 word + bool \<times> capability) nondet_monad
Delete_H.cteDeleteOne'	ExecSpec.Delete_H	64 word \<Rightarrow> (global.kernel_state, unit) nondet_monad
Config_H.rootCNodeSize	ExecSpec.Config_H	nat
Config_H.numPriorities	ExecSpec.Config_H	nat
CNode_H.noReplyCapsFor	ExecSpec.CNode_H	64 word \<Rightarrow> global.kernel_state \<Rightarrow> bool
CNode_H.cteRevoke_sumC	ExecSpec.CNode_H	64 word \<times> global.kernel_state \<Rightarrow> ((6 word + unit) \<times> global.kernel_state) set \<times>               bool
ArchTypes_H.epSizeBits	ExecSpec.ArchTypes_H	nat
VSpace_H.initPlatform	ExecSpec.VSpace_H	(global.kernel_state, unit) nondet_monad
VSpace_H.initKernelVM	ExecSpec.VSpace_H	(global.kernel_state, unit) nondet_monad
Untyped_H.archOverlap	ExecSpec.Untyped_H	global.kernel_state \<Rightarrow> (64 word \<Rightarrow> bool) \<Rightarrow> bool
Types_H.msgLengthBits	ExecSpec.Types_H	nat
ThreadDecls_H.suspend	ExecSpec.ThreadDecls_H	64 word \<Rightarrow> (global.kernel_state, unit) nondet_monad
ThreadDecls_H.restart	ExecSpec.ThreadDecls_H	64 word \<Rightarrow> (global.kernel_state, unit) nondet_monad
TCBDecls_H.checkCapAt	ExecSpec.TCBDecls_H	capability \<Rightarrow> 64 word               \<Rightarrow> (global.kernel_state, unit) nondet_monad                             \<Rightarrow> (global.kernel_state,      unit) nondet_monad
Syscall_H.handleYield	ExecSpec.Syscall_H	(global.kernel_state, unit) nondet_monad
Syscall_H.handleReply	ExecSpec.Syscall_H	(global.kernel_state, unit) nondet_monad
Syscall_H.handleEvent	ExecSpec.Syscall_H	event \<Rightarrow> (global.kernel_state, 6 word + unit) nondet_monad
Structures_H.isZombie	ExecSpec.Structures_H	capability \<Rightarrow> bool
Structures_H.isSendEP	ExecSpec.Structures_H	endpoint \<Rightarrow> bool
Structures_H.isRecvEP	ExecSpec.Structures_H	endpoint \<Rightarrow> bool
Structures_H.isIdleEP	ExecSpec.Structures_H	endpoint \<Rightarrow> bool
Structs_B.tcbFlagMask	ExecSpec.Structs_B	64 word
PSpaceStruct_H.PSpace	ExecSpec.PSpaceStruct_H	(64 word \<Rightarrow> kernel_object option) \<Rightarrow> 64 word \<Rightarrow> kernel_object option
Kernel_Config.irqBits	ExecSpec.Kernel_Config	nat
KI_Decls_H.provideCap	ExecSpec.KI_Decls_H	capability \<Rightarrow> capability               \<Rightarrow> (KernelInitMonad_H.init_data,                              init_failure + unit) nondet_monad
KI_Decls_H.initKernel	ExecSpec.KI_Decls_H	64 word \<Rightarrow> 64 word               \<Rightarrow> 64 word list                             \<Rightarrow> 64 word list     \<Rightarrow> 64 word list                   \<Rightarrow> (global.kernel_state, unit) nondet_monad
KI_Decls_H.allocFrame	ExecSpec.KI_Decls_H	(KernelInitMonad_H.init_data, init_failure + 64 word) nondet_monad
Fault_H.isRevokeFirst	ExecSpec.Fault_H	syscall_error \<Rightarrow> bool
Fault_H.isInvalidRoot	ExecSpec.Fault_H	lookup_failure \<Rightarrow> bool
Fault_H.isDeleteFirst	ExecSpec.Fault_H	syscall_error \<Rightarrow> bool
Domain_H.invokeDomain	ExecSpec.Domain_H	domain_invocation \<Rightarrow> (global.kernel_state, unit) nondet_monad
Delete_H.slotsPointed	ExecSpec.Delete_H	capability \<Rightarrow> 64 word set
Config_H.minFreeSlots	ExecSpec.Config_H	nat
CNode_H.locateSlotTCB	ExecSpec.CNode_H	64 word \<Rightarrow> 64 word               \<Rightarrow> (global.kernel_state, 64 word) nondet_monad
CNode_H.locateSlotCap	ExecSpec.CNode_H	capability \<Rightarrow> 64 word               \<Rightarrow> (global.kernel_state, 64 word) nondet_monad
CNode_H.isMDBParentOf	ExecSpec.CNode_H	cte \<Rightarrow> cte \<Rightarrow> bool
CNode_H.insertInitCap	ExecSpec.CNode_H	64 word \<Rightarrow> capability               \<Rightarrow> (global.kernel_state, unit) nondet_monad
CNode_H.cteRevoke_rel	ExecSpec.CNode_H	64 word \<times> global.kernel_state \<Rightarrow> 64 word \<times> global.kernel_state \<Rightarrow> bool
CNode_H.cteRevoke_dom	ExecSpec.CNode_H	64 word \<times> global.kernel_state \<Rightarrow> bool
Types_H.priorityBits	ExecSpec.Types_H	nat
Types_H.msgMaxLength	ExecSpec.Types_H	'a
Types_H.msgLabelBits	ExecSpec.Types_H	nat
Types_H.msgAlignBits	ExecSpec.Types_H	nat
Types_H.andCapRights	ExecSpec.Types_H	cap_rights \<Rightarrow> cap_rights \<Rightarrow> cap_rights
Types_H.Region_trans	ExecSpec.Types_H	64 word \<times> 64 word \<Rightarrow> 64 word \<times> 64 word
TCBDecls_H.threadSet	ExecSpec.TCBDecls_H	(tcb \<Rightarrow> tcb) \<Rightarrow> 64 word \<Rightarrow> (global.kernel_state, unit) nondet_monad
TCBDecls_H.threadGet	ExecSpec.TCBDecls_H	(tcb \<Rightarrow> 'a) \<Rightarrow> 64 word \<Rightarrow> (global.kernel_state, 'a) nondet_monad
TCBDecls_H.invokeTCB	ExecSpec.TCBDecls_H	tcbinvocation \<Rightarrow> (global.kernel_state, 6 word + 64 word list) nondet_monad
TCBDecls_H.checkPrio	ExecSpec.TCBDecls_H	64 word \<Rightarrow> 64 word               \<Rightarrow> (global.kernel_state,                              syscall_error + unit) nondet_monad
Syscall_H.handleSend	ExecSpec.Syscall_H	bool \<Rightarrow> (global.kernel_state, 6 word + unit) nondet_monad
Syscall_H.handleRecv	ExecSpec.Syscall_H	bool \<Rightarrow> (global.kernel_state, unit) nondet_monad
Syscall_H.handleCall	ExecSpec.Syscall_H	(global.kernel_state, 6 word + unit) nondet_monad
Structures_H.isReply	ExecSpec.Structures_H	thread_state \<Rightarrow> bool
Structures_H.cte.CTE	ExecSpec.Structures_H	capability \<Rightarrow> mdbnode \<Rightarrow> cte
Structs_B.timeArgLen	ExecSpec.Structs_B	nat
State_H.wordSizeCase	ExecSpec.State_H	'a \<Rightarrow> 'a \<Rightarrow> 'a
PSpaceStruct_H.psMap	ExecSpec.PSpaceStruct_H	(64 word \<Rightarrow> kernel_object option) \<Rightarrow> 64 word \<Rightarrow> kernel_object option
Kernel_Config.maxIRQ	ExecSpec.Kernel_Config	'a
KernelInit_H.coverOf	ExecSpec.KernelInit_H	(64 word \<times> 64 word) list \<Rightarrow> 64 word \<times> 64 word
Invocations_H.isMove	ExecSpec.Invocations_H	cnode_invocation \<Rightarrow> bool
Fault_H.isRangeError	ExecSpec.Fault_H	syscall_error \<Rightarrow> bool
CNode_H.reduceZombie	ExecSpec.CNode_H	capability \<Rightarrow> 64 word               \<Rightarrow> bool                             \<Rightarrow> (global.kernel_state,      6 word + unit) nondet_monad
CNode_H.insertNewCap	ExecSpec.CNode_H	64 word \<Rightarrow> 64 word               \<Rightarrow> capability                             \<Rightarrow> (global.kernel_state,      unit) nondet_monad
CNode_H.finaliseSlot	ExecSpec.CNode_H	64 word \<Rightarrow> bool               \<Rightarrow> (global.kernel_state,                              6 word + bool \<times> capability) nondet_monad
CNode_H.cteDeleteOne	ExecSpec.CNode_H	64 word \<Rightarrow> (global.kernel_state, unit) nondet_monad
CNode_H.capRemovable	ExecSpec.CNode_H	capability \<Rightarrow> 64 word \<Rightarrow> bool
Structures_H.noFlag	ExecSpec.Structures_H	64 word
Structures_H.isSend	ExecSpec.Structures_H	thread_state \<Rightarrow> bool
Fault_H.isArchFault	ExecSpec.Fault_H	fault \<Rightarrow> bool
CNode_H.invokeCNode	ExecSpec.CNode_H	cnode_invocation \<Rightarrow> (global.kernel_state, 6 word + unit) nondet_monad
Types_H.fromRegion	ExecSpec.Types_H	64 word \<times> 64 word \<Rightarrow> 64 word \<times> 64 word
Types_H.SlotRegion	ExecSpec.Types_H	64 word \<times> 64 word \<Rightarrow> 64 word \<times> 64 word
Types_H.CPtr_trans	ExecSpec.Types_H	64 word \<Rightarrow> 64 word
TCBDecls_H.copyMRs	ExecSpec.TCBDecls_H	64 word \<Rightarrow> 64 word option               \<Rightarrow> 64 word                             \<Rightarrow> 64 word option     \<Rightarrow> 64 word                   \<Rightarrow> (global.kernel_state, 64 word) nondet_monad
KI_Decls_H.coverOf	ExecSpec.KI_Decls_H	(64 word \<times> 64 word) list \<Rightarrow> 64 word \<times> 64 word
Fault_H.isCapFault	ExecSpec.Fault_H	fault \<Rightarrow> bool
FaultMonad_H.throw	ExecSpec.FaultMonad_H	'f \<Rightarrow> (global.kernel_state, 'f + 'a) nondet_monad
Domain_H.domainSet	ExecSpec.Domain_H	64 word \<Rightarrow> 8 word \<Rightarrow> (global.kernel_state, unit) nondet_monad
Delete_H.sethelper	ExecSpec.Delete_H	bool \<Rightarrow> 'a set \<Rightarrow> 'a set
CNode_H.getSlotCap	ExecSpec.CNode_H	64 word \<Rightarrow> (global.kernel_state, capability) nondet_monad
Untyped_H.alignUp	ExecSpec.Untyped_H	64 word \<Rightarrow> nat \<Rightarrow> 64 word
Types_H.allRights	ExecSpec.Types_H	cap_rights
TCBDecls_H.setMRs	ExecSpec.TCBDecls_H	64 word \<Rightarrow> 64 word option               \<Rightarrow> 64 word list                             \<Rightarrow> (global.kernel_state,      64 word) nondet_monad
TCBDecls_H.getMRs	ExecSpec.TCBDecls_H	64 word \<Rightarrow> 64 word option               \<Rightarrow> message_info                             \<Rightarrow> (global.kernel_state,      64 word list) nondet_monad
TCBDecls_H.asUser	ExecSpec.TCBDecls_H	64 word \<Rightarrow> (user_context, 'a) nondet_monad               \<Rightarrow> (global.kernel_state, 'a) nondet_monad
Syscall_H.syscall	ExecSpec.Syscall_H	(global.kernel_state, fault + 'a) nondet_monad \<Rightarrow> (fault \<Rightarrow> (global.kernel_state, 'c) nondet_monad)               \<Rightarrow> ('a \<Rightarrow> (global.kernel_state,          syscall_error + 'b) nondet_monad)                             \<Rightarrow> (syscall_error      \<Rightarrow> (global.kernel_state, 'c) nondet_monad)     \<Rightarrow> ('b \<Rightarrow> (global.kernel_state,                                      6 word + 'c) nondet_monad)                   \<Rightarrow> (global.kernel_state,                                  6 word + 'c) nondet_monad
State_H.wordRadix	ExecSpec.State_H	nat
CNode_H.updateMDB	ExecSpec.CNode_H	64 word \<Rightarrow> (mdbnode \<Rightarrow> mdbnode)               \<Rightarrow> (global.kernel_state, unit) nondet_monad
CNode_H.updateCap	ExecSpec.CNode_H	64 word \<Rightarrow> capability               \<Rightarrow> (global.kernel_state, unit) nondet_monad
CNode_H.emptySlot	ExecSpec.CNode_H	64 word \<Rightarrow> capability               \<Rightarrow> (global.kernel_state, unit) nondet_monad
CNode_H.cteRevoke	ExecSpec.CNode_H	64 word \<Rightarrow> (global.kernel_state, 6 word + unit) nondet_monad
CNode_H.cteInsert	ExecSpec.CNode_H	capability \<Rightarrow> 64 word               \<Rightarrow> 64 word                             \<Rightarrow> (global.kernel_state,      unit) nondet_monad
CNode_H.cteDelete	ExecSpec.CNode_H	64 word \<Rightarrow> bool               \<Rightarrow> (global.kernel_state,                              6 word + unit) nondet_monad
VSpace_H.initCPU	ExecSpec.VSpace_H	(global.kernel_state, unit) nondet_monad
Types_H.noRights	ExecSpec.Types_H	cap_rights
Types_H.fromCPtr	ExecSpec.Types_H	64 word \<Rightarrow> 64 word
Types_H.MI_trans	ExecSpec.Types_H	64 word \<Rightarrow> 64 word               \<Rightarrow> 64 word                             \<Rightarrow> 64 word \<Rightarrow> message_info
Types_H.CT_trans	ExecSpec.Types_H	64 word \<Rightarrow> 64 word \<Rightarrow> nat \<Rightarrow> cap_transfer
Thread_H.initTCB	ExecSpec.Thread_H	tcb
State_H.wordSize	ExecSpec.State_H	nat
API_H.callKernel	ExecSpec.API_H	event \<Rightarrow> (global.kernel_state, unit) nondet_monad
CNode_H.cteSwap	ExecSpec.CNode_H	capability \<Rightarrow> 64 word               \<Rightarrow> capability                             \<Rightarrow> 64 word     \<Rightarrow> (global.kernel_state, unit) nondet_monad
CNode_H.cteMove	ExecSpec.CNode_H	capability \<Rightarrow> 64 word               \<Rightarrow> 64 word                             \<Rightarrow> (global.kernel_state,      unit) nondet_monad
Types_H.Region	ExecSpec.Types_H	64 word \<times> 64 word \<Rightarrow> 64 word \<times> 64 word
TCB_H.mapMaybe	ExecSpec.TCB_H	('a \<Rightarrow> 'b) \<Rightarrow> 'a option \<Rightarrow> 'b option
CNode_H.setCTE	ExecSpec.CNode_H	64 word \<Rightarrow> cte \<Rightarrow> (global.kernel_state, unit) nondet_monad
CNode_H.getCTE	ExecSpec.CNode_H	64 word \<Rightarrow> (global.kernel_state, cte) nondet_monad
Types_H.CPtr	ExecSpec.Types_H	64 word \<Rightarrow> 64 word
