Sel4Lean.Spec.instInhabitedArchTCB	def
Sel4Lean.Spec.M.Object_ObjectType.RISCV64.sameRegionAs	def
Sel4Lean.Spec.TCBInvocation.set_copyRegsTransferArch	def
Sel4Lean.Spec.Capability.ReplyCap.elim	def
Sel4Lean.Spec.RISCV64.Register.S5.elim	def
Sel4Lean.Spec.M.Object_ObjectType.decodeIRQHandlerInvocation	def
Sel4Lean.Spec.ForMH	type
Sel4Lean.Spec.M.Object_Structures.maxFreeIndex	def
Sel4Lean.Spec.instInhabitedASIDControlInvocation.default	def
Sel4Lean.Spec.M.Object_TCB.getNotification	def
Sel4Lean.Spec.isEndpointCap	def
Sel4Lean.Spec.M.Kernel_VSpace.RISCV64.createITPDPTs	def
Sel4Lean.Spec.ThreadState.set_blockingObject	def
Sel4Lean.Spec.MachineOps.read_stval	def
Sel4Lean.Spec.M.Machine_RegisterSet_RISCV64.capRegister	def
Sel4Lean.Spec.instMinBitVec_sel4Lean	def
Sel4Lean.Spec.M.Model_Failures.rangeCheck	def
Sel4Lean.Spec.M.Model_PSpace.lookupAround	def
Sel4Lean.Spec.TCBInvocation.set_setFlagsSet	def
Sel4Lean.Spec.SetH.filter	def
Sel4Lean.Spec.instBitsHCPtr	def
Sel4Lean.Spec.Notification.NTFN	ctor
Sel4Lean.Spec.LookupFailure.InvalidRoot.elim	def
Sel4Lean.Spec.Region	type
Sel4Lean.Spec.KernelConfig.workUnitsLimit	def
Sel4Lean.Spec.M.Object_Interrupt_RISCV64.maxIRQ	def
Sel4Lean.Spec.TCBInvocation.tcNewPriority	def
Sel4Lean.Spec.M.Machine_Hardware.getKernelDevices	opaque
Sel4Lean.Spec.runState	def
Sel4Lean.Spec.M.Object_CNode.unifyFailure	def
Sel4Lean.Spec.M.Kernel_Init.createDeviceFrames	def
Sel4Lean.Spec.Capability.set_capTCBPtr	def
Sel4Lean.Spec.M.Object_TCB.checkPrio	def
Sel4Lean.Spec.M.Object_Endpoint.cancelIPC	def
Sel4Lean.Spec.instInhabitedCapTransfer.default	def
Sel4Lean.Spec.BIDeviceRegion.bidrFrameCaps	def
Sel4Lean.Spec.BIFrameData	type
Sel4Lean.Spec.M.Object_ObjectType_RISCV64.deriveCap	def
Sel4Lean.Spec.KernelConfig.maxIRQ	def
Sel4Lean.Spec.instDecidableEqSlotRegion.decEq	def
Sel4Lean.Spec.ObjectType.HugePageObject.elim	def
Sel4Lean.Spec.RISCVVSpaceRegionUse.toIdx	def
Sel4Lean.Spec.M.Machine_RegisterSet_RISCV64.nextInstructionRegister	def
Sel4Lean.Spec.M.Object_TCB.messageInfoFromWord	def
Sel4Lean.Spec.instInhabitedKernelObjectType	def
Sel4Lean.Spec.M.Object_Endpoint.isReceive	def
Sel4Lean.Spec.Fault.set_capFaultFailure	def
Sel4Lean.Spec.KernelConfig.CONFIG_KERNEL_STACK_BITS	def
Sel4Lean.Spec.Register.Register	ctor
Sel4Lean.Spec.IRQHandlerInvocation.ClearIRQHandler	ctor
Sel4Lean.Spec.M.Kernel_CSpace.withoutFailure	def
Sel4Lean.Spec.M.Object_ObjectType.RISCV64.capUntypedSize	def
Sel4Lean.Spec.M.Model_Failures.withoutFailure	def
Sel4Lean.Spec.Capability.set_capEPCanGrant	def
Sel4Lean.Spec.CNodeInvocation.Revoke	ctor
Sel4Lean.Spec.ArchInvocationLabel.RISCVPageMap	ctor
Sel4Lean.Spec.instIntegralHTcbFlag	def
Sel4Lean.Spec.GenInvocationLabels.TCBSetTLSBase.elim	def
Sel4Lean.Spec.M.Model_Failures.nullCapOnFailure	def
Sel4Lean.Spec.TCB.brecOn.go	def
Sel4Lean.Spec.instInhabitedArchInvocationLabel.default	def
Sel4Lean.Spec.UserData.UserData	ctor
Sel4Lean.Spec.instMulVPtr	def
Sel4Lean.Spec.PageInvocation.set_pageUnmapCap	def
Sel4Lean.Spec.TCBInvocation.set_copyRegsSource	def
Sel4Lean.Spec.LookupFailure.set_guardMismatchGuardSize	def
Sel4Lean.Spec.HypFaultType.toIdx	def
Sel4Lean.Spec.M.Kernel_VSpace.vptrFromPPtr	def
Sel4Lean.Spec.M.Kernel_Thread_RISCV64.getIdleThread	def
Sel4Lean.Spec.M.Object_Interrupt_RISCV64.throw	def
Sel4Lean.Spec.CapRights.capAllowGrantReply	def
Sel4Lean.Spec.M.Object_Structures.nullMDBNode	def
Sel4Lean.Spec.M.Object_Notification.ksReadyQueues_asrt	opaque
Sel4Lean.Spec.TCBInvocation.writeRegsArch	def
Sel4Lean.Spec.KernelObjectType.EndpointT	ctor
Sel4Lean.Spec.M.Machine_Hardware_RISCV64.getVMRights	def
Sel4Lean.Spec.M.Kernel_VSpace_RISCV64.pptrBase	def
Sel4Lean.Spec.VMRights.VMReadOnly	ctor
Sel4Lean.Spec.M.Machine_Hardware.minIRQ	def
Sel4Lean.Spec.M.Object_CNode.getSlotCap	def
Sel4Lean.Spec.M.Object_ObjectType.maskCapRights	def
Sel4Lean.Spec.M.Object_CNode.maxFreeIndex	def
Sel4Lean.Spec.DesignOnly.HaskellInitData.mk	ctor
Sel4Lean.Spec.M.Object_TCB.decodeSetTLSBase	def
Sel4Lean.Spec.RISCV64.Register.A5.elim	def
Sel4Lean.Spec.MDBNode.mdbNext	def
Sel4Lean.Spec.RISCV64.Register.SCAUSE.elim	def
Sel4Lean.Spec.M.Object_TCB.getCTE	def
Sel4Lean.Spec.ASIDPoolInvocation.assignASIDPool	def
Sel4Lean.Spec.MachineOps.stval_val	opaque
Sel4Lean.Spec.M.Object_ObjectType_RISCV64.createObject	opaque
Sel4Lean.Spec.foldM	def
Sel4Lean.Spec.instInhabitedKernelState	def
Sel4Lean.Spec.TCBInvocation.Resume	ctor
Sel4Lean.Spec.MachineOps.initL2Cache_impl	opaque
Sel4Lean.Spec.instDecidableEqNotification	def
Sel4Lean.Spec.RISCV64.Register.S10	ctor
Sel4Lean.Spec.init_underlying_memory	def
Sel4Lean.Spec.RISCV64.Invocation.InvokePage.elim	def
Sel4Lean.Spec.KernelState.gsUntypedZeroRanges	def
Sel4Lean.Spec.RISCV64.IRQControlInvocation.IssueIRQHandler	ctor
Sel4Lean.Spec.instInhabitedASID.default	def
Sel4Lean.Spec.M.API_Syscall.getThreadState	def
Sel4Lean.Spec.BIFrameData.bifUntypedObjCaps	def
Sel4Lean.Spec.GenInvocationLabels.UntypedRetype	ctor
Sel4Lean.Spec.Intermediate.createNewTableCaps	def
Sel4Lean.Spec.PageInvocation.PageGetAddr.elim	def
Sel4Lean.Spec.ForMH.mk	ctor
Sel4Lean.Spec.instOrOpVPtr	def
Sel4Lean.Spec.M.Object_CNode.locateSlotBasic	def
Sel4Lean.Spec.M.Kernel_VSpace_RISCV64.mapKernelWindow	def
Sel4Lean.Spec.RISCV64.IRQControlInvocation	type
Sel4Lean.Spec.UntypedInvocation.retypeSource	def
Sel4Lean.Spec.instInhabitedVMRights	def
Sel4Lean.Spec.M.Kernel_VSpace_RISCV64.unmapPageTable	def
Sel4Lean.Spec.VMFaultType.RISCVInstructionPageFault.elim	def
Sel4Lean.Spec.M.Object_Notification.unbindNotification	def
Sel4Lean.Spec.Capability.capCNodeGuardSize	def
Sel4Lean.Spec.M.Object_CNode.getObject	def
Sel4Lean.Spec.PageInvocation.set_pageMapCTSlot	def
Sel4Lean.Spec.M.API_Syscall.lookupExtraCaps	def
Sel4Lean.Spec.M.Kernel_Thread.scheduleSwitchThreadFastfail	def
Sel4Lean.Spec.M.Object_CNode.slotCapLongRunningDelete	def
Sel4Lean.Spec.M.Model_Failures.lookupErrorOnFailure	def
Sel4Lean.Spec.M.Object_Structures.archObjSize	def
Sel4Lean.Spec.PageTableInvocation	type
Sel4Lean.Spec.TCB.tcbState	def
Sel4Lean.Spec.M.Kernel_VSpace_RISCV64.checkValidIPCBuffer	def
Sel4Lean.Spec.M.Kernel_Thread.getHighestPrio	def
Sel4Lean.Spec.M.Kernel_VSpace_RISCV64.hwASIDFlush	def
Sel4Lean.Spec.RISCV64.ArchKernelObjectType.ctorElimType	def
Sel4Lean.Spec.M.Kernel_BootInfo.biFrameSizeBits	opaque
Sel4Lean.Spec.DesignOnly.nothingOnFailure	def
Sel4Lean.Spec.M.Kernel_Thread.lookupExtraCaps	def
Sel4Lean.Spec.PageInvocation.set_pageMapEntries	def
Sel4Lean.Spec.M.API_Types_RISCV64.fromAPIType	def
Sel4Lean.Spec.M.Object_Notification.receiveSignal	def
Sel4Lean.Spec.instOfNatVPtr	def
Sel4Lean.Spec.ArchInvocationLabel.ofNat	def
Sel4Lean.Spec.Capability.set_capCap	def
Sel4Lean.Spec.M.Machine_Hardware_RISCV64.setIRQTrigger	def
Sel4Lean.Spec.isInvalidPTE	def
Sel4Lean.Spec.IRQControlInvocation.archIRQControl	def
Sel4Lean.Spec.UntypedInvocation.Retype	ctor
Sel4Lean.Spec.M.Kernel_BootInfo.serializeByte	def
Sel4Lean.Spec.M.Object_Interrupt.RISCV64.checkIRQ	def
Sel4Lean.Spec.instDecidableEqInterruptState	def
Sel4Lean.Spec.M.Object_Structures.epSizeBits	def
Sel4Lean.Spec.M.Kernel_Thread.doReplyTransfer	def
Sel4Lean.Spec.instInhabitedKernelObject.default	def
Sel4Lean.Spec.instDecidableLeCPtr	def
Sel4Lean.Spec.CapRights.capAllowRead	def
Sel4Lean.Spec.M.Machine_Hardware.initL2Cache	def
Sel4Lean.Spec.ObjectType.SmallPageObject	ctor
Sel4Lean.Spec.InitFailure.IFailure	ctor
Sel4Lean.Spec.M.API_Types.andCapRights	def
Sel4Lean.Spec.MachineOps.setVSpaceRoot_impl	opaque
Sel4Lean.Spec.MachineOps.irq_oracle_impl	opaque
Sel4Lean.Spec.Event.VMFaultEvent.elim	def
Sel4Lean.Spec.instInhabitedTCBInvocation	def
Sel4Lean.Spec.M.Kernel_Hypervisor_RISCV64.handleHypervisorFault	def
Sel4Lean.Spec.GenInvocationLabels.CNodeSaveCaller.elim	def
Sel4Lean.Spec.InvocationLabel.GenInvocationLabel	ctor
Sel4Lean.Spec.ArchInvocationLabel.RISCVPageUnmap	ctor
Sel4Lean.Spec.M.Machine_Hardware.RISCV64.storeWordVM	def
Sel4Lean.Spec.M.Machine_Hardware_RISCV64.getRegister	def
Sel4Lean.Spec.KernelInit.biCapIOPort	opaque
Sel4Lean.Spec.GenInvocationLabels.CNodeRevoke.elim	def
Sel4Lean.Spec.M.Machine_Hardware_RISCV64.setVSpaceRoot	def
Sel4Lean.Spec.ArchInvocationLabel.RISCVPageTableUnmap	ctor
Sel4Lean.Spec.instDecidableEqVMFaultType	def
Sel4Lean.Spec.M.Model_Failures.constOnFailure	def
Sel4Lean.Spec.M.Object_Untyped.ensureEmptySlot	opaque
Sel4Lean.Spec.KernelObject.KONotification.elim	def
Sel4Lean.Spec.APIObjectType.EndpointObject	ctor
Sel4Lean.Spec.M.Object_ObjectType_RISCV64.throw	def
Sel4Lean.Spec.M.Object_ObjectType.capUntypedPtr	def
Sel4Lean.Spec.M.Kernel_Thread.cteInsert	def
Sel4Lean.Spec.instBitsHBitVec	def
Sel4Lean.Spec.isSetIRQHandler	def
Sel4Lean.Spec.M.Kernel_VSpace_RISCV64.decodeRISCVMMUInvocation	def
Sel4Lean.Spec.M.Model_PSpace.ksASIDMapSafe	opaque
Sel4Lean.Spec.VMPageSize.RISCVLargePage.elim	def
Sel4Lean.Spec.instInhabitedPTE.default	def
Sel4Lean.Spec.Invocation.InvokeEndpoint.elim	def
Sel4Lean.Spec.fst	def
Sel4Lean.Spec.M.Model_Syscall.syscall	def
Sel4Lean.Spec.Fault.UserException	ctor
Sel4Lean.Spec.instDecidableEqBIDeviceRegion	def
Sel4Lean.Spec.MDBNode.brecOn_1.eq	other
Sel4Lean.Spec.SyscallError.rangeErrorMax	def
Sel4Lean.Spec.M.Model_PSpace.mask	def
Sel4Lean.Spec.M.API_Syscall.handleHypervisorFault	def
Sel4Lean.Spec.RISCV64.Register.S7.elim	def
Sel4Lean.Spec.M.Machine_Hardware_RISCV64.clearMemoryVM	def
Sel4Lean.Spec.M.Kernel_Thread.getReadyQueuesL1Bitmap	def
Sel4Lean.Spec.instInhabitedMessageInfo	def
Sel4Lean.Spec.M.Object_TCB.isNullCap	def
Sel4Lean.Spec.Syscall.SysNBSend	ctor
Sel4Lean.Spec.M.Object_ObjectType.decodeInvocation	def
Sel4Lean.Spec.SyscallError.RangeError	ctor
Sel4Lean.Spec.CNodeInvocation.pivotSlot	def
Sel4Lean.Spec.VMPageSize.ofNat_ctorIdx	other
Sel4Lean.Spec.instInhabitedArchInvocationLabel	def
Sel4Lean.Spec.Syscall.SysCall	ctor
Sel4Lean.Spec.M.Object_Structures.tcbIPCBufferSlot	def
Sel4Lean.Spec.IRQHandlerInvocation.ClearIRQHandler.elim	def
Sel4Lean.Spec.M.Model_StateData.newPSpace	opaque
Sel4Lean.Spec.ArchInvocationLabel.RISCVPageTableMap	ctor
Sel4Lean.Spec.M.Object_Structures_RISCV64.newArchTCB	def
Sel4Lean.Spec.M.Object_CNode.setCTE	def
Sel4Lean.Spec.complement	def
Sel4Lean.Spec.GenInvocationLabels.TCBUnbindNotification	ctor
Sel4Lean.Spec.CNodeInvocation.Insert.elim	def
Sel4Lean.Spec.Syscall.SysReply.elim	def
Sel4Lean.Spec.M.Model_StateData.modifyWorkUnits	def
Sel4Lean.Spec.BinaryTree.brecOn.go	def
Sel4Lean.Spec.KernelInit.syncBIFrame	def
Sel4Lean.Spec.M.Model_StateData.domainEndMarker	def
Sel4Lean.Spec.instInhabitedEndpoint	def
Sel4Lean.Spec.KernelInit.biCapITPD	opaque
Sel4Lean.Spec.instIntegralHRISCVVSpaceRegionUse	def
Sel4Lean.Spec.M.Object_CNode.updateTrackedFreeIndex	def
Sel4Lean.Spec.M.API_Syscall.syscall	def
Sel4Lean.Spec.KernelObject.ctorElim	def
Sel4Lean.Spec.Syscall.SysReply	ctor
Sel4Lean.Spec.M.Kernel_VSpace_RISCV64.ipcBufferSizeBits	def
Sel4Lean.Spec.IRQState.IRQReserved	ctor
Sel4Lean.Spec.BinaryTree.brecOn.eq	other
Sel4Lean.Spec.instDecidableEqIRQState	def
Sel4Lean.Spec.M.Object_ObjectType_RISCV64.withoutFailure	def
Sel4Lean.Spec.ArchInvocationLabel.ctorElim	def
Sel4Lean.Spec.RISCV64.Register.A6	ctor
Sel4Lean.Spec.instOfNatPAddr	def
Sel4Lean.Spec.instInhabitedThreadState.default_1	def
Sel4Lean.Spec.M.Object_Endpoint.cancelAllIPC	def
Sel4Lean.Spec.TCBInvocation.readRegsLength	def
Sel4Lean.Spec.KernelConfig.config_HAVE_FPU	def
Sel4Lean.Spec.M.Kernel_VSpace_RISCV64.lookupIPCBuffer	def
Sel4Lean.Spec.M.API_Syscall.capRegister	def
Sel4Lean.Spec.KernelObjectType.ctorElimType	def
Sel4Lean.Spec.ThreadState.set_waitingOnNotification	def
Sel4Lean.Spec.M.Object_ObjectType.RISCV64.cteRightsBits	def
Sel4Lean.Spec.instBoundedHUserDataDevice	def
Sel4Lean.Spec.M.Object_CNode.capSwapForDelete	def
Sel4Lean.Spec.M.Object_Structures.tcbCallerSlot	def
Sel4Lean.Spec.isCNodeCap	def
Sel4Lean.Spec.M.Object_Interrupt.toBool	def
Sel4Lean.Spec.M.Object_Untyped.throw	def
Sel4Lean.Spec.Capability.capNtfnCanSend	def
Sel4Lean.Spec.KernelObjectType.UserDataDeviceT.elim	def
Sel4Lean.Spec.M.Object_Structures_RISCV64.asidRange	def
Sel4Lean.Spec.MessageInfo.msgExtraCaps	def
Sel4Lean.Spec.instDecidableEqSchedulerAction	def
Sel4Lean.Spec.RISCV64.Register.SP	ctor
Sel4Lean.Spec.TCB.tcbQueued	def
Sel4Lean.Spec.M.Machine_RegisterSet.RISCV64.gpRegisters	def
Sel4Lean.Spec.M.Object_CNode.locateSlotTCB	def
Sel4Lean.Spec.M.Object_ObjectType.sameRegionAs	def
Sel4Lean.Spec.PTE.ctorElim	def
Sel4Lean.Spec.VMAttributes.riscvExecuteNever	def
Sel4Lean.Spec.instBitsHPAddr	def
Sel4Lean.Spec.Fault.capFaultInReceivePhase	def
Sel4Lean.Spec.M.Machine_Hardware.ptrFromPAddr	def
Sel4Lean.Spec.ObjectType.SmallPageObject.elim	def
Sel4Lean.Spec.M.Object_CNode.finaliseCap	def
Sel4Lean.Spec.M.Kernel_VSpace_RISCV64.maxPTLevel	def
Sel4Lean.Spec.M.Object_ObjectType.invokeIRQHandler	def
Sel4Lean.Spec.MDBNode.rec_1	other
Sel4Lean.Spec.instInhabitedIRQState	def
Sel4Lean.Spec.M.API_Syscall.msgFromSyscallError	def
Sel4Lean.Spec.VMFaultType.RISCVStorePageFault.elim	def
Sel4Lean.Spec.instDecidableEqVMRights	def
Sel4Lean.Spec.M.Object_Structures.isFlagSet	def
Sel4Lean.Spec.instInhabitedPageTableInvocation	def
Sel4Lean.Spec.M.Machine_Hardware.loadWord	def
Sel4Lean.Spec.M.Object_Structures.l2BitmapSize	def
Sel4Lean.Spec.instDecidableEqPSpace	def
Sel4Lean.Spec.instInhabitedPageInvocation.default	def
Sel4Lean.Spec.instIntegralHIRQ_1	def
Sel4Lean.Spec.OrdH.mk	ctor
Sel4Lean.Spec.seqH	def
Sel4Lean.Spec.GenInvocationLabels.DomainScheduleConfigure	ctor
Sel4Lean.Spec.PageTableInvocation.set_ptUnmapCap	def
Sel4Lean.Spec.SyscallError.RevokeFirst.elim	def
Sel4Lean.Spec.SchedulerAction.SwitchToThread.elim	def
Sel4Lean.Spec.M.Model_PSpace.kernelObjectTypeName	opaque
Sel4Lean.Spec.instMonadFailHExceptTOfMonad	def
Sel4Lean.Spec.M.Object_Endpoint.replyFromKernel	def
Sel4Lean.Spec.ObjectType.ctorElimType	def
Sel4Lean.Spec.Notification.brecOn.eq	other
Sel4Lean.Spec.Fault.capFaultFailure	def
Sel4Lean.Spec.KernelInit.biCapDynStart	opaque
Sel4Lean.Spec.MDBNode.brecOn_2.eq	other
Sel4Lean.Spec.M.API_Types_RISCV64.getObjectSize	def
Sel4Lean.Spec.instInhabitedSlotRegion	def
Sel4Lean.Spec.LookupFailure.GuardMismatch	ctor
Sel4Lean.Spec.TCBInvocation.WriteRegisters	ctor
Sel4Lean.Spec.M.Object_TCB_RISCV64.postSetFlags	def
Sel4Lean.Spec.IRQControlInvocation	type
Sel4Lean.Spec.M.Object_Structures.untypedZeroRange	def
Sel4Lean.Spec.MDBNode.brecOn_5	def
Sel4Lean.Spec.instInhabitedCapRights	def
Sel4Lean.Spec.M.Kernel_Init.initCPU	def
Sel4Lean.Spec.TCBInvocation.set_readRegsSuspend	def
Sel4Lean.Spec.RISCV64.Register.S10.elim	def
Sel4Lean.Spec.M.Object_Structures.tcbCTableSlot	def
Sel4Lean.Spec.PageTableInvocation.ptMapPTSlot	def
Sel4Lean.Spec.M.Kernel_Init.setCurThread	def
Sel4Lean.Spec.M.Kernel_Thread.getCurThread	def
Sel4Lean.Spec.M.Model_StateData.modifyArchState	def
Sel4Lean.Spec.M.Machine_Hardware_RISCV64.kernelELFBase	def
Sel4Lean.Spec.M.Object_CNode.cteDelete	opaque
Sel4Lean.Spec.instBoundedHSyscall	def
Sel4Lean.Spec.instDecidableEqCapRights.decEq	def
Sel4Lean.Spec.projectKO_wp	other
Sel4Lean.Spec.Endpoint.SendEP.elim	def
Sel4Lean.Spec.VMPageSize.RISCVSmallPage.elim	def
Sel4Lean.Spec.IRQState.ctorElim	def
Sel4Lean.Spec.M.Object_Notification.doUnbindNotification	def
Sel4Lean.Spec.RISCV64.Register.A2	ctor
Sel4Lean.Spec.M.Object_Interrupt.configureTimer	def
Sel4Lean.Spec.instBoundedHBitVec	def
Sel4Lean.Spec.PreStorable.project_koType	other
Sel4Lean.Spec.M.API_Types.rightsFromWord	def
Sel4Lean.Spec.M.Object_Structures_RISCV64.atcbContextGet	def
Sel4Lean.Spec.isCapFault	def
Sel4Lean.Spec.instInhabitedInvocation	def
Sel4Lean.Spec.ThreadState.Inactive	ctor
Sel4Lean.Spec.M.Kernel_Thread.getCTE	opaque
Sel4Lean.Spec.M.Object_Structures.maxDomainDuration	def
Sel4Lean.Spec.PageInvocation.pageUnmapCapSlot	def
Sel4Lean.Spec.PageTableInvocation.ptMapCap	def
Sel4Lean.Spec.M.Object_ObjectType.hasCancelSendRights	def
Sel4Lean.Spec.instInhabitedEvent	def
Sel4Lean.Spec.M.Machine_Hardware_RISCV64.hwASIDFlush	def
Sel4Lean.Spec.PTE.set_pteRights	def
Sel4Lean.Spec.instInhabitedHypFaultType	def
Sel4Lean.Spec.M.Kernel_FaultHandler.threadGet	def
Sel4Lean.Spec.M.Object_Structures.maxDomain	def
Sel4Lean.Spec.M.Kernel_VSpace_RISCV64.deleteASIDPool	def
Sel4Lean.Spec.instInhabitedSyscall	def
Sel4Lean.Spec.M.API_Syscall.catchFailure	def
Sel4Lean.Spec.ArchCapability.FrameCap	ctor
Sel4Lean.Spec.Capability.ReplyCap	ctor
Sel4Lean.Spec.M.API_Faults.msgFromLookupFailure	def
Sel4Lean.Spec.MDBNode.brecOn_2	def
Sel4Lean.Spec.LookupFailure.set_depthMismatchBitsLeft	def
Sel4Lean.Spec.SyscallError.AlignmentError	ctor
Sel4Lean.Spec.finiteBitSize	def
Sel4Lean.Spec.M.Machine_Hardware.RISCV64.pageColourBits	opaque
Sel4Lean.Spec.M.Machine_RegisterSet.capRegister	def
Sel4Lean.Spec.instInhabitedTcbFlag.default	def
Sel4Lean.Spec.fromIntegral	def
Sel4Lean.Spec.M.Kernel_VSpace_RISCV64.decodeRISCVASIDControlInvocation	opaque
Sel4Lean.Spec.Capability.IRQHandlerCap.elim	def
Sel4Lean.Spec.MachineOps.clearMemory	def
Sel4Lean.Spec.RISCV64.instInhabitedKernelState.default	def
Sel4Lean.Spec.M.Kernel_VSpace_RISCV64.createFramesOfRegion	def
Sel4Lean.Spec.M.Object_Endpoint.tcbSchedEnqueue	opaque
Sel4Lean.Spec.foldME	def
Sel4Lean.Spec.M.Kernel_Thread.getQueue	def
Sel4Lean.Spec.Capability.brecOn.go	def
Sel4Lean.Spec.instInhabitedMachineState	def
Sel4Lean.Spec.Fault.set_userExceptionErrorCode	def
Sel4Lean.Spec.MachineOps.hwASIDFlush	def
Sel4Lean.Spec.TcbFlag	type
Sel4Lean.Spec.IRQState.toIdx	def
Sel4Lean.Spec.instPSpaceStorableUserDataDevice	def
Sel4Lean.Spec.KernelObjectType.KernelDataT	ctor
Sel4Lean.Spec.isBlockedOnReply	def
Sel4Lean.Spec.KernelConfig.CONFIG_WORD_SIZE	def
Sel4Lean.Spec.M.Object_CNode.maskCapRights	def
Sel4Lean.Spec.InterruptState.InterruptState	ctor
Sel4Lean.Spec.InvocationLabel.ctorElimType	def
Sel4Lean.Spec.instIntegralHVMPageSize	def
Sel4Lean.Spec.M.Object_TCB.setPriority	opaque
Sel4Lean.Spec.M.SEL4.maybeHandleInterrupt	def
Sel4Lean.Spec.RISCV64.instInhabitedInvocation	def
Sel4Lean.Spec.KernelState.gsCNodes	def
Sel4Lean.Spec.M.Model_PSpace.maybeToMonad	def
Sel4Lean.Spec.M.Object_TCB.deriveCap	def
Sel4Lean.Spec.APIObjectType.NotificationObject.elim	def
Sel4Lean.Spec.ThreadState.blockingIPCCanGrant	def
Sel4Lean.Spec.instPreStorableEndpoint	def
Sel4Lean.Spec.Capability.ctorElimType	def
Sel4Lean.Spec.M.Kernel_VSpace_RISCV64.read_stval	def
Sel4Lean.Spec.M.Object_Domain.throw	def
Sel4Lean.Spec.M.Object_Interrupt.timerTick	opaque
Sel4Lean.Spec.instDecidableEqASIDPoolInvocation	def
Sel4Lean.Spec.SyscallError.TruncatedMessage	ctor
Sel4Lean.Spec.DesignOnly.fastpathKernelAssertions	opaque
Sel4Lean.Spec.CNodeInvocation.Insert	ctor
Sel4Lean.Spec.instDecidableLeASID	def
Sel4Lean.Spec.KernelObjectType.UserDataT.elim	def
Sel4Lean.Spec.RISCV64.Register.T3	ctor
Sel4Lean.Spec.M.Object_Untyped.lookupTargetSlot	opaque
Sel4Lean.Spec.instInhabitedASIDPoolInvocation	def
Sel4Lean.Spec.M.Kernel_Init.createITASIDPool	def
Sel4Lean.Spec.updateObject_default_type	other
Sel4Lean.Spec.MDBNode.brecOn.go	def
Sel4Lean.Spec.M.Config.minFreeSlots	def
Sel4Lean.Spec.SerialData	type
Sel4Lean.Spec.M.Kernel_BootInfo.serializeStore	def
Sel4Lean.Spec.isRunning	def
Sel4Lean.Spec.MapH.lookup	def
Sel4Lean.Spec.CTE	type
Sel4Lean.Spec.instIntegralHCPtr	def
Sel4Lean.Spec.M.API_Types.RISCV64.isFrameType	def
Sel4Lean.Spec.M.Object_ObjectType_RISCV64.findVSpaceForASID	def
Sel4Lean.Spec.M.Object_Notification.setObject	def
Sel4Lean.Spec.TCBInvocation.writeRegsValues	def
Sel4Lean.Spec.M.Machine_RegisterSet.RISCV64.syscallMessage	def
Sel4Lean.Spec.instDecidableEqCPtr.decEq	def
Sel4Lean.Spec.M.Kernel_BootInfo.storeWordVM	def
Sel4Lean.Spec.M.Kernel_VSpace_RISCV64.activateGlobalVSpace	def
Sel4Lean.Spec.M.Kernel_BootInfo.itASID	opaque
Sel4Lean.Spec.MachineOps.plic_complete_claim	def
Sel4Lean.Spec.M.Kernel_FaultHandler.throw	def
Sel4Lean.Spec.ArchInvocationLabel.ctorElimType	def
Sel4Lean.Spec.M.Object_Notification.badgeRegister	def
Sel4Lean.Spec.instInhabitedTcbQueue.default	def
Sel4Lean.Spec.MDBNode.brecOn_2.go	def
Sel4Lean.Spec.M.Object_Endpoint.setThreadState	opaque
Sel4Lean.Spec.M.Object_Interrupt.handleInterrupt	def
Sel4Lean.Spec.M.Kernel_Init.placeNewObject	def
Sel4Lean.Spec.TCBInvocation.Suspend.elim	def
Sel4Lean.Spec.M.Object_TCB.RISCV64.postModifyRegisters	def
Sel4Lean.Spec.M.Object_Structures.isSend	def
Sel4Lean.Spec.M.Kernel_VSpace_RISCV64.rightsFromWord	def
Sel4Lean.Spec.CopyRegisterSets.ofNat_ctorIdx	other
Sel4Lean.Spec.M.Kernel_VSpace_RISCV64.makeUserPTE	def
Sel4Lean.Spec.instSubVPtr	def
Sel4Lean.Spec.DomainInvocation.domDomain	def
Sel4Lean.Spec.TCBInvocation.setTLSBaseTCB	def
Sel4Lean.Spec.M.Kernel_VSpace_RISCV64.getCTE	opaque
Sel4Lean.Spec.MachineState.underlying_memory	def
Sel4Lean.Spec.Platform.pageColourBits	opaque
Sel4Lean.Spec.M.Object_TCB.RISCV64.postSetFlags	def
Sel4Lean.Spec.Syscall.SysRecv	ctor
Sel4Lean.Spec.APIObjectType.TCBObject.elim	def
Sel4Lean.Spec.KernelState	type
Sel4Lean.Spec.M.Object_Interrupt.decodeIRQControlInvocation	def
Sel4Lean.Spec.RISCV64.Register.S3	ctor
Sel4Lean.Spec.toEnumH_InvocationLabel	def
Sel4Lean.Spec.VMFaultType.RISCVLoadPageFault	ctor
Sel4Lean.Spec.instInhabitedArchFault	def
Sel4Lean.Spec.M.Object_TCB.bindNotification	def
Sel4Lean.Spec.M.Object_ObjectType.suspend	opaque
Sel4Lean.Spec.M.Object_TCB.lookupCapAndSlot	opaque
Sel4Lean.Spec.M.Object_ObjectType.decodeUntypedInvocation	def
Sel4Lean.Spec.M.Object_TCB.bufferCPtrOffset	def
Sel4Lean.Spec.RISCV64.Register.T2	ctor
Sel4Lean.Spec.NTFN.WaitingNtfn.elim	def
Sel4Lean.Spec.M.Object_Notification.cancelAllSignals	def
Sel4Lean.Spec.RISCV64.Register.A3	ctor
Sel4Lean.Spec.KernelConfig.CONFIG_KERNEL_OPT_LEVEL_O2	def
Sel4Lean.Spec.InitData.initBootInfo	def
Sel4Lean.Spec.KernelState.ksMachineState	def
Sel4Lean.Spec.ASIDPoolInvocation.assignASIDCTSlot	def
Sel4Lean.Spec.instMulASID	def
Sel4Lean.Spec.KernelConfig.CONFIG_FASTPATH	def
Sel4Lean.Spec.M.Object_CNode.cteSwap	def
Sel4Lean.Spec.ASIDPool.ASIDPool	ctor
Sel4Lean.Spec.M.Object_TCB.getThreadCallerSlot	def
Sel4Lean.Spec.ObjectType.PageTableObject	ctor
Sel4Lean.Spec.M.Object_ObjectType.RISCV64.maskCapRights	def
Sel4Lean.Spec.updateObject_default	def
Sel4Lean.Spec.instDecidableEqKernelState	def
Sel4Lean.Spec.M.Kernel_VSpace_RISCV64.updateFreeIndex	opaque
Sel4Lean.Spec.Capability.NotificationCap.elim	def
Sel4Lean.Spec.TCBInvocation.ctorElimType	def
Sel4Lean.Spec.ArchCapability.capPTBasePtr	def
Sel4Lean.Spec.Endpoint.SendEP	ctor
Sel4Lean.Spec.ArchInvocationLabel.RISCVPageTableUnmap.elim	def
Sel4Lean.Spec.APIObjectType.CapTableObject	ctor
Sel4Lean.Spec.isUnknownSyscallException	def
Sel4Lean.Spec.instInhabitedRegister	def
Sel4Lean.Spec.M.Object_TCB.lookupExtraCaps	def
Sel4Lean.Spec.CNodeInvocation.set_pivotSlot	def
Sel4Lean.Spec.M.Object_ObjectType.withoutPreemption	def
Sel4Lean.Spec.M.Kernel_VSpace_RISCV64.writeITPDPTs	def
Sel4Lean.Spec.Endpoint.epQueue	def
Sel4Lean.Spec.M.Model_Preemption.getActiveIRQ	def
Sel4Lean.Spec.IRQControlInvocation.issueHandlerControllerSlot	def
Sel4Lean.Spec.IRQControlInvocation.set_issueHandlerControllerSlot	def
Sel4Lean.Spec.PTE.set_pteGlobal	def
Sel4Lean.Spec.GenInvocationLabels.ctorElim	def
Sel4Lean.Spec.NTFN.brecOn.eq	other
Sel4Lean.Spec.PageInvocation.pageMapCTSlot	def
Sel4Lean.Spec.KernelState.ksPSpace	def
Sel4Lean.Spec.M.API_Types_RISCV64.epSizeBits	def
Sel4Lean.Spec.drop	def
Sel4Lean.Spec.M.Kernel_VSpace.createIPCBufferFrame	def
Sel4Lean.Spec.ArchInvocationLabel.RISCVASIDPoolAssign	ctor
Sel4Lean.Spec.RISCV64.Invocation.InvokeASIDControl.elim	def
Sel4Lean.Spec.M.Machine_Hardware.pageColourBits	opaque
Sel4Lean.Spec.CNodeInvocation.sourceSlot	def
Sel4Lean.Spec.instInhabitedVMAttributes	def
Sel4Lean.Spec.isSuspend	def
Sel4Lean.Spec.M.Model_Preemption.modifyWorkUnits	def
Sel4Lean.Spec.instInhabitedPageTableInvocation.default	def
Sel4Lean.Spec.M.API_Syscall.capFaultOnFailure	def
Sel4Lean.Spec.M.Machine_Hardware_RISCV64.paddrBase	def
Sel4Lean.Spec.SyscallError.rangeErrorMin	def
Sel4Lean.Spec.M.Kernel_Init.createITPDPTs	def
Sel4Lean.Spec.DomainInvocation.set_domIndex	def
Sel4Lean.Spec.M.Object_CNode.getCTE	def
Sel4Lean.Spec.IRQState.ctorElimType	def
Sel4Lean.Spec.Capability.EndpointCap	ctor
Sel4Lean.Spec.arrayUpdH	def
Sel4Lean.Spec.ASID	type
Sel4Lean.Spec.M.Kernel_VSpace_RISCV64.lookupPTFromLevel	opaque
Sel4Lean.Spec.M.Object_Structures.isIRQControlCap	def
Sel4Lean.Spec.PageTableInvocation.ptMapPTE	def
Sel4Lean.Spec.M.Model_PSpace.loadWord	def
Sel4Lean.Spec.MachineOps.getMemoryRegions	def
Sel4Lean.Spec.instDecidableEqIRQControlInvocation	def
Sel4Lean.Spec.instOrOpASID	def
Sel4Lean.Spec.M.Kernel_Thread.timerTick	def
Sel4Lean.Spec.M.Object_CNode.nullMDBNode	def
Sel4Lean.Spec.M.Object_Interrupt_RISCV64.withoutFailure	def
Sel4Lean.Spec.Capability.set_capEPCanGrantReply	def
Sel4Lean.Spec.M.Kernel_VSpace_RISCV64.writeITASIDPool	def
Sel4Lean.Spec.M.Object_ObjectType.wordSizeCase	def
Sel4Lean.Spec.PageTableInvocation.ptMapCTSlot	def
Sel4Lean.Spec.M.Machine_Hardware.debugPrint	def
Sel4Lean.Spec.M.Kernel_CSpace.lookupSlotForThread	def
Sel4Lean.Spec.M.Kernel_Thread.getIdleThread	def
Sel4Lean.Spec.Capability.set_capCNodeGuard	def
Sel4Lean.Spec.Event.SyscallEvent	ctor
Sel4Lean.Spec.ThreadState.BlockedOnSend.elim	def
Sel4Lean.Spec.instPreStorablePTE	def
Sel4Lean.Spec.M.Kernel_Thread.tcbQueueAppend	def
Sel4Lean.Spec.M.Model_StateData.newKernelState	def
Sel4Lean.Spec.M.Kernel_Init.ptrFromPAddrRegion	def
Sel4Lean.Spec.instHShiftLeftPAddrNat	def
Sel4Lean.Spec.instInhabitedTcbQueue	def
Sel4Lean.Spec.M.Kernel_FaultHandler.withoutFailure	def
Sel4Lean.Spec.instOrOpPAddr	def
Sel4Lean.Spec.Capability.DomainCap.elim	def
Sel4Lean.Spec.PTE.set_pteExecute	def
Sel4Lean.Spec.PreStorable.mk	ctor
Sel4Lean.Spec.DesignOnly.irq_len	def
Sel4Lean.Spec.M.Kernel_BootInfo.maxBIDeviceRegions	def
Sel4Lean.Spec.RISCV64.Register.A1	ctor
Sel4Lean.Spec.instLEASID	def
Sel4Lean.Spec.M.Kernel_Thread.constOnFailure	def
Sel4Lean.Spec.Capability.capIsDevice	def
Sel4Lean.Spec.isResume	def
Sel4Lean.Spec.instInhabitedSyscallError	def
Sel4Lean.Spec.Syscall.SysNBRecv.elim	def
Sel4Lean.Spec.M.Machine_RegisterSet_RISCV64.initContext	def
Sel4Lean.Spec.M.Object_Interrupt.maybeHandleInterrupt	def
Sel4Lean.Spec.IRQ.theIRQ	def
Sel4Lean.Spec.M.Object_Endpoint.sendIPC	opaque
Sel4Lean.Spec.M.Kernel_Init.addrFromPPtr	def
Sel4Lean.Spec.M.Kernel_CSpace.lookupTargetSlot	def
Sel4Lean.Spec.M.Object_Structures.numDomains	def
Sel4Lean.Spec.M.Kernel_Thread.setDomain	def
Sel4Lean.Spec.MonadFailH.failM	def
Sel4Lean.Spec.ThreadState.blockingIPCCanGrantReply	def
Sel4Lean.Spec.VMAttributes	type
Sel4Lean.Spec.IRQHandlerInvocation.irqHandlerIRQ	def
Sel4Lean.Spec.M.API_Syscall.lookupIPCBuffer	def
Sel4Lean.Spec.M.Kernel_VSpace_RISCV64.performASIDPoolInvocation	def
Sel4Lean.Spec.M.Object_Structures_RISCV64.timeArgLen	def
Sel4Lean.Spec.M.Kernel_VSpace_RISCV64.pptrUserTop	def
Sel4Lean.Spec.M.Model_StateData.RISCV64.newKernelState	def
Sel4Lean.Spec.M.API_Types.msgAlignBits	def
Sel4Lean.Spec.RISCV64.Register.T4	ctor
Sel4Lean.Spec.M.Object_Interrupt.doKernelOp	opaque
Sel4Lean.Spec.KernelObject.KOUserData	ctor
Sel4Lean.Spec.KernelObject.KOTCB.elim	def
Sel4Lean.Spec.M.Object_CNode.lookupSourceSlot	opaque
Sel4Lean.Spec.PSpaceStorable.makeObject	def
Sel4Lean.Spec.instDecidableEqRegion	def
Sel4Lean.Spec.ArchCapability.PageTableCap	ctor
Sel4Lean.Spec.MachineOps.maxIRQ	def
Sel4Lean.Spec.isInvalidCapability	def
Sel4Lean.Spec.M.Kernel_BootInfo.biCapIRQControl	opaque
Sel4Lean.Spec.M.Machine_RegisterSet_RISCV64.setRegister	def
Sel4Lean.Spec.M.Object_TCB.withoutFailure	def
Sel4Lean.Spec.Capability.CNodeCap	ctor
Sel4Lean.Spec.M.Machine_Hardware.getDeviceRegions	opaque
Sel4Lean.Spec.M.Object_CNode.ensureNoChildren	def
Sel4Lean.Spec.M.Object_CNode.genInvocationType	def
Sel4Lean.Spec.M.Model_Preemption.workUnitsLimit	def
Sel4Lean.Spec.DesignOnly.slotsPointed	def
Sel4Lean.Spec.KernelObject.KOKernelData	ctor
Sel4Lean.Spec.instInhabitedCopyRegisterSets	def
Sel4Lean.Spec.M.API_Faults.exceptionMessage	def
Sel4Lean.Spec.M.Object_CNode.longRunningDelete	def
Sel4Lean.Spec.instPSpaceStorableEndpoint	def
Sel4Lean.Spec.ArchCapability.capASIDPool	def
Sel4Lean.Spec.LookupFailure.missingCapBitsLeft	def
Sel4Lean.Spec.Capability.Zombie	ctor
Sel4Lean.Spec.M.Kernel_Thread.restart	def
Sel4Lean.Spec.instDecidableEqDomainInvocation	def
Sel4Lean.Spec.M.Data_BinaryTree.lookup	def
Sel4Lean.Spec.M.Machine_Hardware.RISCV64.pptrBase	def
Sel4Lean.Spec.M.Model_StateData.dschDomain	def
Sel4Lean.Spec.VMRights.VMReadWrite	ctor
Sel4Lean.Spec.Invocation.InvokeCNode.elim	def
Sel4Lean.Spec.RISCV64.Invocation.InvokePage	ctor
Sel4Lean.Spec.M.Object_Untyped.getFreeRef	def
Sel4Lean.Spec.M.Object_TCB.decodeSetMCPriority	def
Sel4Lean.Spec.M.Object_Interrupt.RISCV64.invokeIRQHandler	def
Sel4Lean.Spec.M.Object_TCB.archThreadGet	def
Sel4Lean.Spec.M.API_Types.msgLabelBits	def
Sel4Lean.Spec.M.Object_CNode.emptyOnFailure	def
Sel4Lean.Spec.M.Kernel_VSpace_RISCV64.ignoreFailure	def
Sel4Lean.Spec.ThreadState.blockingIPCBadge	def
Sel4Lean.Spec.instInhabitedAPIObjectType	def
Sel4Lean.Spec.Capability.EndpointCap.elim	def
Sel4Lean.Spec.PSpace.PSpace	ctor
Sel4Lean.Spec.maybe	def
Sel4Lean.Spec.PageInvocation.set_pageGetBasePtr	def
Sel4Lean.Spec.RISCV64.Invocation.InvokeASIDPool.elim	def
Sel4Lean.Spec.TCBInvocation.tcNewFaultEP	def
Sel4Lean.Spec.M.Kernel_VSpace_RISCV64.createIPCBufferFrame	def
Sel4Lean.Spec.M.Kernel_FaultHandler.asUser	def
Sel4Lean.Spec.M.Kernel_VSpace_RISCV64.unmapPage	def
Sel4Lean.Spec.MachineState.irq_state	def
Sel4Lean.Spec.M.Kernel_Thread.getSlotCap	def
Sel4Lean.Spec.SyscallError.FailedLookup	ctor
Sel4Lean.Spec.KernelState.ksReadyQueuesL2Bitmap	def
Sel4Lean.Spec.instInhabitedSchedulerAction.default	def
Sel4Lean.Spec.Event.HypervisorEvent	ctor
Sel4Lean.Spec.MachineOps.configureTimer_val	opaque
Sel4Lean.Spec.M.Kernel_Thread.activateInitialThread	def
Sel4Lean.Spec.SetH.insert	def
Sel4Lean.Spec.M.Object_Notification.unbindMaybeNotification	def
Sel4Lean.Spec.KernelConfig.config_ARCH_X86_64	def
Sel4Lean.Spec.Fault.unknownSyscallNumber	def
Sel4Lean.Spec.M.Machine_RegisterSet.RISCV64.tlsBaseRegister	def
Sel4Lean.Spec.M.Machine_Hardware_RISCV64.freeMemory	def
Sel4Lean.Spec.TCB.tcbCTable	def
Sel4Lean.Spec.M.API_Types_Universal.cteSizeBits	def
Sel4Lean.Spec.GenInvocationLabels.TCBSetIPCBuffer.elim	def
Sel4Lean.Spec.IRQHandlerInvocation	type
Sel4Lean.Spec.M.API_Faults_RISCV64.getRestartPC	def
Sel4Lean.Spec.VMFaultType.RISCVStoreAccessFault	ctor
Sel4Lean.Spec.PSpaceStorable.updateObject	def
Sel4Lean.Spec.TCB.tcbDomain	def
Sel4Lean.Spec.M.API_Types.isFrameType	def
Sel4Lean.Spec.ArchCapability.set_capASIDBase	def
Sel4Lean.Spec.Fault.ctorElim	def
Sel4Lean.Spec.Capability.IRQHandlerCap	ctor
Sel4Lean.Spec.GenInvocationLabels.IRQClearIRQHandler.elim	def
Sel4Lean.Spec.M.Machine_Hardware.RISCV64.fromPAddr	def
Sel4Lean.Spec.M.Object_Interrupt.RISCV64.decodeIRQControlInvocation	opaque
Sel4Lean.Spec.M.Machine_Hardware_RISCV64.initMemory	def
Sel4Lean.Spec.DomainInvocation.InvokeDomainSet.elim	def
Sel4Lean.Spec.M.Object_Domain.decodeDomainSetStart	def
Sel4Lean.Spec.M.Machine_Hardware.RISCV64.ackInterrupt	def
Sel4Lean.Spec.instInhabitedEvent.default	def
Sel4Lean.Spec.BoundedH	type
Sel4Lean.Spec.MDBNode	type
Sel4Lean.Spec.M.Kernel_VSpace_RISCV64.performRISCVMMUInvocation	def
Sel4Lean.Spec.funArray	def
Sel4Lean.Spec.isRangeError	def
Sel4Lean.Spec.CPtr	type
Sel4Lean.Spec.ThreadState.Inactive.elim	def
Sel4Lean.Spec.M.Object_ObjectType.cancelAllSignals	def
Sel4Lean.Spec.head	def
Sel4Lean.Spec.M.Kernel_Thread_RISCV64.prepareNextDomain	def
Sel4Lean.Spec.PSpaceStorable.toPreStorable	def
Sel4Lean.Spec.GenInvocationLabels.toIdx	def
Sel4Lean.Spec.M.Object_Interrupt.invokeIRQHandler	def
Sel4Lean.Spec.ThreadState.blockingIPCIsCall	def
Sel4Lean.Spec.instInhabitedArchTCB.default	def
Sel4Lean.Spec.M.Kernel_Thread.isHighestPrio	def
Sel4Lean.Spec.M.Machine_Hardware.pptrBaseOffset	def
Sel4Lean.Spec.M.Kernel_VSpace.createFramesOfRegion	def
Sel4Lean.Spec.GenInvocationLabels.ofIdx	def
Sel4Lean.Spec.instDecidableEqZombieType	def
Sel4Lean.Spec.TCBInvocation.set_readRegsThread	def
Sel4Lean.Spec.M.Object_CNode.updateMDB	def
Sel4Lean.Spec.M.Machine_RegisterSet.exceptionMessage	def
Sel4Lean.Spec.MachineOps.modify_registers	def
Sel4Lean.Spec.KernelObject.KOUserDataDevice	ctor
Sel4Lean.Spec.M.Object_ObjectType.decodeDomainInvocation	def
Sel4Lean.Spec.M.Kernel_VSpace_RISCV64.addrFromPPtr	def
Sel4Lean.Spec.M.Object_Interrupt.resetTimer	def
Sel4Lean.Spec.SlotRegion.val	def
Sel4Lean.Spec.TCBInvocation.set_copyRegsTarget	def
Sel4Lean.Spec.VMRights.ctorElimType	def
Sel4Lean.Spec.DomainInvocation.InvokeDomainScheduleConfigure	ctor
Sel4Lean.Spec.instDecidableEqInitData	def
Sel4Lean.Spec.MachineOps.storeWordVM	def
Sel4Lean.Spec.M.Object_TCB.msgRegisters	def
Sel4Lean.Spec.instInhabitedUntypedInvocation.default	def
Sel4Lean.Spec.RISCV64.Register.S5	ctor
Sel4Lean.Spec.M.Machine_RegisterSet_RISCV64.tlsBaseRegister	def
Sel4Lean.Spec.ThreadState.IdleThreadState	ctor
Sel4Lean.Spec.M.Object_ObjectType_RISCV64.updateCapData	def
Sel4Lean.Spec.M.Kernel_Thread.cancelIPC	def
Sel4Lean.Spec.M.API_Types.pageType	def
Sel4Lean.Spec.M.Object_Structures.domainEndMarker	def
Sel4Lean.Spec.M.Object_TCB.decodeCopyRegisters	def
Sel4Lean.Spec.instDecidableEqSyscallError	def
Sel4Lean.Spec.LookupFailure.set_guardMismatchBitsLeft	def
Sel4Lean.Spec.M.Object_TCB.getThreadReplySlot	def
Sel4Lean.Spec.Intermediate.createNewCaps	def
Sel4Lean.Spec.M.Object_Notification.bindNotification	def
Sel4Lean.Spec.M.API_Syscall.handleVMFault	def
Sel4Lean.Spec.M.Kernel_VSpace.RISCV64.createITASIDPool	def
Sel4Lean.Spec.Syscall.ofNat_ctorIdx	other
Sel4Lean.Spec.instInhabitedTCB	def
Sel4Lean.Spec.VMFaultType.RISCVLoadAccessFault.elim	def
Sel4Lean.Spec.NTFN.WaitingNtfn	ctor
Sel4Lean.Spec.zipWithM	def
Sel4Lean.Spec.PageInvocation.PageMap	ctor
Sel4Lean.Spec.instInhabitedDomainInvocation.default	def
Sel4Lean.Spec.M.Machine_Hardware_RISCV64_Spike.ackInterrupt	opaque
Sel4Lean.Spec.LookupFailure.set_missingCapBitsLeft	def
Sel4Lean.Spec.instInhabitedInterruptState	def
Sel4Lean.Spec.M.Model_PSpace.objBitsKO	def
Sel4Lean.Spec.M.Object_TCB.decodeSetSpace	def
Sel4Lean.Spec.isZombie	def
Sel4Lean.Spec.instOfNatOfIntegralH	def
Sel4Lean.Spec.Event.UnknownSyscall.elim	def
Sel4Lean.Spec.M.Object_Endpoint.getBoundNotification	opaque
Sel4Lean.Spec.M.Object_CNode.updateCap	def
Sel4Lean.Spec.ArchInvocationLabel.RISCVASIDPoolAssign.elim	def
Sel4Lean.Spec.PSpaceStorable.updateObject_type	other
Sel4Lean.Spec.isReplyCap	def
Sel4Lean.Spec.M.Kernel_Init.rootCNodeSize	def
Sel4Lean.Spec.Event.VMFaultEvent	ctor
Sel4Lean.Spec.M.Kernel_VSpace_RISCV64.decodeRISCVFrameInvocation	def
Sel4Lean.Spec.TCBInvocation.SetFlags	ctor
Sel4Lean.Spec.TcbQueue.tcbQueueHead	def
Sel4Lean.Spec.Platform.pptrBaseOffset	def
Sel4Lean.Spec.DomainInvocation	type
Sel4Lean.Spec.M.Kernel_Thread.setMRs	opaque
Sel4Lean.Spec.M.Model_PSpace.getObject	def
Sel4Lean.Spec.PageInvocation.set_pageUnmapCapSlot	def
Sel4Lean.Spec.M.Kernel_VSpace.writeITPDPTs	def
Sel4Lean.Spec.instInhabitedInitFailure.default	def
Sel4Lean.Spec.instAddOfIntegralH	def
Sel4Lean.Spec.instIntegralHUserDataDevice	def
Sel4Lean.Spec.instBoundedHIRQState	def
Sel4Lean.Spec.GenInvocationLabels.TCBConfigure	ctor
Sel4Lean.Spec.typeError	def
Sel4Lean.Spec.M.Machine_Hardware_RISCV64.Platform.pageColourBits	opaque
Sel4Lean.Spec.InitFailure.ofNat	def
Sel4Lean.Spec.RISCVVSpaceRegionUse.ofNat_ctorIdx	other
Sel4Lean.Spec.M.Object_TCB.RISCV64.sanitiseRegister	def
Sel4Lean.Spec.instInhabitedKernelObjectType.default	def
Sel4Lean.Spec.IRQState.IRQTimer.elim	def
Sel4Lean.Spec.M.Object_Structures.tcbBlockSizeBits	def
Sel4Lean.Spec.M.Kernel_Init.finaliseBIFrame	opaque
Sel4Lean.Spec.M.Machine_RegisterSet_RISCV64.sstatusSPIE	def
Sel4Lean.Spec.KernelInit.biCapIOSpace	opaque
Sel4Lean.Spec.SyscallError.invalidCapNumber	def
Sel4Lean.Spec.instLECPtr	def
Sel4Lean.Spec.M.Kernel_Thread.copyMRs	def
Sel4Lean.Spec.instInhabitedNTFN	def
Sel4Lean.Spec.M.Kernel_Thread.chooseThread	def
Sel4Lean.Spec.instLTVPtr	def
Sel4Lean.Spec.VMFaultType.ctorElimType	def
Sel4Lean.Spec.M.API_Failures.msgFromLookupFailure	def
Sel4Lean.Spec.SchedulerAction	type
Sel4Lean.Spec.isLeaf	def
Sel4Lean.Spec.InterruptState	type
Sel4Lean.Spec.M.Object_Notification.getThreadState	opaque
Sel4Lean.Spec.RISCV64.Invocation.InvokeASIDControl	ctor
Sel4Lean.Spec.instInhabitedCPtr.default	def
Sel4Lean.Spec.instInhabitedUserDataDevice.default	def
Sel4Lean.Spec.ArchKernelObject.ctorElimType	def
Sel4Lean.Spec.SyscallError.RevokeFirst	ctor
Sel4Lean.Spec.instLEIRQ	def
Sel4Lean.Spec.M.Machine_Hardware_RISCV64.allowRead	def
Sel4Lean.Spec.PageInvocation.pageGetBasePtr	def
Sel4Lean.Spec.M.Object_CNode.rightsFromWord	def
Sel4Lean.Spec.M.Machine_RegisterSet_RISCV64.msgInfoRegister	def
Sel4Lean.Spec.GenInvocationLabels.IRQIssueIRQHandler	ctor
Sel4Lean.Spec.instIntegralHObjectType	def
Sel4Lean.Spec.SerialData.ptrCursor	def
Sel4Lean.Spec.MachineState.irq_masks	def
Sel4Lean.Spec.M.Kernel_Thread.setThreadState	def
Sel4Lean.Spec.M.Object_TCB.getSlotCap	def
Sel4Lean.Spec.ThreadState.BlockedOnReply	ctor
Sel4Lean.Spec.M.Object_TCB.checkCapAt	def
Sel4Lean.Spec.SyscallError.invalidArgumentNumber	def
Sel4Lean.Spec.BIFrameData.bifUIPTCaps	def
Sel4Lean.Spec.TCBInvocation.ThreadControl	ctor
Sel4Lean.Spec.instMonadFailHStateTOfMonad	def
Sel4Lean.Spec.M.Machine_Hardware.RISCV64.storeWord	def
Sel4Lean.Spec.M.Object_CNode.loadWordUser	def
Sel4Lean.Spec.M.Kernel_Thread.emptyQueue	def
Sel4Lean.Spec.instInhabitedGenInvocationLabels	def
Sel4Lean.Spec.MachineOps.machine_op_lift	def
Sel4Lean.Spec.BIFrameData.bifNumDeviceRegions	def
Sel4Lean.Spec.ZombieType	type
Sel4Lean.Spec.M.Kernel_VSpace_RISCV64.performASIDControlInvocation	def
Sel4Lean.Spec.SlotRegion.SlotRegion	ctor
Sel4Lean.Spec.enumFromToH	def
Sel4Lean.Spec.M.Kernel_Thread.doKernelOp	opaque
Sel4Lean.Spec.M.Object_Notification.setBoundNotification	opaque
Sel4Lean.Spec.CNodeInvocation.set_targetSlot	def
Sel4Lean.Spec.M.Kernel_Thread.setCurThread	def
Sel4Lean.Spec.M.Kernel_Init.reserveFrame	def
Sel4Lean.Spec.PSpaceStorable	type
Sel4Lean.Spec.instSubPAddr	def
Sel4Lean.Spec.M.Kernel_BootInfo.biCapITTCB	opaque
Sel4Lean.Spec.M.Machine_Hardware.RISCV64.setNextPC	def
Sel4Lean.Spec.instInhabitedPSpace.default	def
Sel4Lean.Spec.instPSpaceStorableTCB	def
Sel4Lean.Spec.M.Kernel_Init.biCapITCNode	opaque
Sel4Lean.Spec.isAlignmentError	def
Sel4Lean.Spec.IRQHandlerInvocation.AckIRQ.elim	def
Sel4Lean.Spec.MDBNode.brecOn_3.eq	other
Sel4Lean.Spec.KernelInit.biCapITIPCBuf	opaque
Sel4Lean.Spec.KernelState.ksDomScheduleStart	def
Sel4Lean.Spec.M.Object_Structures.wordBits	def
Sel4Lean.Spec.MDBNode.rec_4	other
Sel4Lean.Spec.BIFrameData.bifNullCaps	def
Sel4Lean.Spec.ASIDPoolInvocation.Assign	ctor
Sel4Lean.Spec.CNodeInvocation.Move.elim	def
Sel4Lean.Spec.TCB.Thread	ctor
Sel4Lean.Spec.M.Object_Notification.getNotification	def
Sel4Lean.Spec.M.Object_TCB.getThreadBufferSlot	def
Sel4Lean.Spec.Endpoint.RecvEP.elim	def
Sel4Lean.Spec.M.Object_CNode.createNewObjects	def
Sel4Lean.Spec.M.Machine_Hardware.getActiveIRQ	def
Sel4Lean.Spec.instIntegralHSyscall	def
Sel4Lean.Spec.RISCV64.Register.T0	ctor
Sel4Lean.Spec.M.Kernel_FaultHandler.lookupCap	def
Sel4Lean.Spec.NTFN	type
Sel4Lean.Spec.M.Object_Untyped.deleteObjects	def
Sel4Lean.Spec.M.Object_ObjectType.decodeTCBInvocation	opaque
Sel4Lean.Spec.InvocationLabel.ArchInvocationLabel.elim	def
Sel4Lean.Spec.CNodeInvocation	type
Sel4Lean.Spec.M.Object_Structures_RISCV64.minUntypedSizeBits	def
Sel4Lean.Spec.Capability.set_capReplyMaster	def
Sel4Lean.Spec.instInhabitedCPtr	def
Sel4Lean.Spec.M.Machine_Hardware.setNextPC	def
Sel4Lean.Spec.M.Object_TCB.RISCV64.performTransfer	def
Sel4Lean.Spec.TCB.brecOn.eq	other
Sel4Lean.Spec.RISCV64.IRQControlInvocation.issueHandlerIRQ	def
Sel4Lean.Spec.M.API_Syscall.getMRs	def
Sel4Lean.Spec.M.Object_Structures.minPriority	def
Sel4Lean.Spec.M.Object_ObjectType.performInvocation	def
Sel4Lean.Spec.instDecidableEqPageInvocation	def
Sel4Lean.Spec.M.API_Types.msgExtraCapBits	def
Sel4Lean.Spec.InitFailure	type
Sel4Lean.Spec.M.Kernel_Thread.RISCV64.prepareNextDomain	def
Sel4Lean.Spec.instDecidableEqInvocation	def
Sel4Lean.Spec.Syscall.ctorElim	def
Sel4Lean.Spec.BinaryTree.set_btFalse	def
Sel4Lean.Spec.instInhabitedMessageInfo.default	def
Sel4Lean.Spec.M.Config.retypeFanOutLimit	def
Sel4Lean.Spec.M.Object_Untyped.minUntypedSizeBits	def
Sel4Lean.Spec.Capability.set_capEPCanReceive	def
Sel4Lean.Spec.instIntegralHInt	def
Sel4Lean.Spec.M.Machine_Hardware.RISCV64.getDeviceRegions	opaque
Sel4Lean.Spec.instIntegralHBool	def
Sel4Lean.Spec.GenInvocationLabels.TCBSetSpace.elim	def
Sel4Lean.Spec.instBitsHNat	def
Sel4Lean.Spec.isJust	def
Sel4Lean.Spec.M.Object_CNode.lookupCap	opaque
Sel4Lean.Spec.maskW	def
Sel4Lean.Spec.TCBInvocation.set_writeRegsArch	def
Sel4Lean.Spec.PreStorable.koType	def
Sel4Lean.Spec.VMPageSize.ctorElim	def
Sel4Lean.Spec.KernelInit.biCapASIDControl	opaque
Sel4Lean.Spec.M.API_Types.RISCV64.pageType	def
Sel4Lean.Spec.M.Kernel_VSpace.RISCV64.isValidVTableRoot	def
Sel4Lean.Spec.MachineState.mk	ctor
Sel4Lean.Spec.M.Kernel_BootInfo.paddingTo	def
Sel4Lean.Spec.KernelConfig.resetChunkBits	def
Sel4Lean.Spec.instDecidableEqInvocationLabel	def
Sel4Lean.Spec.instInhabitedDomainInvocation	def
Sel4Lean.Spec.M.Kernel_VSpace.configureTimer	def
Sel4Lean.Spec.Capability.capNtfnCanReceive	def
Sel4Lean.Spec.M.Object_CNode.getCurThread	def
Sel4Lean.Spec.MachineData	def
Sel4Lean.Spec.M.Machine_RegisterSet.RISCV64.frameRegisters	def
Sel4Lean.Spec.MachineOps.initTimer_impl	opaque
Sel4Lean.Spec.IRQState	type
Sel4Lean.Spec.M.Object_Notification.cancelIPC	opaque
Sel4Lean.Spec.ArchFault.vmFaultArchData	def
Sel4Lean.Spec.IRQHandlerInvocation.setIRQHandlerCap	def
Sel4Lean.Spec.MachineOps.freeMemory	def
Sel4Lean.Spec.instInhabitedIRQ	def
Sel4Lean.Spec.M.Kernel_VSpace.createITASIDPool	def
Sel4Lean.Spec.TCBInvocation.set_setTLSBaseNewBase	def
Sel4Lean.Spec.M.Kernel_BootInfo.biCapBIFrame	opaque
Sel4Lean.Spec.GenInvocationLabels.TCBSetIPCBuffer	ctor
Sel4Lean.Spec.ArchCapability.capPTMappedAddress	def
Sel4Lean.Spec.GenInvocationLabels.DomainSetSet.elim	def
Sel4Lean.Spec.init_machine_state	def
Sel4Lean.Spec.M.Object_Untyped.getSlotCap	opaque
Sel4Lean.Spec.M.Machine_Hardware.RISCV64.getActiveIRQ	def
Sel4Lean.Spec.M.Object_Domain.domainSet	def
Sel4Lean.Spec.isFrameCap	def
Sel4Lean.Spec.Capability.set_capNtfnPtr	def
Sel4Lean.Spec.M.Object_ObjectType.RISCV64.postCapDeletion	def
Sel4Lean.Spec.M.Object_Endpoint.getThreadReplySlot	opaque
Sel4Lean.Spec.RISCV64.IRQ.val	def
Sel4Lean.Spec.M.Model_Preemption.withoutPreemption	def
Sel4Lean.Spec.M.Object_ObjectType.isIRQControlCap	def
Sel4Lean.Spec.M.Object_ObjectType_RISCV64.sameObjectAs	def
Sel4Lean.Spec.M.Object_ObjectType.deletedIRQHandler	def
Sel4Lean.Spec.M.Object_TCB.tcbIPCBufferSlot	def
Sel4Lean.Spec.isInsert	def
Sel4Lean.Spec.Intermediate.createObjects	def
Sel4Lean.Spec.BIDeviceRegion.bidrFrameSizeBits	def
Sel4Lean.Spec.M.Machine_RegisterSet_RISCV64.syscallMessage	def
Sel4Lean.Spec.M.Kernel_VSpace_RISCV64.withoutFailure	def
Sel4Lean.Spec.M.Object_TCB.loadWordUser	def
Sel4Lean.Spec.M.Machine_Hardware_RISCV64.pptrUserTop	def
Sel4Lean.Spec.SchedulerAction.ResumeCurrentThread	ctor
Sel4Lean.Spec.M.Object_Domain.decodeDomainConfigure	def
Sel4Lean.Spec.M.Object_ObjectType.getCurThread	def
Sel4Lean.Spec.MDBNode.rec_7	other
Sel4Lean.Spec.PTE.pteGlobal	def
Sel4Lean.Spec.MapH.insert	def
Sel4Lean.Spec.ArchKernelObject.ctorElim	def
Sel4Lean.Spec.M.Machine_Hardware_RISCV64.ptBits	def
Sel4Lean.Spec.M.Kernel_VSpace_RISCV64.createBIFrame	def
Sel4Lean.Spec.MachineOps.non_kernel_IRQs	def
Sel4Lean.Spec.Platform.addrFromPPtr	def
Sel4Lean.Spec.isPageMap	def
Sel4Lean.Spec.M.Model_StateData.ready_qs_runnable	opaque
Sel4Lean.Spec.isPageTableMap	def
Sel4Lean.Spec.Capability.capNtfnBadge	def
Sel4Lean.Spec.M.Object_Structures_RISCV64.newContext	def
Sel4Lean.Spec.KernelInit.newKSDomainTime	opaque
Sel4Lean.Spec.instInhabitedSchedulerAction	def
Sel4Lean.Spec.show	def
Sel4Lean.Spec.M.Object_Endpoint.badgeRegister	def
Sel4Lean.Spec.instPSpaceStorableUserData	def
Sel4Lean.Spec.TCBInvocation.set_writeRegsThread	def
Sel4Lean.Spec.TCBInvocation	type
Sel4Lean.Spec.M.Kernel_Init.syncBIFrame	def
Sel4Lean.Spec.M.Config.minSmallBlocks	def
Sel4Lean.Spec.M.Kernel_Init.getThreadBufferSlot	def
Sel4Lean.Spec.SyscallError.InvalidArgument.elim	def
Sel4Lean.Spec.IRQState.ofNat_ctorIdx	other
Sel4Lean.Spec.RISCV64.Register.T4.elim	def
Sel4Lean.Spec.Capability.capZombiePtr	def
Sel4Lean.Spec.M.Object_Interrupt.isNotificationCap	def
Sel4Lean.Spec.M.Kernel_Thread.getReceiveSlots	def
Sel4Lean.Spec.RISCV64.instInhabitedArchKernelObjectType	def
Sel4Lean.Spec.M.Kernel_VSpace.RISCV64.writeITPDPTs	def
Sel4Lean.Spec.DesignOnly.kernelExitAssertions	opaque
Sel4Lean.Spec.M.Kernel_VSpace.RISCV64.vptrFromPPtr	def
Sel4Lean.Spec.InvocationLabel.GenInvocationLabel.elim	def
Sel4Lean.Spec.M.Object_TCB.decodeTCBInvocation	def
Sel4Lean.Spec.M.Object_ObjectType_RISCV64.asidPoolBits	def
Sel4Lean.Spec.Invocation.InvokeTCB	ctor
Sel4Lean.Spec.instIntegralHHypFaultType	def
Sel4Lean.Spec.M.Object_ObjectType.badgeBits	def
Sel4Lean.Spec.last	def
Sel4Lean.Spec.IRQControlInvocation.set_issueHandlerSlot	def
Sel4Lean.Spec.KernelConfig.CONFIG_USER_STACK_TRACE_LENGTH	def
Sel4Lean.Spec.ASIDPoolInvocation.assignASID	def
Sel4Lean.Spec.M.SEL4.fastpathKernelAssertions	opaque
Sel4Lean.Spec.M.Kernel_BootInfo.rootCNodeSize	def
Sel4Lean.Spec.GenInvocationLabels.CNodeDelete.elim	def
Sel4Lean.Spec.M.Object_Domain.decodeDomainSet	def
Sel4Lean.Spec.M.API_Types.RISCV64.getObjectSize	def
Sel4Lean.Spec.M.Model_PSpace.placeNewObject'	def
Sel4Lean.Spec.PTE.ctorElimType	def
Sel4Lean.Spec.ThreadState.BlockedOnReceive	ctor
Sel4Lean.Spec.Invocation.InvokeCNode	ctor
Sel4Lean.Spec.M.Kernel_FaultHandler.handleFault	def
Sel4Lean.Spec.M.Object_Untyped.genInvocationType	def
Sel4Lean.Spec.RISCV64.Register.LR	ctor
Sel4Lean.Spec.instDecidableEqMessageInfo	def
Sel4Lean.Spec.VMRights.VMKernelOnly	ctor
Sel4Lean.Spec.DesignOnly.cteDeleteOne'	def
Sel4Lean.Spec.M.Config.timeSlice	def
Sel4Lean.Spec.MapH.null	def
Sel4Lean.Spec.M.Object_TCB.tcbReplySlot	def
Sel4Lean.Spec.M.Object_CNode.emptySlot	def
Sel4Lean.Spec.isBlockedOnReceive	def
Sel4Lean.Spec.M.Kernel_VSpace_RISCV64.isFinalCapability	opaque
Sel4Lean.Spec.Platform.paddrBase	def
Sel4Lean.Spec.M.Kernel_Init.ptrFromPAddr	def
Sel4Lean.Spec.NTFN.ctorElim	def
Sel4Lean.Spec.instInhabitedTcbFlag	def
Sel4Lean.Spec.PAddr.fromPAddr	def
Sel4Lean.Spec.instInhabitedVMPageSize	def
Sel4Lean.Spec.instDecidableEqPTE.decEq	def
Sel4Lean.Spec.KernelConfig.config_PLAT_AM335X	def
Sel4Lean.Spec.KernelObjectType.CTET	ctor
Sel4Lean.Spec.Capability.set_capEPCanSend	def
Sel4Lean.Spec.instBoundedHCopyRegisterSets	def
Sel4Lean.Spec.Capability.set_capZombiePtr	def
Sel4Lean.Spec.instIntegralHNat	def
Sel4Lean.Spec.M.Kernel_Thread.schedule	def
Sel4Lean.Spec.KernelConfig.CONFIG_MAX_NUM_BOOTINFO_UNTYPED_CAPS	def
Sel4Lean.Spec.zip	def
Sel4Lean.Spec.M.Kernel_Thread.tcbQueueEmpty	def
Sel4Lean.Spec.unlessH	def
Sel4Lean.Spec.isWaitingNtfn	def
Sel4Lean.Spec.SyscallError.IllegalOperation.elim	def
Sel4Lean.Spec.M.Kernel_Init.initPSpace	def
Sel4Lean.Spec.M.Kernel_Thread.tcbSchedEnqueue	def
Sel4Lean.Spec.M.Object_ObjectType_RISCV64.isArchMDBParentOf	def
Sel4Lean.Spec.instDecidableEqAPIObjectType	def
Sel4Lean.Spec.RISCVVSpaceRegionUse.RISCVVSpaceInvalidRegion.elim	def
Sel4Lean.Spec.instBoundedHIRQ_1	def
Sel4Lean.Spec.BinaryTree	type
Sel4Lean.Spec.NTFN.ctorElimType	def
Sel4Lean.Spec.M.Object_TCB.archThreadSet	def
Sel4Lean.Spec.M.Machine_Hardware_RISCV64_HiFive.storeWordCallback	opaque
Sel4Lean.Spec.MachineOps.hwASIDFlush_impl	opaque
Sel4Lean.Spec.M.Machine_Hardware_RISCV64_Spike.physBase	def
Sel4Lean.Spec.M.Object_Notification.sendSignal	def
Sel4Lean.Spec.instIntegralHArchInvocationLabel	def
Sel4Lean.Spec.instDecidableEqBIFrameData	def
Sel4Lean.Spec.M.Model_PSpace.deletionIsSafe_delete_locale	opaque
Sel4Lean.Spec.instInhabitedCallbackData	def
Sel4Lean.Spec.InitData.initSlotPosMax	def
Sel4Lean.Spec.DomainInvocation.domIndex	def
Sel4Lean.Spec.M.Object_TCB.getMRs	def
Sel4Lean.Spec.RISCVVSpaceRegionUse.RISCVVSpaceUserRegion	ctor
Sel4Lean.Spec.M.Machine_Hardware_RISCV64.loadWord	def
Sel4Lean.Spec.KernelState.ksDomainTime	def
Sel4Lean.Spec.M.Object_ObjectType.RISCV64.finaliseCap	def
Sel4Lean.Spec.MachineOps.configureTimer	def
Sel4Lean.Spec.instDecidableEqCapTransfer	def
Sel4Lean.Spec.M.Kernel_Thread.setupReplyMaster	def
Sel4Lean.Spec.RISCV64.ArchKernelObjectType.ctorElim	def
Sel4Lean.Spec.M.Object_CNode.cancelBadgedSends	def
Sel4Lean.Spec.M.Object_ObjectType.performIRQControl	def
Sel4Lean.Spec.TCBInvocation.set_readRegsArch	def
Sel4Lean.Spec.cteOffset	def
Sel4Lean.Spec.ASIDControlInvocation.MakePool	ctor
Sel4Lean.Spec.M.Kernel_VSpace_RISCV64.checkSlot	def
Sel4Lean.Spec.M.Kernel_FaultHandler.debugPrint	def
Sel4Lean.Spec.ObjectType.HugePageObject	ctor
Sel4Lean.Spec.instPreStorableNotification	def
Sel4Lean.Spec.GenInvocationLabels.CNodeDelete	ctor
Sel4Lean.Spec.ThreadState.BlockedOnReply.elim	def
Sel4Lean.Spec.instBoundedHAPIObjectType	def
Sel4Lean.Spec.RISCV64.ArchKernelObjectType.PTET	ctor
Sel4Lean.Spec.TCBInvocation.tcNewVRoot	def
Sel4Lean.Spec.instIntegralHIRQState	def
Sel4Lean.Spec.M.Object_Notification.asUser	opaque
Sel4Lean.Spec.M.Kernel_FaultHandler.sendIPC	opaque
Sel4Lean.Spec.Invocation	type
Sel4Lean.Spec.instInhabitedCapability.default_1	def
Sel4Lean.Spec.updateObject_cte_type	other
Sel4Lean.Spec.minBound	def
Sel4Lean.Spec.PAddr.PAddr	ctor
Sel4Lean.Spec.M.Kernel_VSpace_RISCV64.createITPDPTs	def
Sel4Lean.Spec.instLTASID	def
Sel4Lean.Spec.OrdH	type
Sel4Lean.Spec.M.Kernel_CSpace.lookupCap	def
Sel4Lean.Spec.MachineOps.debugPrint	def
Sel4Lean.Spec.Fault.ctorElimType	def
Sel4Lean.Spec.instInhabitedInterruptState.default	def
Sel4Lean.Spec.M.Object_ObjectType.RISCV64.deriveCap	def
Sel4Lean.Spec.M.Kernel_Thread.threadSet	opaque
Sel4Lean.Spec.Capability.set_capFreeIndex	def
Sel4Lean.Spec.M.Kernel_VSpace.checkValidIPCBuffer	def
Sel4Lean.Spec.SerialData.SerialData	ctor
Sel4Lean.Spec.M.Model_PSpace_RISCV64.deleteGhost	def
Sel4Lean.Spec.instInhabitedASIDPool	def
Sel4Lean.Spec.KernelConfig.config_ARM_GIC_V3	def
Sel4Lean.Spec.BoundedH.mk	ctor
Sel4Lean.Spec.M.Object_Notification.possibleSwitchTo	opaque
Sel4Lean.Spec.instLTIRQOfIRQ	def
Sel4Lean.Spec.IRQ.IRQ	ctor
Sel4Lean.Spec.M.Object_CNode.reduceZombie	opaque
Sel4Lean.Spec.M.Kernel_Hypervisor.handleHypervisorFault	def
Sel4Lean.Spec.Capability.NullCap.elim	def
Sel4Lean.Spec.isArchFault	def
Sel4Lean.Spec.ArchInvocationLabel.RISCVASIDControlMakePool.elim	def
Sel4Lean.Spec.M.Object_Structures.maxPriority	def
Sel4Lean.Spec.M.Object_Notification.tcbSchedEnqueue	opaque
Sel4Lean.Spec.instInhabitedArchFault.default	def
Sel4Lean.Spec.map	def
Sel4Lean.Spec.M.Model_StateData.getInterruptState	def
Sel4Lean.Spec.RISCV64.instInhabitedRegister	def
Sel4Lean.Spec.M.Kernel_Thread.getRegister	def
Sel4Lean.Spec.VMRights.VMReadOnly.elim	def
Sel4Lean.Spec.M.Object_CNode.createObject	def
Sel4Lean.Spec.M.Object_ObjectType.mask	def
Sel4Lean.Spec.isCancelBadgedSends	def
Sel4Lean.Spec.PageInvocation	type
Sel4Lean.Spec.instInhabitedSyscall.default	def
Sel4Lean.Spec.MDBNode.below_2	def
Sel4Lean.Spec.M.Kernel_Thread.withoutFailure	def
Sel4Lean.Spec.DomainInvocation.InvokeDomainScheduleSetStart	ctor
Sel4Lean.Spec.TCBInvocation.ThreadControl.elim	def
Sel4Lean.Spec.M.Machine_Hardware_RISCV64.fromPAddr	def
Sel4Lean.Spec.instDecidableEqRISCVVSpaceRegionUse	def
Sel4Lean.Spec.InitData.mk	ctor
Sel4Lean.Spec.M.Model_StateData.maxPriority	def
Sel4Lean.Spec.HypFaultType.RISCVNoHypFaults	ctor
Sel4Lean.Spec.modify	def
Sel4Lean.Spec.instInhabitedRegister.default	def
Sel4Lean.Spec.M.Kernel_Thread.RISCV64.activateIdleThread	def
Sel4Lean.Spec.instIntegralHVMFaultType	def
Sel4Lean.Spec.M.Machine_Hardware_RISCV64_Spike.irqInvalid	def
Sel4Lean.Spec.SyscallError.set_invalidArgumentNumber	def
Sel4Lean.Spec.M.Object_TCB.locateSlotTCB	def
Sel4Lean.Spec.ASID.fromASID	def
Sel4Lean.Spec.M.API_Faults.asUser	def
Sel4Lean.Spec.GenInvocationLabels.IRQIssueIRQHandler.elim	def
Sel4Lean.Spec.Platform.kdevBase	def
Sel4Lean.Spec.M.Object_ObjectType_RISCV64.isIRQControlCapDescendant	def
Sel4Lean.Spec.UserContext.user_regs	def
Sel4Lean.Spec.ArchCapability.capFMappedAddress	def
Sel4Lean.Spec.M.Machine_Hardware_RISCV64_HiFive.configureTimer	opaque
Sel4Lean.Spec.GenInvocationLabels.TCBSetSchedParams.elim	def
Sel4Lean.Spec.M.Object_Endpoint.lookupIPCBuffer	opaque
Sel4Lean.Spec.M.Object_CNode.ensureEmptySlot	def
Sel4Lean.Spec.M.API_Syscall.deleteCallerCap	def
Sel4Lean.Spec.TCBInvocation.writeRegsThread	def
Sel4Lean.Spec.M.Kernel_VSpace_RISCV64.createITASIDPool	def
Sel4Lean.Spec.GenInvocationLabels.ofNat_ctorIdx	other
Sel4Lean.Spec.Intermediate.createNewFrameCaps	def
Sel4Lean.Spec.RISCV64.Register.T6	ctor
Sel4Lean.Spec.ZombieType.ctorElim	def
Sel4Lean.Spec.M.Object_Structures.mask	def
Sel4Lean.Spec.UserDataDevice.ofNat	def
Sel4Lean.Spec.M.Kernel_CSpace.lookupSlotForCNodeOp	def
Sel4Lean.Spec.SyscallError	type
Sel4Lean.Spec.M.Object_Structures.tcbFlagToWord	def
Sel4Lean.Spec.Capability.set_capCNodePtr	def
Sel4Lean.Spec.GenInvocationLabels.DomainScheduleConfigure.elim	def
Sel4Lean.Spec.TCBInvocation.set_notificationTCB	def
Sel4Lean.Spec.M.Kernel_Thread.possibleSwitchTo	def
Sel4Lean.Spec.instInhabitedArchCapability.default	def
Sel4Lean.Spec.RISCV64.Invocation	type
Sel4Lean.Spec.M.Machine_RegisterSet_RISCV64.getRegister	def
Sel4Lean.Spec.MDBNode.brecOn_4.go	def
Sel4Lean.Spec.M.Kernel_VSpace.RISCV64.createBIFrame	def
Sel4Lean.Spec.M.Kernel_Thread.setBoundNotification	def
Sel4Lean.Spec.M.Object_ObjectType_RISCV64.deleteASID	def
Sel4Lean.Spec.M.Kernel_CSpace.getSlotCap	def
Sel4Lean.Spec.M.Machine_RegisterSet_RISCV64.badgeRegister	def
Sel4Lean.Spec.SetH.singleton	def
Sel4Lean.Spec.M.Machine_Hardware_RISCV64.storeWord	def
Sel4Lean.Spec.M.Kernel_Init.biCapITTCB	opaque
Sel4Lean.Spec.M.Object_TCB.checkValidIPCBuffer	opaque
Sel4Lean.Spec.M.Kernel_VSpace.RISCV64.checkValidIPCBuffer	def
Sel4Lean.Spec.PTE.PageTablePTE.elim	def
Sel4Lean.Spec.M.Object_TCB.assertDerived	opaque
Sel4Lean.Spec.KernelConfig.numPriorities	def
Sel4Lean.Spec.Syscall.SysNBRecv	ctor
Sel4Lean.Spec.M.Kernel_VSpace_RISCV64.ensureEmptySlot	opaque
Sel4Lean.Spec.ThreadState.blockingObject	def
Sel4Lean.Spec.BitsH.finiteBitSizeB	def
Sel4Lean.Spec.M.Kernel_Init.createIPCBufferFrame	def
Sel4Lean.Spec.TCBInvocation.Suspend	ctor
Sel4Lean.Spec.MDBNode.brecOn_6.eq	other
Sel4Lean.Spec.M.Kernel_Thread.getThreadState	def
Sel4Lean.Spec.M.SEL4.withoutPreemption	def
Sel4Lean.Spec.ObjectType.LargePageObject.elim	def
Sel4Lean.Spec.M.Object_Domain.listUpdate	def
Sel4Lean.Spec.CNodeInvocation.moveCap2	def
Sel4Lean.Spec.M.Object_TCB.restart	opaque
Sel4Lean.Spec.Serializer	def
Sel4Lean.Spec.M.Machine_Hardware_RISCV64.pageColourBits	opaque
Sel4Lean.Spec.TCBInvocation.setFlagsTCB	def
Sel4Lean.Spec.M.Object_Domain.numDomains	def
Sel4Lean.Spec.instOrdHBitVec	def
Sel4Lean.Spec.M.Kernel_BootInfo.syncBIFrame	def
Sel4Lean.Spec.GenInvocationLabels.IRQSetIRQHandler.elim	def
Sel4Lean.Spec.M.Machine_Hardware_RISCV64.addrFromPPtr	def
Sel4Lean.Spec.M.Kernel_Thread.faultRegister	def
Sel4Lean.Spec.isPagePTE	def
Sel4Lean.Spec.Invocation.InvokeUntyped.elim	def
Sel4Lean.Spec.CapTransfer.ctReceiveDepth	def
Sel4Lean.Spec.GenInvocationLabels.CNodeRotate	ctor
Sel4Lean.Spec.M.Object_Structures_RISCV64.archObjSize	def
Sel4Lean.Spec.runStateT	def
Sel4Lean.Spec.M.Machine_Hardware.RISCV64.addrFromKPPtr	def
Sel4Lean.Spec.instDecidableEqVPtr	def
Sel4Lean.Spec.Event.UserLevelFault	ctor
Sel4Lean.Spec.DomainInvocation.set_domThread	def
Sel4Lean.Spec.M.Kernel_FaultHandler.capFaultOnFailure	def
Sel4Lean.Spec.M.Object_CNode.isNullCap	def
Sel4Lean.Spec.M.Object_Domain.maxDomainDuration	def
Sel4Lean.Spec.instDecidableEqInvocation_1	def
Sel4Lean.Spec.M.Model_Failures.capFaultOnFailure	def
Sel4Lean.Spec.TCBInvocation.set_tcNewMCPriority	def
Sel4Lean.Spec.KernelObjectType.TCBT.elim	def
Sel4Lean.Spec.M.Model_StateData.assert	def
Sel4Lean.Spec.InitFailure.toIdx	def
Sel4Lean.Spec.TCB.tcbPriority	def
Sel4Lean.Spec.APIObjectType.NotificationObject	ctor
Sel4Lean.Spec.CNodeInvocation.SaveCaller.elim	def
Sel4Lean.Spec.DomainInvocation.domThread	def
Sel4Lean.Spec.M.Model_StateData.decDomainTime	def
Sel4Lean.Spec.KernelState.ksReadyQueues	def
Sel4Lean.Spec.ArchCapability.FrameCap.elim	def
Sel4Lean.Spec.IntegralH.ofInt	def
Sel4Lean.Spec.instPreStorableTCB	def
Sel4Lean.Spec.M.Object_Structures.emptyQueue	def
Sel4Lean.Spec.KernelObjectType.UserDataT	ctor
Sel4Lean.Spec.M.API_Syscall.performInvocation	def
Sel4Lean.Spec.instInhabitedUserContext.default	def
Sel4Lean.Spec.SchedulerAction.ctorElim	def
Sel4Lean.Spec.M.Config.resetChunkBits	def
Sel4Lean.Spec.M.Model_Preemption.setWorkUnits	def
Sel4Lean.Spec.M.API_Types_RISCV64.apiGetObjectSize	def
Sel4Lean.Spec.M.Machine_Hardware_RISCV64.storeWordVM	def
Sel4Lean.Spec.instInhabitedCapTransfer	def
Sel4Lean.Spec.M.Object_Domain_RISCV64.prepareSetDomain	def
Sel4Lean.Spec.M.Kernel_Thread.invertL1Index	def
Sel4Lean.Spec.IRQHandlerInvocation.SetIRQHandler.elim	def
Sel4Lean.Spec.CallbackDataImpl	opaque
Sel4Lean.Spec.Platform.ptrFromPAddr	def
Sel4Lean.Spec.SyscallError.InvalidCapability	ctor
Sel4Lean.Spec.M.Kernel_Init.initInterruptController	def
Sel4Lean.Spec.M.Object_ObjectType.ensureNoChildren	opaque
Sel4Lean.Spec.M.Kernel_Init.biCapITPD	opaque
Sel4Lean.Spec.M.Object_Interrupt.decodeIRQHandlerInvocation	def
Sel4Lean.Spec.M.Object_TCB.threadGet	def
Sel4Lean.Spec.M.Machine_RegisterSet.msgRegisters	def
Sel4Lean.Spec.undefined	def
Sel4Lean.Spec.M.Model_StateData.getCurThread	def
Sel4Lean.Spec.M.Machine_RegisterSet_RISCV64.faultRegister	def
Sel4Lean.Spec.M.Kernel_Thread.nullPointer	def
Sel4Lean.Spec.M.Object_TCB_RISCV64.postModifyRegisters	def
Sel4Lean.Spec.MDBNode.brecOn_5.go	def
Sel4Lean.Spec.M.Object_Interrupt.isNullCap	def
Sel4Lean.Spec.BIFrameData.bifUntypedObjPAddrs	def
Sel4Lean.Spec.M.Object_Endpoint.rescheduleRequired	opaque
Sel4Lean.Spec.Event.UserLevelFault.elim	def
Sel4Lean.Spec.range	def
Sel4Lean.Spec.KernelConfig.config_ARCH_IA32	def
Sel4Lean.Spec.M.Kernel_VSpace_RISCV64.pteAtIndex	def
Sel4Lean.Spec.UserContext.fromUC	def
Sel4Lean.Spec.instInhabitedFault.default	def
Sel4Lean.Spec.M.Object_Untyped.maxUntypedSizeBits	def
Sel4Lean.Spec.RISCV64.Register.A3.elim	def
Sel4Lean.Spec.M.Kernel_Init.initPlatform	def
Sel4Lean.Spec.RISCV64.instDecidableEqArchKernelObjectType	def
Sel4Lean.Spec.Platform.physBase	def
Sel4Lean.Spec.isNotEnoughMemory	def
Sel4Lean.Spec.M.Object_TCB.setMRs	def
Sel4Lean.Spec.ArchCapability.set_capFSize	def
Sel4Lean.Spec.CallbackData	def
Sel4Lean.Spec.TCBInvocation.CopyRegisters	ctor
Sel4Lean.Spec.VMFaultType.RISCVInstructionPageFault	ctor
Sel4Lean.Spec.instBitsHPPtr	def
Sel4Lean.Spec.InitData.initSlotPosCur	def
Sel4Lean.Spec.ArchInvocationLabel.RISCVPageGetAddress.elim	def
Sel4Lean.Spec.projectKO	def
Sel4Lean.Spec.instInhabitedUserData.default	def
Sel4Lean.Spec.TCBInvocation.set_suspendThread	def
Sel4Lean.Spec.M.Model_StateData.getWorkUnits	def
Sel4Lean.Spec.M.API_Faults.makeArchFaultMessage	def
Sel4Lean.Spec.init_irq_masks	def
Sel4Lean.Spec.RISCV64.Register.A7.elim	def
Sel4Lean.Spec.isNotificationControl	def
Sel4Lean.Spec.instDecidableLtIRQ	def
Sel4Lean.Spec.M.Machine_Hardware_RISCV64.vmRightsToBits	def
Sel4Lean.Spec.instBoundedHVPtr	def
Sel4Lean.Spec.ArchKernelObject	type
Sel4Lean.Spec.instDecidableEqSyscall	def
Sel4Lean.Spec.TCBInvocation.set_readRegsLength	def
Sel4Lean.Spec.Platform.pptrUserTop	def
Sel4Lean.Spec.M.API_Syscall.mask	def
Sel4Lean.Spec.instLTIRQ	def
Sel4Lean.Spec.M.Data_WordLib.countTrailingZeros	def
Sel4Lean.Spec.M.Object_Domain.timeArgLen	def
Sel4Lean.Spec.instBoundedHVMRights	def
Sel4Lean.Spec.RISCV64.Register.FaultIP.elim	def
Sel4Lean.Spec.instInhabitedInitData.default	def
Sel4Lean.Spec.CNodeInvocation.Delete	ctor
Sel4Lean.Spec.M.Kernel_VSpace_RISCV64.vptrFromPPtr	def
Sel4Lean.Spec.KernelObject.KOArch	ctor
Sel4Lean.Spec.M.Object_Interrupt.pageBits	def
Sel4Lean.Spec.isRotate	def
Sel4Lean.Spec.SyscallError.set_invalidCapNumber	def
Sel4Lean.Spec.Platform.kernelELFPAddrBase	def
Sel4Lean.Spec.instDecidableEqFault	def
Sel4Lean.Spec.CNodeInvocation.epCap	def
Sel4Lean.Spec.instInhabitedSerialData.default	def
Sel4Lean.Spec.MDBNode.below_7	def
Sel4Lean.Spec.InvocationLabel.ctorElim	def
Sel4Lean.Spec.Platform.addrFromKPPtr	def
Sel4Lean.Spec.isGuardMismatch	def
Sel4Lean.Spec.APIObjectType.Untyped	ctor
Sel4Lean.Spec.M.Object_Domain.domainEndMarker	def
Sel4Lean.Spec.MDBNode.brecOn_7.eq	other
Sel4Lean.Spec.MessageInfo.msgLabel	def
Sel4Lean.Spec.APIObjectType.ctorElimType	def
Sel4Lean.Spec.M.Machine_Hardware.RISCV64.ptrFromPAddr	def
Sel4Lean.Spec.instDecidableEqArchFault	def
Sel4Lean.Spec.ThreadState.brecOn.go	def
Sel4Lean.Spec.KernelState.KState	ctor
Sel4Lean.Spec.TCBInvocation.tcThread	def
Sel4Lean.Spec.MachineOps.ackInterrupt	def
Sel4Lean.Spec.M.Model_StateData.setCurThread	def
Sel4Lean.Spec.M.API_Faults.getRegister	def
Sel4Lean.Spec.TCBInvocation.notificationPtr	def
Sel4Lean.Spec.IRQControlInvocation.set_issueHandlerIRQ	def
Sel4Lean.Spec.M.Model_PSpace.reserveFrame	def
Sel4Lean.Spec.SyscallError.failedLookupWasSource	def
Sel4Lean.Spec.M.Object_Untyped.canonicalAddressAssert	opaque
Sel4Lean.Spec.M.Kernel_Thread.l2BitmapSize	def
Sel4Lean.Spec.LookupFailure.GuardMismatch.elim	def
Sel4Lean.Spec.MDBNode.brecOn_1.go	def
Sel4Lean.Spec.M.Object_CNode.capCyclicZombie	def
Sel4Lean.Spec.GenInvocationLabels.IRQClearIRQHandler	ctor
Sel4Lean.Spec.instHShiftRightCPtrNat	def
Sel4Lean.Spec.MachineOps.setRegister	def
Sel4Lean.Spec.M.Object_Endpoint.possibleSwitchTo	opaque
Sel4Lean.Spec.MachineOps.MachineRestMonad	def
Sel4Lean.Spec.M.Machine_RegisterSet.RISCV64.msgRegisters	def
Sel4Lean.Spec.ArchInvocationLabel.RISCVPageTableMap.elim	def
Sel4Lean.Spec.SchedulerAction.SwitchToThread	ctor
Sel4Lean.Spec.M.Object_ObjectType.RISCV64.isCapRevocable	def
Sel4Lean.Spec.instHShiftLeftASIDNat	def
Sel4Lean.Spec.EnumH.mk	ctor
Sel4Lean.Spec.isDeleteFirst	def
Sel4Lean.Spec.TCBInvocation.set_tcNewCRoot	def
Sel4Lean.Spec.NTFN.brecOn.go	def
Sel4Lean.Spec.concatMap	def
Sel4Lean.Spec.instHShiftRightASIDNat	def
Sel4Lean.Spec.M.Object_TCB.cteDeleteOne	def
Sel4Lean.Spec.M.Kernel_VSpace_RISCV64.setVMRoot	def
Sel4Lean.Spec.M.Data_BinaryTree.flatten	def
Sel4Lean.Spec.IRQControlInvocation.IssueIRQHandler	ctor
Sel4Lean.Spec.Fault.UserException.elim	def
Sel4Lean.Spec.Event.UnknownSyscall	ctor
Sel4Lean.Spec.RISCV64.Register.LR.elim	def
Sel4Lean.Spec.ArchCapability.ASIDControlCap.elim	def
Sel4Lean.Spec.instDecidableEqBIDeviceRegion.decEq	def
Sel4Lean.Spec.M.Object_TCB.setExtraBadge	def
Sel4Lean.Spec.GenInvocationLabels.TCBBindNotification	ctor
Sel4Lean.Spec.M.Object_CNode.cteDeleteOne	def
Sel4Lean.Spec.isPageTableCap	def
Sel4Lean.Spec.M.Object_CNode.noReplyCapsFor	opaque
Sel4Lean.Spec.M.API_Syscall.withoutFailure	def
Sel4Lean.Spec.M.Object_Interrupt.ensureEmptySlot	opaque
Sel4Lean.Spec.M.API_Types.noRights	def
Sel4Lean.Spec.DomainDuration	def
Sel4Lean.Spec.PageInvocation.PageGetAddr	ctor
Sel4Lean.Spec.instBoundedHInitFailure	def
Sel4Lean.Spec.RISCV64.Register.ofIdx	def
Sel4Lean.Spec.RISCV64.Register.S1	ctor
Sel4Lean.Spec.ArchInvocationLabel.RISCVPageUnmap.elim	def
Sel4Lean.Spec.instInhabitedASIDPoolInvocation.default	def
Sel4Lean.Spec.instDecidableRelLt_sel4Lean	def
Sel4Lean.Spec.M.Kernel_VSpace_RISCV64.getThreadBufferSlot	opaque
Sel4Lean.Spec.IRQHandlerInvocation.AckIRQ	ctor
Sel4Lean.Spec.isSwitchToThread	def
Sel4Lean.Spec.M.Machine_Hardware.initIRQController	opaque
Sel4Lean.Spec.KernelState.ksDomScheduleIdx	def
Sel4Lean.Spec.MDBNode.below_6	def
Sel4Lean.Spec.M.Object_Structures.ntfnSizeBits	def
Sel4Lean.Spec.TCB.tcbIPCBufferFrame	def
Sel4Lean.Spec.Capability.set_capNtfnCanSend	def
Sel4Lean.Spec.SchedulerAction.ChooseNewThread.elim	def
Sel4Lean.Spec.instDecidableEqVMAttributes	def
Sel4Lean.Spec.LookupFailure.guardMismatchGuardSize	def
Sel4Lean.Spec.M.Object_ObjectType.finaliseCap	def
Sel4Lean.Spec.M.Kernel_Init.allocRegion	opaque
Sel4Lean.Spec.VMRights	type
Sel4Lean.Spec.instInhabitedZombieType	def
Sel4Lean.Spec.instLTPAddr	def
Sel4Lean.Spec.KernelObject.KOEndpoint.elim	def
Sel4Lean.Spec.instDecidableEqTCB	def
Sel4Lean.Spec.M.Data_WordLib.wordSize	def
Sel4Lean.Spec.Invocation.InvokeUntyped	ctor
Sel4Lean.Spec.Invocation.InvokeTCB.elim	def
Sel4Lean.Spec.DesignOnly.HaskellInitData.initBootInfo	def
Sel4Lean.Spec.M.Data_BinaryTree.adjustM	def
Sel4Lean.Spec.instInhabitedPTE	def
Sel4Lean.Spec.M.Object_CNode.finaliseSlot	opaque
Sel4Lean.Spec.GenInvocationLabels.TCBSetPriority	ctor
Sel4Lean.Spec.M.Machine_RegisterSet_RISCV64.exceptionMessage	def
Sel4Lean.Spec.RISCV64.Register.A4.elim	def
Sel4Lean.Spec.M.Object_CNode.setupReplyMaster	def
Sel4Lean.Spec.PageTableInvocation.PageTableUnmap.elim	def
Sel4Lean.Spec.DesignOnly.HaskellInitData.initVPtrOffset	def
Sel4Lean.Spec.RISCVVSpaceRegionUse.RISCVVSpaceKernelELFWindow.elim	def
Sel4Lean.Spec.M.Object_TCB.decodeSetFlags	def
Sel4Lean.Spec.APIObjectType.ofNat_ctorIdx	other
Sel4Lean.Spec.isRevokeFirst	def
Sel4Lean.Spec.CapRights	type
Sel4Lean.Spec.instInhabitedKernelState.default	def
Sel4Lean.Spec.alignCheck	def
Sel4Lean.Spec.M.Kernel_Thread.isNullCap	def
Sel4Lean.Spec.instDecidableEqBIFrameData.decEq	def
Sel4Lean.Spec.M.Kernel_VSpace_RISCV64.lookupPTSlot	opaque
Sel4Lean.Spec.SyscallError.set_failedLookupDescription	def
Sel4Lean.Spec.LookupFailure.InvalidRoot	ctor
Sel4Lean.Spec.M.Model_PSpace.initPSpace	def
Sel4Lean.Spec.M.Kernel_FaultHandler.catchFailure	def
Sel4Lean.Spec.SetH.empty	def
Sel4Lean.Spec.foldr	def
Sel4Lean.Spec.PreStorable	type
Sel4Lean.Spec.isInvokeDomainScheduleSetStart	def
Sel4Lean.Spec.instInhabitedObjectType.default	def
Sel4Lean.Spec.M.Kernel_Init.allocFrame	opaque
Sel4Lean.Spec.instInhabitedIRQ.default	def
Sel4Lean.Spec.SyscallError.IllegalOperation	ctor
Sel4Lean.Spec.instInhabitedPAddr	def
Sel4Lean.Spec.M.Kernel_Init.mapTaskRegions	def
Sel4Lean.Spec.Register	type
Sel4Lean.Spec.instIntegralHGenInvocationLabels	def
Sel4Lean.Spec.M.Kernel_Thread.makeFaultMessage	def
Sel4Lean.Spec.BinaryTree.btTrue	def
Sel4Lean.Spec.M.Model_PSpace.storeWordUser	def
Sel4Lean.Spec.M.Object_CNode.withoutFailure	def
Sel4Lean.Spec.NTFN.ActiveNtfn	ctor
Sel4Lean.Spec.M.Kernel_Thread.setRegister	def
Sel4Lean.Spec.M.Object_Untyped.isFrameType	def
Sel4Lean.Spec.M.Object_TCB.decodeSetSchedParams	def
Sel4Lean.Spec.M.API_InvocationLabels.invocationType	def
Sel4Lean.Spec.isCopyRegisters	def
Sel4Lean.Spec.M.Kernel_Thread.capRegister	def
Sel4Lean.Spec.MDBNode.brecOn_3	def
Sel4Lean.Spec.Notification.ntfnObj	def
Sel4Lean.Spec.ZombieType.ZombieTCB.elim	def
Sel4Lean.Spec.M.API_Syscall.getThreadCallerSlot	opaque
Sel4Lean.Spec.TCBInvocation.set_setFlagsTCB	def
Sel4Lean.Spec.M.Object_Notification.getObject	def
Sel4Lean.Spec.MachineOps.setVSpaceRoot	def
Sel4Lean.Spec.Capability.set_capNtfnBadge	def
Sel4Lean.Spec.M.Model_StateData.getQueue	def
Sel4Lean.Spec.M.Object_Structures_RISCV64.pageBits	def
Sel4Lean.Spec.instAddPAddr	def
Sel4Lean.Spec.M.Object_TCB.decodeTCBConfigure	def
Sel4Lean.Spec.VMPageSize.RISCVHugePage	ctor
Sel4Lean.Spec.M.Object_Untyped.locateSlotCap	opaque
Sel4Lean.Spec.IRQState.IRQTimer	ctor
Sel4Lean.Spec.ThreadState.set_blockingIPCBadge	def
Sel4Lean.Spec.M.Machine_Hardware_RISCV64_Spike.getDeviceRegions	opaque
Sel4Lean.Spec.M.Model_StateData.nextDomain	def
Sel4Lean.Spec.M.Model_PSpace.newPSpace	def
Sel4Lean.Spec.IRQControlInvocation.ArchIRQControl	ctor
Sel4Lean.Spec.PageTableInvocation.ptUnmapCap	def
Sel4Lean.Spec.isArchIRQControl	def
Sel4Lean.Spec.DomainInvocation.ctorElimType	def
Sel4Lean.Spec.ASIDPool.val	def
Sel4Lean.Spec.M.Object_ObjectType_RISCV64.mask	def
Sel4Lean.Spec.TCBInvocation.copyRegsSuspendSource	def
Sel4Lean.Spec.snd	def
Sel4Lean.Spec.GenInvocationLabels.InvalidInvocation.elim	def
Sel4Lean.Spec.MachineOps.irq_oracle_max_irq	other
Sel4Lean.Spec.M.Object_TCB.decodeWriteRegisters	def
Sel4Lean.Spec.M.Machine_Hardware_RISCV64.vmRightsFromBits	def
Sel4Lean.Spec.M.Object_Interrupt_RISCV64.decodeIRQControlInvocation	opaque
Sel4Lean.Spec.M.Model_StateData.capHasProperty	opaque
Sel4Lean.Spec.M.Kernel_VSpace_RISCV64.asidHighBits	def
Sel4Lean.Spec.ThreadState.ctorElim	def
Sel4Lean.Spec.M.Machine_Hardware_RISCV64.ptTranslationBits	def
Sel4Lean.Spec.M.Object_Interrupt.RISCV64.maskIrqSignal	def
Sel4Lean.Spec.Capability.set_capZombieNumber	def
Sel4Lean.Spec.KernelObject.KOEndpoint	ctor
Sel4Lean.Spec.M.Kernel_Thread.getRestartPC	def
Sel4Lean.Spec.RISCV64.Register.S2.elim	def
Sel4Lean.Spec.Capability.capReplyCanGrant	def
Sel4Lean.Spec.instDecidableEqArchTCB	def
Sel4Lean.Spec.M.Object_TCB.cteInsert	def
Sel4Lean.Spec.Invocation.InvokeNotification.elim	def
Sel4Lean.Spec.M.Object_Endpoint.getEndpoint	def
Sel4Lean.Spec.M.Machine_Hardware.addrFromPPtr	def
Sel4Lean.Spec.M.Machine_Hardware_RISCV64_HiFive.getDeviceRegions	opaque
Sel4Lean.Spec.M.Machine_Hardware_RISCV64_Spike.configureTimer	opaque
Sel4Lean.Spec.PTE.PagePTE.elim	def
Sel4Lean.Spec.Capability.capFreeIndex	def
Sel4Lean.Spec.M.Object_TCB_RISCV64.sanitiseRegister	def
Sel4Lean.Spec.isInactive	def
Sel4Lean.Spec.CTE.cteCap	def
Sel4Lean.Spec.MDBNode.rec_2	other
Sel4Lean.Spec.M.Object_ObjectType_RISCV64.postCapDeletion	def
Sel4Lean.Spec.instPSpaceStorableCTE	def
Sel4Lean.Spec.M.Object_CNode.withoutPreemption	def
Sel4Lean.Spec.M.Object_TCB.getBoundNotification	opaque
Sel4Lean.Spec.M.Kernel_Init.initTCB	def
Sel4Lean.Spec.M.Machine_Hardware.storeWord	def
Sel4Lean.Spec.M.Object_Structures.dschDomain	def
Sel4Lean.Spec.M.Kernel_VSpace_RISCV64.invocationType	def
Sel4Lean.Spec.M.Object_Notification.setThreadState	opaque
Sel4Lean.Spec.RISCV64.Invocation.InvokePageTable.elim	def
Sel4Lean.Spec.UserContext.UserContext	ctor
Sel4Lean.Spec.zipWithM_	def
Sel4Lean.Spec.M.Kernel_Thread.RISCV64.switchToIdleThread	def
Sel4Lean.Spec.GenInvocationLabels.CNodeMint.elim	def
Sel4Lean.Spec.M.API_Types.allRights	def
Sel4Lean.Spec.isNode	def
Sel4Lean.Spec.RISCV64.Register.S6	ctor
Sel4Lean.Spec.M.Object_Endpoint.isActive	def
Sel4Lean.Spec.NTFN.ActiveNtfn.elim	def
Sel4Lean.Spec.M.Object_Interrupt.withoutPreemption	def
Sel4Lean.Spec.M.Kernel_BootInfo.maxBIUntypedCaps	def
Sel4Lean.Spec.M.Kernel_Init.minNum4kUntypedObj	def
Sel4Lean.Spec.M.Kernel_VSpace_RISCV64.isPageTablePTE	def
Sel4Lean.Spec.instAddASID	def
Sel4Lean.Spec.M.Kernel_VSpace.RISCV64.createFramesOfRegion	def
Sel4Lean.Spec.fromEnumH_InvocationLabel	def
Sel4Lean.Spec.M.Model_StateData.setSchedulerAction	def
Sel4Lean.Spec.takeWhile	def
Sel4Lean.Spec.M.Machine_Hardware_RISCV64.ackInterrupt	def
Sel4Lean.Spec.VMPageSize.RISCVLargePage	ctor
Sel4Lean.Spec.APIObjectType.CapTableObject.elim	def
Sel4Lean.Spec.isInvalidRoot	def
Sel4Lean.Spec.M.Object_ObjectType.invokeCNode	opaque
Sel4Lean.Spec.M.Object_CNode.throw	def
Sel4Lean.Spec.instDecidableEqTcbQueue	def
Sel4Lean.Spec.CopyRegisterSets	type
Sel4Lean.Spec.Capability.capEPBadge	def
Sel4Lean.Spec.IRQState.IRQSignal	ctor
Sel4Lean.Spec.M.API_Syscall.withoutPreemption	def
Sel4Lean.Spec.M.Kernel_VSpace_RISCV64.setObject	def
Sel4Lean.Spec.KernelObjectType.NotificationT.elim	def
Sel4Lean.Spec.instHShiftRightPAddrNat	def
Sel4Lean.Spec.RISCV64.KernelState.riscvKSKernelVSpace	def
Sel4Lean.Spec.M.Kernel_Thread.numDomains	def
Sel4Lean.Spec.instInhabitedCapRights.default	def
Sel4Lean.Spec.M.Machine_Hardware_RISCV64.plic_complete_claim	def
Sel4Lean.Spec.PageInvocation.pageMapEntries	def
Sel4Lean.Spec.isIdleEP	def
Sel4Lean.Spec.M.Kernel_Init.getThreadCSpaceRoot	def
Sel4Lean.Spec.instDecidableEqEvent	def
Sel4Lean.Spec.isIdleThreadState	def
Sel4Lean.Spec.M.Kernel_VSpace_RISCV64.mask	def
Sel4Lean.Spec.KernelInit.coverOf	def
Sel4Lean.Spec.M.Kernel_VSpace_RISCV64.cteInsert	opaque
Sel4Lean.Spec.TCBInvocation.set_tcNewPriority	def
Sel4Lean.Spec.instInhabitedBIFrameData.default	def
Sel4Lean.Spec.instIntegralHInitFailure	def
Sel4Lean.Spec.instDecidableEqCapability	def
Sel4Lean.Spec.CPtr.CPtr	ctor
Sel4Lean.Spec.M.Object_ObjectType_RISCV64.capUntypedSize	def
Sel4Lean.Spec.IRQState.IRQInactive	ctor
Sel4Lean.Spec.KernelConfig.CONFIG_MAX_NUM_TRACE_POINTS	def
Sel4Lean.Spec.M.Kernel_BootInfo.biCapNull	opaque
Sel4Lean.Spec.failM	def
Sel4Lean.Spec.RISCV64.ArchKernelObjectType.ofNat_ctorIdx	other
Sel4Lean.Spec.M.Model_Preemption.getWorkUnits	def
Sel4Lean.Spec.M.Machine_RegisterSet.syscallMessage	def
Sel4Lean.Spec.instBitsHVPtr	def
Sel4Lean.Spec.RISCV64.Register.T1	ctor
Sel4Lean.Spec.M.Object_ObjectType.invokeTCB	opaque
Sel4Lean.Spec.APIObjectType.toIdx	def
Sel4Lean.Spec.ArchTCB.atcbContext	def
Sel4Lean.Spec.PSpace.psMap	def
Sel4Lean.Spec.M.Object_CNode.isMDBParentOf	opaque
Sel4Lean.Spec.instDecidableEqVMAttributes.decEq	def
Sel4Lean.Spec.PageInvocation.PageMap.elim	def
Sel4Lean.Spec.IRQState.ofIdx	def
Sel4Lean.Spec.M.Object_CNode.cteInsert	def
Sel4Lean.Spec.M.Object_Interrupt_RISCV64.performIRQControl	opaque
Sel4Lean.Spec.M.Machine_Hardware_RISCV64.clearMemory	def
Sel4Lean.Spec.GenInvocationLabels.UntypedRetype.elim	def
Sel4Lean.Spec.VMFaultType.ctorElim	def
Sel4Lean.Spec.MessageInfo.msgLength	def
Sel4Lean.Spec.VMFaultType.ofIdx	def
Sel4Lean.Spec.Endpoint.RecvEP	ctor
Sel4Lean.Spec.M.Machine_Hardware.fromPAddr	def
Sel4Lean.Spec.instAndOpVPtr	def
Sel4Lean.Spec.M.Data_BinaryTree.empty	def
Sel4Lean.Spec.OrdH.toLE	def
Sel4Lean.Spec.MachineOps.memory_regions	opaque
Sel4Lean.Spec.isInvalidArgument	def
Sel4Lean.Spec.M.Kernel_Init.biCapITIPCBuf	opaque
Sel4Lean.Spec.M.Kernel_Thread.setFlags	def
Sel4Lean.Spec.CNodeInvocation.Delete.elim	def
Sel4Lean.Spec.M.Object_Endpoint.cancelBadgedSends	def
Sel4Lean.Spec.makeObjectASIDPool	def
Sel4Lean.Spec.M.Kernel_Thread.throw	def
Sel4Lean.Spec.koTypeOf	def
Sel4Lean.Spec.M.Machine_Hardware_RISCV64_Spike.resetTimer	opaque
Sel4Lean.Spec.CTE.brecOn.go	def
Sel4Lean.Spec.BitsH	type
Sel4Lean.Spec.M.Object_Interrupt.setIRQState	def
Sel4Lean.Spec.M.Object_TCB.storeWordUser	def
Sel4Lean.Spec.Region.fromRegion	def
Sel4Lean.Spec.M.Object_TCB.tcbCTableSlot	def
Sel4Lean.Spec.OrdH.decLt	def
Sel4Lean.Spec.M.Machine_Hardware.RISCV64.addrFromPPtr	def
Sel4Lean.Spec.TcbFlag.FpuDisabled	ctor
Sel4Lean.Spec.SyscallError.ctorElim	def
Sel4Lean.Spec.RISCV64.Register.S7	ctor
Sel4Lean.Spec.instInhabitedZombieType.default	def
Sel4Lean.Spec.M.Machine_Hardware_RISCV64_Spike.getActiveIRQ	opaque
Sel4Lean.Spec.M.Kernel_Init.maxFreeIndex	def
Sel4Lean.Spec.TCBInvocation.resumeThread	def
Sel4Lean.Spec.isTruncatedMessage	def
Sel4Lean.Spec.VMFaultType.RISCVStorePageFault	ctor
Sel4Lean.Spec.TCB.tcbSchedNext	def
Sel4Lean.Spec.instInhabitedUntypedInvocation	def
Sel4Lean.Spec.M.Kernel_VSpace_RISCV64.checkVPAlignment	def
Sel4Lean.Spec.Domain	def
Sel4Lean.Spec.PAddr	type
Sel4Lean.Spec.M.Kernel_Thread.doIPCTransfer	def
Sel4Lean.Spec.M.Object_Endpoint.getNotification	def
Sel4Lean.Spec.KernelConfig.config_ARM_HYP	def
Sel4Lean.Spec.M.Kernel_VSpace_RISCV64.checkMappingPPtr	def
Sel4Lean.Spec.Capability.capBlockSize	def
Sel4Lean.Spec.ArchCapability.capFBasePtr	def
Sel4Lean.Spec.M.Kernel_VSpace_RISCV64.placeNewObject	def
Sel4Lean.Spec.M.Object_ObjectType.RISCV64.isIRQControlCapDescendant	def
Sel4Lean.Spec.Capability.capZombieNumber	def
Sel4Lean.Spec.PTE.set_ptePPN	def
Sel4Lean.Spec.M.Object_TCB.getThreadVSpaceRoot	def
Sel4Lean.Spec.instDecidableEqIRQ	def
Sel4Lean.Spec.instAndOpPAddr	def
Sel4Lean.Spec.VMFaultType.RISCVLoadPageFault.elim	def
Sel4Lean.Spec.UserMonad	def
Sel4Lean.Spec.MapH.empty	def
Sel4Lean.Spec.ASIDControlInvocation.makePoolParent	def
Sel4Lean.Spec.Capability.capCNodeGuard	def
Sel4Lean.Spec.M.Object_TCB.setMessageInfo	def
Sel4Lean.Spec.GenInvocationLabels.TCBReadRegisters.elim	def
Sel4Lean.Spec.M.Object_ObjectType.cancelAllIPC	def
Sel4Lean.Spec.Endpoint.ctorElim	def
Sel4Lean.Spec.ZombieType.ZombieTCB	ctor
Sel4Lean.Spec.M.Object_TCB.decodeBindNotification	def
Sel4Lean.Spec.Capability.set_capEPBadge	def
Sel4Lean.Spec.instInhabitedArchCapability	def
Sel4Lean.Spec.Capability.set_capCNodeGuardSize	def
Sel4Lean.Spec.M.Model_StateData.getIdleThread	def
Sel4Lean.Spec.objBits	def
Sel4Lean.Spec.isPageGetAddr	def
Sel4Lean.Spec.TCBInvocation.tcNewCRoot	def
Sel4Lean.Spec.GenInvocationLabels.TCBSetPriority.elim	def
Sel4Lean.Spec.M.Kernel_Thread.rescheduleRequired	def
Sel4Lean.Spec.MapH.findMax	def
Sel4Lean.Spec.M.Kernel_Thread.doNormalTransfer	def
Sel4Lean.Spec.LookupFailure.DepthMismatch	ctor
Sel4Lean.Spec.TCBInvocation.ReadRegisters.elim	def
Sel4Lean.Spec.MachineOps.maskInterrupt	def
Sel4Lean.Spec.VMPageSize.RISCVHugePage.elim	def
Sel4Lean.Spec.Capability.IRQControlCap	ctor
Sel4Lean.Spec.KernelInit.biCapBIFrame	opaque
Sel4Lean.Spec.RISCV64.instInhabitedIRQ.default	def
Sel4Lean.Spec.RISCV64.Register.S8.elim	def
Sel4Lean.Spec.M.Kernel_Thread.decDomainTime	def
Sel4Lean.Spec.MachineOps.plic_complete_claim_impl	opaque
Sel4Lean.Spec.TcbFlag.ofNat_ctorIdx	other
Sel4Lean.Spec.instBoundedHArchInvocationLabel	def
Sel4Lean.Spec.KernelObject.KOCTE.elim	def
Sel4Lean.Spec.isSetFlags	def
Sel4Lean.Spec.M.Kernel_VSpace_RISCV64.decodeRISCVPageTableInvocation	def
Sel4Lean.Spec.KernelConfig.irqBits	def
Sel4Lean.Spec.shiftRH	def
Sel4Lean.Spec.TcbFlag.ofNat	def
Sel4Lean.Spec.M.Object_ObjectType_RISCV64.placeNewObject	def
Sel4Lean.Spec.Capability.brecOn.eq	other
Sel4Lean.Spec.M.API_Syscall.getNotification	def
Sel4Lean.Spec.instBoundedHObjectType	def
Sel4Lean.Spec.TCBInvocation.CopyRegisters.elim	def
Sel4Lean.Spec.KernelInit.newKSDomSchedule	opaque
Sel4Lean.Spec.M.Kernel_Thread.wordLog2	def
Sel4Lean.Spec.M.Object_Untyped.ensureNoChildren	opaque
Sel4Lean.Spec.M.Object_ObjectType.RISCV64.sameObjectAs	def
Sel4Lean.Spec.M.Kernel_Init.foldME	def
Sel4Lean.Spec.M.Object_TCB.minPriority	def
Sel4Lean.Spec.instInhabitedRegion	def
Sel4Lean.Spec.Syscall	type
Sel4Lean.Spec.instDecidableEqMDBNode	def
Sel4Lean.Spec.CNodeInvocation.set_moveCap1	def
Sel4Lean.Spec.isPageUnmap	def
Sel4Lean.Spec.ArchKernelObject.KOASIDPool.elim	def
Sel4Lean.Spec.M.Object_CNode.preemptionPoint	def
Sel4Lean.Spec.M.Object_Interrupt_RISCV64.handleSpuriousIRQ	def
Sel4Lean.Spec.M.Object_Interrupt.locateSlotCap	opaque
Sel4Lean.Spec.M.Kernel_VSpace.initL2Cache	def
Sel4Lean.Spec.M.Kernel_Thread.nextDomain	def
Sel4Lean.Spec.M.Object_TCB.getExtraCPtrs	opaque
Sel4Lean.Spec.Priority	def
Sel4Lean.Spec.instBoundedHVMPageSize	def
Sel4Lean.Spec.RISCV64.Register.S0	ctor
Sel4Lean.Spec.MachineState.machine_state_rest	def
Sel4Lean.Spec.M.Object_Interrupt.ptrFromPAddr	def
Sel4Lean.Spec.M.SEL4.callKernel	def
Sel4Lean.Spec.M.API_Faults.sanitiseRegister	def
Sel4Lean.Spec.KernelObjectType.KernelDataT.elim	def
Sel4Lean.Spec.M.Kernel_VSpace_RISCV64.decodeRISCVPageTableInvocationMap	def
Sel4Lean.Spec.M.Object_Domain.setDomain	opaque
Sel4Lean.Spec.M.Kernel_Init.writeITASIDPool	def
Sel4Lean.Spec.CNodeInvocation.set_moveCap2	def
Sel4Lean.Spec.M.Kernel_BootInfo.biCapDynStart	opaque
Sel4Lean.Spec.M.API_Faults.syscallMessage	def
Sel4Lean.Spec.MachineOps.setNextPC	def
Sel4Lean.Spec.MDBNode.brecOn_6	def
Sel4Lean.Spec.MessageInfo.MI	ctor
Sel4Lean.Spec.APIObjectType	type
Sel4Lean.Spec.M.Object_TCB.getRegister	def
Sel4Lean.Spec.M.Kernel_VSpace_RISCV64.threadGet	opaque
Sel4Lean.Spec.M.Machine_Hardware_RISCV64.Platform.fromPAddr	def
Sel4Lean.Spec.M.Kernel_Hypervisor.RISCV64.handleHypervisorFault	def
Sel4Lean.Spec.KernelF	def
Sel4Lean.Spec.M.Kernel_VSpace_RISCV64.ptrFromPAddr	def
Sel4Lean.Spec.RISCV64.instInhabitedArchKernelObjectType.default	def
Sel4Lean.Spec.KernelInit.doKernelOp	def
Sel4Lean.Spec.M.Object_ObjectType_RISCV64.performRISCVMMUInvocation	def
Sel4Lean.Spec.deleteRange	def
Sel4Lean.Spec.M.Kernel_Thread.activateThread	def
Sel4Lean.Spec.LookupFailure.set_guardMismatchGuardFound	def
Sel4Lean.Spec.M.Kernel_Thread_RISCV64.switchToThread	def
Sel4Lean.Spec.instDecidableLtASID	def
Sel4Lean.Spec.M.SEL4.activateThread	def
Sel4Lean.Spec.DomainInvocation.set_domDomain	def
Sel4Lean.Spec.M.Object_Endpoint.cancelSignal	def
Sel4Lean.Spec.instDecidableEqThreadState	def
Sel4Lean.Spec.M.Object_Untyped.cNodeOverlap	opaque
Sel4Lean.Spec.PageTableInvocation.set_ptMapPTSlot	def
Sel4Lean.Spec.GenInvocationLabels.TCBCopyRegisters.elim	def
Sel4Lean.Spec.Capability.capReplyMaster	def
Sel4Lean.Spec.M.Kernel_Thread.isReply	def
Sel4Lean.Spec.M.Object_TCB.getThreadCSpaceRoot	def
Sel4Lean.Spec.KernelConfig.config_ARM_PA_SIZE_BITS_44	def
Sel4Lean.Spec.TCBInvocation.set_setTLSBaseTCB	def
Sel4Lean.Spec.Fault.set_unknownSyscallNumber	def
Sel4Lean.Spec.GenInvocationLabels.IRQSetIRQHandler	ctor
Sel4Lean.Spec.M.Machine_Hardware_RISCV64.read_stval	def
Sel4Lean.Spec.instDecidableEqRegister	def
Sel4Lean.Spec.instInhabitedSyscallError.default	def
Sel4Lean.Spec.TCBInvocation.tcThreadCapSlot	def
Sel4Lean.Spec.M.Object_TCB.invokeSetFlags	def
Sel4Lean.Spec.CNodeInvocation.Move	ctor
Sel4Lean.Spec.Capability.capCNodePtr	def
Sel4Lean.Spec.TCBInvocation.WriteRegisters.elim	def
Sel4Lean.Spec.M.Kernel_Thread.timeSlice	def
Sel4Lean.Spec.M.Object_Interrupt.performIRQControl	def
Sel4Lean.Spec.M.API_Types_RISCV64.isFrameType	def
Sel4Lean.Spec.M.Kernel_VSpace_RISCV64.pteBits	def
Sel4Lean.Spec.M.Object_TCB.genInvocationType	def
Sel4Lean.Spec.BitsH.testBitB	def
Sel4Lean.Spec.const	def
Sel4Lean.Spec.ArchCapability.ctorElimType	def
Sel4Lean.Spec.Invocation.InvokeIRQControl.elim	def
Sel4Lean.Spec.TCBInvocation.ReadRegisters	ctor
Sel4Lean.Spec.M.Object_Untyped.rangeCheck	def
Sel4Lean.Spec.sizeCheck	def
Sel4Lean.Spec.liftM	def
Sel4Lean.Spec.M.Kernel_Init.makeRootCNode	def
Sel4Lean.Spec.UserData.ofNat	def
Sel4Lean.Spec.Ticks	def
Sel4Lean.Spec.M.Object_TCB.setThreadState	opaque
Sel4Lean.Spec.M.Config.numPriorities	def
Sel4Lean.Spec.M.Kernel_Thread.getObject	def
Sel4Lean.Spec.CopyRegisterSets.toIdx	def
Sel4Lean.Spec.instDecidableEqInvocationLabel.decEq	def
Sel4Lean.Spec.KernelConfig.CONFIG_CLZ_64	def
Sel4Lean.Spec.Endpoint	type
Sel4Lean.Spec.instHShiftLeftCPtrNat	def
Sel4Lean.Spec.GenInvocationLabels.TCBSetFlags	ctor
Sel4Lean.Spec.M.Machine_RegisterSet.gpRegisters	def
Sel4Lean.Spec.instDecidableEqEvent.decEq	def
Sel4Lean.Spec.BinaryTree.Leaf	ctor
Sel4Lean.Spec.TCBInvocation.set_tcThreadCapSlot	def
Sel4Lean.Spec.SchedulerAction.ctorElimType	def
Sel4Lean.Spec.RISCV64.instDecidableEqIRQ	def
Sel4Lean.Spec.M.Kernel_VSpace_RISCV64.createDeviceFrames	def
Sel4Lean.Spec.MachineOps.initTimer	def
Sel4Lean.Spec.M.Machine_Hardware_RISCV64_HiFive.pageColourBits	opaque
Sel4Lean.Spec.KernelConfig.CONFIG_CTZ_NO_BUILTIN	def
Sel4Lean.Spec.M.Model_PSpace.freeMemory	def
Sel4Lean.Spec.instBoundedHIRQ	def
Sel4Lean.Spec.M.Kernel_Thread.setMCPriority	def
Sel4Lean.Spec.M.Object_Interrupt.cteInsert	opaque
Sel4Lean.Spec.instInhabitedFault	def
Sel4Lean.Spec.instAndOpCPtr	def
Sel4Lean.Spec.APIObjectType.EndpointObject.elim	def
Sel4Lean.Spec.instInhabitedIRQControlInvocation.default	def
Sel4Lean.Spec.SetH.difference	def
Sel4Lean.Spec.instInhabitedASIDControlInvocation	def
Sel4Lean.Spec.isMissingCapability	def
Sel4Lean.Spec.M.Kernel_VSpace_RISCV64.maxFreeIndex	def
Sel4Lean.Spec.instInhabitedPageInvocation	def
Sel4Lean.Spec.isNullCap	def
Sel4Lean.Spec.instDecidableEqArchFault.decEq	def
Sel4Lean.Spec.TcbQueue.tcbQueueEnd	def
Sel4Lean.Spec.isASIDControlCap	def
Sel4Lean.Spec.M.Kernel_Thread.getDomainTime	def
Sel4Lean.Spec.M.Model_Failures.emptyOnFailure	def
Sel4Lean.Spec.isFailedLookup	def
Sel4Lean.Spec.KernelConfig.CONFIG_ARM_HIKEY_PREFETCHER_NPFSTRM	def
Sel4Lean.Spec.M.Kernel_Init.vptrFromPPtr	def
Sel4Lean.Spec.null	def
Sel4Lean.Spec.isIRQControlCap	def
Sel4Lean.Spec.Syscall.SysSend	ctor
Sel4Lean.Spec.M.Kernel_CSpace.lookupErrorOnFailure	def
Sel4Lean.Spec.M.Kernel_Init.getAPRegion	def
Sel4Lean.Spec.M.Kernel_Init.provideUntypedCap	opaque
Sel4Lean.Spec.maxBound	def
Sel4Lean.Spec.CNodeInvocation.CancelBadgedSends.elim	def
Sel4Lean.Spec.M.Object_Interrupt_RISCV64.isIRQActive	opaque
Sel4Lean.Spec.LookupFailure.ctorElimType	def
Sel4Lean.Spec.instDecidableEqPAddr.decEq	def
Sel4Lean.Spec.IntegralH.mk	ctor
Sel4Lean.Spec.KernelConfig.retypeFanOutLimit	def
Sel4Lean.Spec.Capability.IRQControlCap.elim	def
Sel4Lean.Spec.M.Kernel_Thread.mask	def
Sel4Lean.Spec.RISCV64.Register.S6.elim	def
Sel4Lean.Spec.fromEnum	def
Sel4Lean.Spec.M.Object_Interrupt_RISCV64.lookupTargetSlot	opaque
Sel4Lean.Spec.M.Object_Structures.isReceive	def
Sel4Lean.Spec.GenInvocationLabels	type
Sel4Lean.Spec.KernelConfig.numDomains	def
Sel4Lean.Spec.M.Object_TCB.suspend	opaque
Sel4Lean.Spec.M.Machine_Hardware_RISCV64.pageBits	def
Sel4Lean.Spec.instEnumHBitVec	def
Sel4Lean.Spec.RISCV64.Register	type
Sel4Lean.Spec.M.Machine_Hardware_RISCV64.ptrFromPAddr	def
Sel4Lean.Spec.TCBInvocation.SetFlags.elim	def
Sel4Lean.Spec.DomainInvocation.InvokeDomainSet	ctor
Sel4Lean.Spec.SchedulerAction.ChooseNewThread	ctor
Sel4Lean.Spec.Notification.ntfnBoundTCB	def
Sel4Lean.Spec.instSubOfIntegralH	def
Sel4Lean.Spec.M.Config.numDomains	def
Sel4Lean.Spec.M.Object_CNode.cteRevoke	opaque
Sel4Lean.Spec.ArchCapability.set_capASIDPool	def
Sel4Lean.Spec.M.Model_Failures.catchFailure	def
Sel4Lean.Spec.Fault.ArchFault.elim	def
Sel4Lean.Spec.Syscall.SysYield.elim	def
Sel4Lean.Spec.M.Kernel_VSpace_RISCV64.lookupErrorOnFailure	def
Sel4Lean.Spec.instIntegralHCopyRegisterSets	def
Sel4Lean.Spec.M.Object_Endpoint.completeSignal	def
Sel4Lean.Spec.isUntypedCap	def
Sel4Lean.Spec.M.API_Types.RISCV64.fromAPIType	def
Sel4Lean.Spec.M.Object_Structures.objBitsKO	def
Sel4Lean.Spec.SetH.union	def
Sel4Lean.Spec.SyscallError.RangeError.elim	def
Sel4Lean.Spec.M.API_Faults.makeFaultMessage	def
Sel4Lean.Spec.M.Machine_Hardware.RISCV64.debugPrint	def
Sel4Lean.Spec.instSubASID	def
Sel4Lean.Spec.M.API_Syscall.getSlotCap	def
Sel4Lean.Spec.M.Model_PSpace.lookupAround2	def
Sel4Lean.Spec.M.Object_ObjectType.RISCV64.performInvocation	def
Sel4Lean.Spec.M.Object_Untyped.createNewObjects	opaque
Sel4Lean.Spec.KernelConfig.CONFIG_ROOT_CNODE_SIZE_BITS	def
Sel4Lean.Spec.MDBNode.brecOn_3.go	def
Sel4Lean.Spec.M.Object_Interrupt.deletingIRQHandler	def
Sel4Lean.Spec.M.Object_TCB.RISCV64.decodeTransfer	def
Sel4Lean.Spec.ArchInvocationLabel.ofNat_ctorIdx	other
Sel4Lean.Spec.Invocation.ctorElim	def
Sel4Lean.Spec.M.Object_Interrupt_RISCV64.initInterruptController	def
Sel4Lean.Spec.Fault.capFaultAddress	def
Sel4Lean.Spec.Syscall.SysSend.elim	def
Sel4Lean.Spec.KernelInit.biCapITCNode	opaque
Sel4Lean.Spec.Invocation.InvokeIRQControl	ctor
Sel4Lean.Spec.GenInvocationLabels.CNodeRotate.elim	def
Sel4Lean.Spec.Fault.CapFault	ctor
Sel4Lean.Spec.M.Kernel_Thread.tcbQueueInsert	def
Sel4Lean.Spec.ThreadState.Restart.elim	def
Sel4Lean.Spec.ArchCapability.set_capFIsDevice	def
Sel4Lean.Spec.M.Object_ObjectType_RISCV64.isPhysicalCap	def
Sel4Lean.Spec.M.Object_ObjectType_RISCV64.ptBits	def
Sel4Lean.Spec.M.Object_CNode.msgMaxLength	def
Sel4Lean.Spec.Invocation.InvokeReply	ctor
Sel4Lean.Spec.MDBNode.rec_6	other
Sel4Lean.Spec.M.Object_Interrupt_RISCV64.RISCV64.plic_complete_claim	def
Sel4Lean.Spec.instLEVPtr	def
Sel4Lean.Spec.GenInvocationLabels.TCBBindNotification.elim	def
Sel4Lean.Spec.VMPageSize.RISCVSmallPage	ctor
Sel4Lean.Spec.ArchCapability.ctorElim	def
Sel4Lean.Spec.M.Kernel_Init.initKernel	def
Sel4Lean.Spec.notElem	def
Sel4Lean.Spec.M.Object_Untyped.updateFreeIndex	opaque
Sel4Lean.Spec.isArchObjectCap	def
Sel4Lean.Spec.Capability.set_capPtr	def
Sel4Lean.Spec.M.Kernel_Thread.tcbQueuePrepend	def
Sel4Lean.Spec.M.Machine_Hardware_RISCV64.sfence	def
Sel4Lean.Spec.instIntegralHBitVec	def
Sel4Lean.Spec.isNothing	def
Sel4Lean.Spec.ZombieType.ZombieCNode.elim	def
Sel4Lean.Spec.M.Kernel_BootInfo.doKernelOp	opaque
Sel4Lean.Spec.M.Kernel_VSpace_RISCV64.lookupTargetSlot	opaque
Sel4Lean.Spec.TcbFlag.toIdx	def
Sel4Lean.Spec.RISCV64.Register.TP.elim	def
Sel4Lean.Spec.M.Kernel_Thread.removeFromBitmap	def
Sel4Lean.Spec.M.Machine_RegisterSet.RISCV64.msgInfoRegister	def
Sel4Lean.Spec.GenInvocationLabels.TCBSetMCPriority	ctor
Sel4Lean.Spec.Notification	type
Sel4Lean.Spec.ASIDControlInvocation.makePoolFrame	def
Sel4Lean.Spec.instDecidableEqUntypedInvocation	def
Sel4Lean.Spec.MapH.delete	def
Sel4Lean.Spec.mod	def
Sel4Lean.Spec.PTE.InvalidPTE	ctor
Sel4Lean.Spec.instHShiftLeftVPtrNat	def
Sel4Lean.Spec.DesignOnly.fromPPtr	def
Sel4Lean.Spec.DesignOnly.HaskellInitData.initFreeMemory	def
Sel4Lean.Spec.undefinedH	opaque
Sel4Lean.Spec.ArchCapability.set_capPTMappedAddress	def
Sel4Lean.Spec.APIObjectType.ofIdx	def
Sel4Lean.Spec.M.API_Types.priorityBits	def
Sel4Lean.Spec.M.Machine_RegisterSet.RISCV64.faultRegister	def
Sel4Lean.Spec.M.Object_TCB.sameObjectAs	def
Sel4Lean.Spec.M.Kernel_Thread.l1IndexToPrio	def
Sel4Lean.Spec.TCBInvocation.copyRegsTarget	def
Sel4Lean.Spec.KernelInit.nopBIFrameData	opaque
Sel4Lean.Spec.Kernel	def
Sel4Lean.Spec.TCB.tcbFlags	def
Sel4Lean.Spec.M.Machine_Hardware_RISCV64.setNextPC	def
Sel4Lean.Spec.ArchFault.VMFault	ctor
Sel4Lean.Spec.M.Machine_RegisterSet.newContext	def
Sel4Lean.Spec.ThreadState.BlockedOnNotification	ctor
Sel4Lean.Spec.instBoundedHGenInvocationLabels	def
Sel4Lean.Spec.M.Object_Structures_RISCV64.pteBits	def
Sel4Lean.Spec.M.Object_Interrupt.isIRQActive	def
Sel4Lean.Spec.APIObjectType.Untyped.elim	def
Sel4Lean.Spec.M.Object_Structures.cteSizeBits	def
Sel4Lean.Spec.SyscallError.set_memoryLeft	def
Sel4Lean.Spec.M.Object_Endpoint.getThreadState	opaque
Sel4Lean.Spec.M.Kernel_Thread.tcbQueueRemove	def
Sel4Lean.Spec.M.Object_ObjectType_RISCV64.decodeRISCVMMUInvocation	def
Sel4Lean.Spec.TCBInvocation.copyRegsTransferArch	def
Sel4Lean.Spec.TcbFlag.ofIdx	def
Sel4Lean.Spec.KernelInit.biCapNull	opaque
Sel4Lean.Spec.RISCV64.Register.A0	ctor
Sel4Lean.Spec.M.Object_Interrupt.throw	def
Sel4Lean.Spec.MachineOps.sfence	def
Sel4Lean.Spec.Capability.capEPCanGrant	def
Sel4Lean.Spec.Fault.userExceptionNumber	def
Sel4Lean.Spec.BinaryTree.Node.elim	def
Sel4Lean.Spec.M.API_Syscall.doReplyTransfer	def
Sel4Lean.Spec.VMPageSize.ofIdx	def
Sel4Lean.Spec.BIFrameData.bifNodeID	def
Sel4Lean.Spec.M.Kernel_VSpace.RISCV64.lookupIPCBuffer	def
Sel4Lean.Spec.CapTransfer	type
Sel4Lean.Spec.magnitudeCheck	def
Sel4Lean.Spec.M.Object_Structures.isDomainCap	def
Sel4Lean.Spec.instInhabitedNotification	def
Sel4Lean.Spec.VMPageSize.toIdx	def
Sel4Lean.Spec.MDBNode.brecOn_7.go	def
Sel4Lean.Spec.instIntegralHVPtr	def
Sel4Lean.Spec.isAckIRQ	def
Sel4Lean.Spec.MDBNode.brecOn_7	def
Sel4Lean.Spec.RISCVVSpaceRegionUse.ofIdx	def
Sel4Lean.Spec.M.API_Types_RISCV64.tcbBlockSizeBits	def
Sel4Lean.Spec.IRQHandlerInvocation.setIRQHandlerSlot	def
Sel4Lean.Spec.UserData	type
Sel4Lean.Spec.InterruptState.intStateIRQTable	def
Sel4Lean.Spec.M.Kernel_Thread.badgeRegister	def
Sel4Lean.Spec.KernelConfig.config_ARCH_RISCV32	def
Sel4Lean.Spec.error	opaque
Sel4Lean.Spec.KernelObjectType.ArchT.elim	def
Sel4Lean.Spec.M.Object_Interrupt_RISCV64.checkIRQ	def
Sel4Lean.Spec.DomainInvocation.InvokeDomainScheduleConfigure.elim	def
Sel4Lean.Spec.instInhabitedEndpoint.default_1	def
Sel4Lean.Spec.instInhabitedCopyRegisterSets.default	def
Sel4Lean.Spec.instLEPAddr	def
Sel4Lean.Spec.IRQControlInvocation.set_archIRQControl	def
Sel4Lean.Spec.Syscall.ofNat	def
Sel4Lean.Spec.M.Machine_Hardware.RISCV64.getMemoryRegions	def
Sel4Lean.Spec.RISCV64.Register.S11	ctor
Sel4Lean.Spec.TCBInvocation.SetTLSBase	ctor
Sel4Lean.Spec.M.Object_TCB.capFaultOnFailure	def
Sel4Lean.Spec.Event.SyscallEvent.elim	def
Sel4Lean.Spec.ThreadState	type
Sel4Lean.Spec.TCBInvocation.readRegsArch	def
Sel4Lean.Spec.M.Kernel_Thread.doFaultTransfer	def
Sel4Lean.Spec.M.Object_CNode.deriveCap	def
Sel4Lean.Spec.M.API_Syscall.handleSend	def
Sel4Lean.Spec.M.Object_ObjectType.decodeCNodeInvocation	opaque
Sel4Lean.Spec.RISCV64.KernelState	type
Sel4Lean.Spec.instDecidableLeIRQ	def
Sel4Lean.Spec.M.Machine_Hardware_RISCV64.configureTimer	def
Sel4Lean.Spec.GenInvocationLabels.TCBSetSchedParams	ctor
Sel4Lean.Spec.M.Machine_Hardware_RISCV64.getKernelDevices	opaque
Sel4Lean.Spec.GenInvocationLabels.TCBUnbindNotification.elim	def
Sel4Lean.Spec.M.Machine_Hardware_RISCV64_HiFive.getMemoryRegions	opaque
Sel4Lean.Spec.M.Object_Endpoint.isReplyCap	def
Sel4Lean.Spec.SyscallError.failedLookupDescription	def
Sel4Lean.Spec.instDecidableEqRegister.decEq	def
Sel4Lean.Spec.instDecidableEqVPtr.decEq	def
Sel4Lean.Spec.M.Kernel_Thread.tcbSchedDequeue	def
Sel4Lean.Spec.M.Kernel_VSpace_RISCV64.copyGlobalMappings	def
Sel4Lean.Spec.KernelInit.noInitFailure	def
Sel4Lean.Spec.Intermediate.createObjects'	def
Sel4Lean.Spec.M.Machine_Hardware_RISCV64.mask	def
Sel4Lean.Spec.M.Object_ObjectType.RISCV64.prepareThreadDelete	def
Sel4Lean.Spec.GenInvocationLabels.TCBConfigure.elim	def
Sel4Lean.Spec.TCBInvocation.set_resumeThread	def
Sel4Lean.Spec.GenInvocationLabels.TCBSetFlags.elim	def
Sel4Lean.Spec.M.Machine_Hardware_RISCV64.setRegister	def
Sel4Lean.Spec.instPreStorableCTE	def
Sel4Lean.Spec.M.Object_CNode.allRights	def
Sel4Lean.Spec.M.Object_Interrupt.getInterruptState	def
Sel4Lean.Spec.M.Kernel_Init.insertInitCap	def
Sel4Lean.Spec.ArchCapability.capASIDBase	def
Sel4Lean.Spec.ThreadState.Running	ctor
Sel4Lean.Spec.M.API_Syscall.tcbSchedDequeue	def
Sel4Lean.Spec.PageTableInvocation.PageTableMap	ctor
Sel4Lean.Spec.M.Machine_Hardware.RISCV64.paddrBase	def
Sel4Lean.Spec.M.Object_Interrupt.debugPrint	def
Sel4Lean.Spec.M.Object_Interrupt.placeNewObject	def
Sel4Lean.Spec.isSendEP	def
Sel4Lean.Spec.M.Object_TCB.isReplyCap	def
Sel4Lean.Spec.M.Object_ObjectType.RISCV64.isPhysicalCap	def
Sel4Lean.Spec.M.Object_Structures.isNotificationCap	def
Sel4Lean.Spec.M.Object_TCB.sanitiseRegister	def
Sel4Lean.Spec.instDecidableLtCPtr	def
Sel4Lean.Spec.Platform.canonical_bit	def
Sel4Lean.Spec.M.Machine_Hardware.RISCV64.getRestartPC	def
Sel4Lean.Spec.M.Machine_Hardware_RISCV64.resetTimer	def
Sel4Lean.Spec.M.Kernel_Thread.setMessageInfo	opaque
Sel4Lean.Spec.MachineOps.sfence_impl	opaque
Sel4Lean.Spec.M.API_Types.fromAPIType	def
Sel4Lean.Spec.KernelConfig.CONFIG_VERIFICATION_BUILD	def
Sel4Lean.Spec.instDecidableEqArchKernelObject	def
Sel4Lean.Spec.M.Kernel_VSpace_RISCV64.storePTE	def
Sel4Lean.Spec.NTFN.set_ntfnMsgIdentifier	def
Sel4Lean.Spec.M.Object_Interrupt.setInterruptState	def
Sel4Lean.Spec.Invocation.InvokeDomain.elim	def
Sel4Lean.Spec.GenInvocationLabels.CNodeCopy.elim	def
Sel4Lean.Spec.KernelP	def
Sel4Lean.Spec.CPtr.fromCPtr	def
Sel4Lean.Spec.M.Kernel_VSpace_RISCV64.deleteObjects	def
Sel4Lean.Spec.M.Object_Endpoint.setEndpoint	def
Sel4Lean.Spec.M.Object_Interrupt_RISCV64.RISCV64.setIRQTrigger	def
Sel4Lean.Spec.M.Kernel_Thread_RISCV64.configureIdleThread	def
Sel4Lean.Spec.M.API_Types_Universal.epSizeBits	def
Sel4Lean.Spec.M.Object_ObjectType_RISCV64.ptTranslationBits	def
Sel4Lean.Spec.M.SEL4.schedule	def
Sel4Lean.Spec.TCBInvocation.readRegsThread	def
Sel4Lean.Spec.M.Object_Interrupt.getActiveIRQ	def
Sel4Lean.Spec.M.Object_Interrupt_RISCV64.invocationType	def
Sel4Lean.Spec.Capability.NotificationCap	ctor
Sel4Lean.Spec.M.Object_TCB.getMessageInfo	def
Sel4Lean.Spec.M.Kernel_VSpace_RISCV64.ptBitsLeft	def
Sel4Lean.Spec.M.Object_ObjectType.throw	def
Sel4Lean.Spec.IRQState.IRQReserved.elim	def
Sel4Lean.Spec.instInhabitedLookupFailure	def
Sel4Lean.Spec.M.Kernel_BootInfo.serialBIDeviceRegion	def
Sel4Lean.Spec.M.Machine_Hardware_RISCV64_HiFive.ackInterrupt	opaque
Sel4Lean.Spec.M.Object_TCB.invokeTCB	def
Sel4Lean.Spec.M.Object_CNode.postCapDeletion	def
Sel4Lean.Spec.M.SEL4.kernelExitAssertions	opaque
Sel4Lean.Spec.BIFrameData.bifUIFrameCaps	def
Sel4Lean.Spec.M.Kernel_VSpace_RISCV64.deleteASID	def
Sel4Lean.Spec.instInhabitedRISCVVSpaceRegionUse	def
Sel4Lean.Spec.M.Machine_Hardware.pageBits	def
Sel4Lean.Spec.M.Object_Endpoint.asUser	opaque
Sel4Lean.Spec.ThreadState.BlockedOnSend	ctor
Sel4Lean.Spec.BoundedH.minB	def
Sel4Lean.Spec.LookupFailure.DepthMismatch.elim	def
Sel4Lean.Spec.M.Object_Endpoint.getObject	def
Sel4Lean.Spec.CNodeInvocation.Rotate.elim	def
Sel4Lean.Spec.M.Object_Notification.setNotification	def
Sel4Lean.Spec.BIFrameData.bifUntypedObjSizeBits	def
Sel4Lean.Spec.M.Object_ObjectType_RISCV64.capUntypedPtr	def
Sel4Lean.Spec.instIntegralHRegister_1	def
Sel4Lean.Spec.ArchCapability.ASIDPoolCap.elim	def
Sel4Lean.Spec.MachineOps.getActiveIRQ	def
Sel4Lean.Spec.M.Kernel_Init.writeITPDPTs	def
Sel4Lean.Spec.M.Object_TCB.tcbFlagMask	def
Sel4Lean.Spec.isRevoke	def
Sel4Lean.Spec.isIdleNtfn	def
Sel4Lean.Spec.VMPageSize.ctorElimType	def
Sel4Lean.Spec.CTE.brecOn.eq	other
Sel4Lean.Spec.Invocation.InvokeNotification	ctor
Sel4Lean.Spec.OrdH.decLe	def
Sel4Lean.Spec.M.Object_Interrupt.insertInitCap	opaque
Sel4Lean.Spec.KernelConfig.config_PLAT_OMAP3	def
Sel4Lean.Spec.M.Model_Failures.ignoreFailure	def
Sel4Lean.Spec.MonadFailH	type
Sel4Lean.Spec.M.Machine_RegisterSet.RISCV64.badgeRegister	def
Sel4Lean.Spec.instDecidableEqCNodeInvocation	def
Sel4Lean.Spec.M.Object_Interrupt.lookupTargetSlot	opaque
Sel4Lean.Spec.M.Object_Interrupt.cteDeleteOne	opaque
Sel4Lean.Spec.M.Model_StateData_RISCV64.riscvKSGlobalPT	def
Sel4Lean.Spec.MachineOps.setInterruptMode	def
Sel4Lean.Spec.M.Object_Structures.numPriorities	def
Sel4Lean.Spec.IRQ	type
Sel4Lean.Spec.MDBNode.brecOn_6.go	def
Sel4Lean.Spec.TCBInvocation.set_tcNewVRoot	def
Sel4Lean.Spec.RISCV64.Register.S9.elim	def
Sel4Lean.Spec.M.Kernel_Thread.setQueue	def
Sel4Lean.Spec.Syscall.ofIdx	def
Sel4Lean.Spec.M.Kernel_Thread.getMessageInfo	def
Sel4Lean.Spec.instOfNatCPtr	def
Sel4Lean.Spec.M.Kernel_Init.provideCap	opaque
Sel4Lean.Spec.GenInvocationLabels.TCBSuspend	ctor
Sel4Lean.Spec.ArchKernelObject.KOPTE.elim	def
Sel4Lean.Spec.PreStorable.injectKO	def
Sel4Lean.Spec.instDecidableEqMessageInfo.decEq	def
Sel4Lean.Spec.M.Kernel_VSpace_RISCV64.getCurThread	def
Sel4Lean.Spec.BIDeviceRegion	type
Sel4Lean.Spec.SetH.member	def
Sel4Lean.Spec.instInhabitedBinaryTree	def
Sel4Lean.Spec.TCB.tcbIPCBuffer	def
Sel4Lean.Spec.RISCV64.Invocation.InvokeASIDPool	ctor
Sel4Lean.Spec.isChooseNewThread	def
Sel4Lean.Spec.M.Machine_RegisterSet.tlsBaseRegister	def
Sel4Lean.Spec.M.Object_CNode.clearUntypedFreeIndex	def
Sel4Lean.Spec.M.Kernel_Thread_RISCV64.setVMRoot	def
Sel4Lean.Spec.M.Object_ObjectType.RISCV64.cteGuardBits	def
Sel4Lean.Spec.M.Object_ObjectType_RISCV64.placeNewDataObject	def
Sel4Lean.Spec.instInhabitedMachineStateRest	def
Sel4Lean.Spec.M.Machine_Hardware.addrFromKPPtr	def
Sel4Lean.Spec.RISCV64.ArchKernelObjectType.PTET.elim	def
Sel4Lean.Spec.GenInvocationLabels.IRQAckIRQ	ctor
Sel4Lean.Spec.mapM	def
Sel4Lean.Spec.alignError	def
Sel4Lean.Spec.instInhabitedUserDataDevice	def
Sel4Lean.Spec.instInhabitedBIFrameData	def
Sel4Lean.Spec.M.Object_CNode.updateCapData	def
Sel4Lean.Spec.fromJust	def
Sel4Lean.Spec.M.Object_TCB.tcbCallerSlot	def
Sel4Lean.Spec.M.Kernel_VSpace_RISCV64.ensureNoChildren	opaque
Sel4Lean.Spec.M.Kernel_Thread.tcbSchedAppend	def
Sel4Lean.Spec.M.Machine_Hardware_RISCV64.addrFromKPPtr	def
Sel4Lean.Spec.M.Machine_Hardware_RISCV64.allowWrite	def
Sel4Lean.Spec.M.Machine_Hardware_RISCV64_Spike.maskInterrupt	opaque
Sel4Lean.Spec.M.Machine_RegisterSet.RISCV64.newContext	def
Sel4Lean.Spec.M.API_Types.messageInfoFromWord	def
Sel4Lean.Spec.M.Kernel_Init.rangesBy	def
Sel4Lean.Spec.M.Machine_Hardware_RISCV64.debugPrint	def
Sel4Lean.Spec.M.Model_PSpace.storeWord	def
Sel4Lean.Spec.RISCV64.Invocation.InvokePageTable	ctor
Sel4Lean.Spec.M.Object_ObjectType.RISCV64.createObject	opaque
Sel4Lean.Spec.M.Kernel_VSpace_RISCV64.ptSlotIndex	def
Sel4Lean.Spec.M.Kernel_Thread.switchToThread	def
Sel4Lean.Spec.DesignOnly.HaskellInitData.initSlotPosCur	def
Sel4Lean.Spec.MachineOps.resetTimer_impl	opaque
Sel4Lean.Spec.RISCV64.Register.T2.elim	def
Sel4Lean.Spec.TCB.tcbReply	def
Sel4Lean.Spec.ArchInvocationLabel.toIdx	def
Sel4Lean.Spec.M.Object_TCB.rescheduleRequired	opaque
Sel4Lean.Spec.M.Object_Interrupt.maskInterrupt	def
Sel4Lean.Spec.KernelInit	def
Sel4Lean.Spec.M.Object_Structures.getFreeRef	def
Sel4Lean.Spec.instEnumHASID	def
Sel4Lean.Spec.M.Kernel_Init.createBIFrame	def
Sel4Lean.Spec.RISCV64.Register.A4	ctor
Sel4Lean.Spec.M.Config.rootCNodeSize	def
Sel4Lean.Spec.M.Kernel_VSpace.handleVMFault	def
Sel4Lean.Spec.M.Object_Notification.getBoundNotification	opaque
Sel4Lean.Spec.KernelState.ksDomSchedule	def
Sel4Lean.Spec.KernelObject	type
Sel4Lean.Spec.M.Object_Structures_RISCV64.atcbContextSet	def
Sel4Lean.Spec.M.Object_CNode.isUntypedCap	def
Sel4Lean.Spec.Capability.ArchObjectCap.elim	def
Sel4Lean.Spec.KernelConfig.CONFIG_NO_BENCHMARKS	def
Sel4Lean.Spec.InvocationLabel	type
Sel4Lean.Spec.Register.val	def
Sel4Lean.Spec.isThreadCap	def
Sel4Lean.Spec.ArchKernelObject.KOASIDPool	ctor
Sel4Lean.Spec.M.Object_CNode.updateFreeIndex	def
Sel4Lean.Spec.KernelConfig.timeSlice	def
Sel4Lean.Spec.M.Kernel_Init.doKernelOp	def
Sel4Lean.Spec.M.Machine_Hardware_RISCV64.pteBits	def
Sel4Lean.Spec.M.Machine_RegisterSet_RISCV64.frameRegisters	def
Sel4Lean.Spec.Fault	type
Sel4Lean.Spec.M.Model_PSpace.pointerInUserData	opaque
Sel4Lean.Spec.PreStorable.projectKO_opt	def
Sel4Lean.Spec.M.Kernel_BootInfo.biCapIOPort	opaque
Sel4Lean.Spec.M.Object_Interrupt_RISCV64.irqInvalid	def
Sel4Lean.Spec.M.Machine_Hardware_RISCV64.getDeviceRegions	opaque
Sel4Lean.Spec.RISCV64.instDecidableEqRegister	def
Sel4Lean.Spec.VMFaultType.RISCVStoreAccessFault.elim	def
Sel4Lean.Spec.isWriteRegisters	def
Sel4Lean.Spec.RISCV64.Register.ofNat_ctorIdx	other
Sel4Lean.Spec.M.Object_Structures_RISCV64.asidLowBits	def
Sel4Lean.Spec.LookupFailure	type
Sel4Lean.Spec.VMRights.ofNat_ctorIdx	other
Sel4Lean.Spec.M.API_Types_RISCV64.ntfnSizeBits	def
Sel4Lean.Spec.TCB.tcbMCP	def
Sel4Lean.Spec.UserData.ofNat_ctorIdx	other
Sel4Lean.Spec.M.Machine_RegisterSet_RISCV64.msgRegisters	def
Sel4Lean.Spec.ASIDPoolInvocation	type
Sel4Lean.Spec.MDBNode.below_5	def
Sel4Lean.Spec.isIssueIRQHandler	def
Sel4Lean.Spec.instInhabitedCTE	def
Sel4Lean.Spec.InitData.initFreeMemory	def
Sel4Lean.Spec.KernelConfig.CONFIG_ARM_HIKEY_PREFETCHER_STRIDE	def
Sel4Lean.Spec.Event.HypervisorEvent.elim	def
Sel4Lean.Spec.BinaryTree.Empty.elim	def
Sel4Lean.Spec.SetH.delete	def
Sel4Lean.Spec.instDecidableEqASIDPool	def
Sel4Lean.Spec.RISCV64.Register.ctorElimType	def
Sel4Lean.Spec.Capability.capCNodeBits	def
Sel4Lean.Spec.M.Kernel_BootInfo.biCapITIPCBuf	opaque
Sel4Lean.Spec.BinaryTree.set_btTrue	def
Sel4Lean.Spec.M.Object_Interrupt.handleSpuriousIRQ	def
Sel4Lean.Spec.Event.ctorElim	def
Sel4Lean.Spec.M.Kernel_VSpace_RISCV64.decodeRISCVFrameInvocationMap	def
Sel4Lean.Spec.M.Machine_Hardware_RISCV64.pptrBaseOffset	def
Sel4Lean.Spec.CapTransfer.CT	ctor
Sel4Lean.Spec.isThreadControl	def
Sel4Lean.Spec.M.Machine_Hardware_RISCV64_Spike.storeWordCallback	opaque
Sel4Lean.Spec.PageTableInvocation.PageTableUnmap	ctor
Sel4Lean.Spec.GenInvocationLabels.CNodeMint	ctor
Sel4Lean.Spec.APIObjectType.TCBObject	ctor
Sel4Lean.Spec.BIFrameData.BIFrameData	ctor
Sel4Lean.Spec.M.Kernel_Init.noInitFailure	def
Sel4Lean.Spec.InitData.initBootInfoFrame	def
Sel4Lean.Spec.M.Kernel_CSpace.lookupPivotSlot	def
Sel4Lean.Spec.M.Object_CNode.nullPointer	def
Sel4Lean.Spec.KernelConfig.maxNumIOAPIC	def
Sel4Lean.Spec.Capability.set_capIRQ	def
Sel4Lean.Spec.BinaryTree.btFalse	def
Sel4Lean.Spec.updateObject_cte	def
Sel4Lean.Spec.GenInvocationLabels.CNodeSaveCaller	ctor
Sel4Lean.Spec.M.Object_Structures.noFlag	def
Sel4Lean.Spec.SyscallError.FailedLookup.elim	def
Sel4Lean.Spec.M.Object_TCB.msgMaxLength	def
Sel4Lean.Spec.M.API_Syscall.receiveSignal	def
Sel4Lean.Spec.M.API_Types_RISCV64.ptBits	def
Sel4Lean.Spec.VMPageSize	type
Sel4Lean.Spec.UserDataDevice	type
Sel4Lean.Spec.ArchInvocationLabel	type
Sel4Lean.Spec.M.Object_ObjectType.updateCapData	def
Sel4Lean.Spec.UntypedInvocation.retypeRegionBase	def
Sel4Lean.Spec.M.Model_StateData.setWorkUnits	def
Sel4Lean.Spec.Capability.set_capNtfnCanReceive	def
Sel4Lean.Spec.ThreadState.ctorElimType	def
Sel4Lean.Spec.instDecidableEqSerialData	def
Sel4Lean.Spec.isEmpty	def
Sel4Lean.Spec.MachineOps.machine_rest_lift	def
Sel4Lean.Spec.M.Object_ObjectType.curDomain	def
Sel4Lean.Spec.instInhabitedCapability	def
Sel4Lean.Spec.M.Object_ObjectType_RISCV64.decodeInvocation	def
Sel4Lean.Spec.M.Kernel_VSpace_RISCV64.performPageInvocation	def
Sel4Lean.Spec.RISCV64.Register.NextIP	ctor
Sel4Lean.Spec.M.Machine_Hardware.storeWordVM	def
Sel4Lean.Spec.instIntegralHAPIObjectType	def
Sel4Lean.Spec.GenInvocationLabels.CNodeMove	ctor
Sel4Lean.Spec.RISCV64.Register.FaultIP	ctor
Sel4Lean.Spec.MachineOps.initL2Cache	def
Sel4Lean.Spec.M.Kernel_VSpace_RISCV64.vmFaultTypeFSR	def
Sel4Lean.Spec.M.Object_Untyped.withoutFailure	def
Sel4Lean.Spec.isInvokeDomainSet	def
Sel4Lean.Spec.M.Object_TCB.cteDelete	opaque
Sel4Lean.Spec.ThreadState.IdleThreadState.elim	def
Sel4Lean.Spec.RISCVVSpaceRegionUse.RISCVVSpaceDeviceWindow	ctor
Sel4Lean.Spec.M.API_Faults.setRegister	def
Sel4Lean.Spec.ObjectType.ctorElim	def
Sel4Lean.Spec.instDecidableEqArchCapability	def
Sel4Lean.Spec.SchedulerAction.schActTarget	def
Sel4Lean.Spec.VMAttributes.VMAttributes	ctor
Sel4Lean.Spec.UserDataDevice.ofIdx	def
Sel4Lean.Spec.M.Data_BinaryTree.delete	def
Sel4Lean.Spec.GenInvocationLabels.CNodeCancelBadgedSends	ctor
Sel4Lean.Spec.MachineOps.getRegister	def
Sel4Lean.Spec.CNodeInvocation.Rotate	ctor
Sel4Lean.Spec.KernelObjectType.TCBT	ctor
Sel4Lean.Spec.M.Kernel_VSpace_RISCV64.performPageTableInvocation	opaque
Sel4Lean.Spec.SyscallError.AlignmentError.elim	def
Sel4Lean.Spec.RISCV64.instInhabitedIRQControlInvocation	def
Sel4Lean.Spec.M.Object_CNode.invokeCNode	def
Sel4Lean.Spec.instPSpaceStorableASIDPool	def
Sel4Lean.Spec.TCBInvocation.set_writeRegsValues	def
Sel4Lean.Spec.Fault.CapFault.elim	def
Sel4Lean.Spec.M.Model_PSpace.deleteObjects	def
Sel4Lean.Spec.M.Kernel_Init.runInit	def
Sel4Lean.Spec.SyscallError.set_failedLookupWasSource	def
Sel4Lean.Spec.IRQHandlerInvocation.ctorElimType	def
Sel4Lean.Spec.M.Object_Untyped.archOverlap	opaque
Sel4Lean.Spec.BIFrameData.bifNumNodes	def
Sel4Lean.Spec.M.Object_TCB_RISCV64.getSanitiseRegisterInfo	def
Sel4Lean.Spec.RISCV64.Register.A1.elim	def
Sel4Lean.Spec.instInhabitedTCBInvocation.default	def
Sel4Lean.Spec.M.Kernel_VSpace_RISCV64.findVSpaceForASID	def
Sel4Lean.Spec.KernelState.ksReadyQueuesL1Bitmap	def
Sel4Lean.Spec.instDecidableLePAddr	def
Sel4Lean.Spec.M.API_Syscall.receiveIPC	def
Sel4Lean.Spec.RISCV64.Register.S11.elim	def
Sel4Lean.Spec.M.Object_ObjectType_RISCV64.unmapPage	def
Sel4Lean.Spec.instInhabitedInvocationLabel.default	def
Sel4Lean.Spec.filter	def
Sel4Lean.Spec.Capability.ThreadCap.elim	def
Sel4Lean.Spec.MDBNode.rec_3	other
Sel4Lean.Spec.VMRights.VMReadWrite.elim	def
Sel4Lean.Spec.TCBInvocation.notificationTCB	def
Sel4Lean.Spec.BIFrameData.bifUntypedObjIsDeviceList	def
Sel4Lean.Spec.M.Object_ObjectType_RISCV64.pageBitsForSize	def
Sel4Lean.Spec.M.Kernel_CSpace.locateSlotCap	def
Sel4Lean.Spec.NTFN.IdleNtfn	ctor
Sel4Lean.Spec.LookupFailure.guardMismatchBitsLeft	def
Sel4Lean.Spec.Capability.ctorElim	def
Sel4Lean.Spec.TCBInvocation.set_tcThread	def
Sel4Lean.Spec.M.API_Syscall.getMessageInfo	def
Sel4Lean.Spec.CopyRegisterSets.RISCVNoExtraRegisters	ctor
Sel4Lean.Spec.Intermediate.Arch_createNewCaps	def
Sel4Lean.Spec.TCB	type
Sel4Lean.Spec.isPageTableUnmap	def
Sel4Lean.Spec.Syscall.ctorElimType	def
Sel4Lean.Spec.instInhabitedUserData	def
Sel4Lean.Spec.M.Data_WordLib.wordSizeCase	def
Sel4Lean.Spec.M.Object_ObjectType.RISCV64.updateCapData	def
Sel4Lean.Spec.PageInvocation.PageUnmap	ctor
Sel4Lean.Spec.M.API_Syscall.maybeHandleInterrupt	def
Sel4Lean.Spec.instDecidableEqKernelState_1	def
Sel4Lean.Spec.projectKO_result	other
Sel4Lean.Spec.M.Machine_Hardware.ackInterrupt	def
Sel4Lean.Spec.VMFaultType	type
Sel4Lean.Spec.TcbQueue	type
Sel4Lean.Spec.listArray	def
Sel4Lean.Spec.M.Model_PSpace.loadWordUser	def
Sel4Lean.Spec.M.Object_Interrupt_RISCV64.cteInsert	opaque
Sel4Lean.Spec.M.Kernel_CSpace.getThreadCSpaceRoot	def
Sel4Lean.Spec.isRecvEP	def
Sel4Lean.Spec.M.API_Types.msgLengthBits	def
Sel4Lean.Spec.instInhabitedBIDeviceRegion.default	def
Sel4Lean.Spec.Syscall.SysCall.elim	def
Sel4Lean.Spec.GenInvocationLabels.TCBResume	ctor
Sel4Lean.Spec.ZombieType.zombieCTEBits	def
Sel4Lean.Spec.instDecidableEqObjectType	def
Sel4Lean.Spec.M.Machine_Hardware.nullPointer	def
Sel4Lean.Spec.Capability.capCap	def
Sel4Lean.Spec.GenInvocationLabels.DomainScheduleSetStart.elim	def
Sel4Lean.Spec.M.API_Types_RISCV64.pageBitsForSize	def
Sel4Lean.Spec.GenInvocationLabels.TCBCopyRegisters	ctor
Sel4Lean.Spec.Syscall.SysYield	ctor
Sel4Lean.Spec.PageTableInvocation.set_ptMapPTE	def
Sel4Lean.Spec.M.Object_Interrupt.sendSignal	def
Sel4Lean.Spec.instDecidableEqKernelObjectType.decEq	def
Sel4Lean.Spec.M.Kernel_Init.nopBIFrameData	opaque
Sel4Lean.Spec.M.Data_BinaryTree.insert	def
Sel4Lean.Spec.instInhabitedSerialData	def
Sel4Lean.Spec.M.Object_Interrupt.getIRQState	def
Sel4Lean.Spec.instDecidableEqTcbFlag	def
Sel4Lean.Spec.instDecidableEqTCBInvocation	def
Sel4Lean.Spec.M.Object_ObjectType_RISCV64.deleteASIDPool	def
Sel4Lean.Spec.M.Model_StateData.setInterruptState	def
Sel4Lean.Spec.instDecidableEqFault.decEq	def
Sel4Lean.Spec.GenInvocationLabels.TCBSetSpace	ctor
Sel4Lean.Spec.isClearIRQHandler	def
Sel4Lean.Spec.NTFN.IdleNtfn.elim	def
Sel4Lean.Spec.M.Object_Interrupt.getSlotCap	opaque
Sel4Lean.Spec.RISCVVSpaceRegionUse.RISCVVSpaceDeviceWindow.elim	def
Sel4Lean.Spec.instInhabitedPAddr.default	def
Sel4Lean.Spec.CNodeInvocation.Revoke.elim	def
Sel4Lean.Spec.RISCVVSpaceRegionUse	type
Sel4Lean.Spec.MonadFailH.mk	ctor
Sel4Lean.Spec.M.Kernel_Thread.isStopped	def
Sel4Lean.Spec.M.Object_ObjectType.sameObjectAs	def
Sel4Lean.Spec.M.Kernel_VSpace.initIRQController	opaque
Sel4Lean.Spec.M.Kernel_VSpace_RISCV64.asidHighBitsOf	def
Sel4Lean.Spec.M.Object_CNode.msgMaxExtraCaps	def
Sel4Lean.Spec.instNonemptyCallbackData	other
Sel4Lean.Spec.Capability.DomainCap	ctor
Sel4Lean.Spec.either	def
Sel4Lean.Spec.M.Kernel_Init.createObject	def
Sel4Lean.Spec.Capability.NullCap	ctor
Sel4Lean.Spec.M.Object_ObjectType.toAPIType	def
Sel4Lean.Spec.GenInvocationLabels.CNodeRevoke	ctor
Sel4Lean.Spec.M.Kernel_CSpace.lookupCapAndSlot	def
Sel4Lean.Spec.M.Model_StateData.getDomainTime	def
Sel4Lean.Spec.M.Kernel_Thread.modifyReadyQueuesL2Bitmap	def
Sel4Lean.Spec.M.Kernel_Thread.isReplyCap	def
Sel4Lean.Spec.Capability.capEPCanReceive	def
Sel4Lean.Spec.M.Object_CNode.archMDBAssertions	opaque
Sel4Lean.Spec.instInhabitedVMPageSize.default	def
Sel4Lean.Spec.instInhabitedVMFaultType	def
Sel4Lean.Spec.M.Object_ObjectType.sendSignal	def
Sel4Lean.Spec.Capability.set_capBlockSize	def
Sel4Lean.Spec.M.Object_Interrupt_RISCV64.setIRQState	opaque
Sel4Lean.Spec.M.Machine_Hardware_RISCV64.initIRQController	opaque
Sel4Lean.Spec.instBoundedHASID	def
Sel4Lean.Spec.instOrOpCPtr	def
Sel4Lean.Spec.fromEnumH_ObjectType	def
Sel4Lean.Spec.M.Kernel_FaultHandler.threadSet	opaque
Sel4Lean.Spec.M.Kernel_Thread.ksReadyQueues_asrt	opaque
Sel4Lean.Spec.ObjectType	type
Sel4Lean.Spec.IntegralH	type
Sel4Lean.Spec.M.Object_Interrupt.locateSlotBasic	opaque
Sel4Lean.Spec.M.Kernel_Thread.switchToIdleThread	def
Sel4Lean.Spec.LookupFailure.MissingCapability.elim	def
Sel4Lean.Spec.KernelConfig.config_DISABLE_WFI_WFE_TRAPS	def
Sel4Lean.Spec.KernelObjectType	type
Sel4Lean.Spec.M.Object_Endpoint.doNBRecvFailedTransfer	opaque
Sel4Lean.Spec.M.Object_Endpoint.doIPCTransfer	opaque
Sel4Lean.Spec.instInhabitedVMAttributes.default	def
Sel4Lean.Spec.elem	def
Sel4Lean.Spec.M.Kernel_Init.createIdleThread	def
Sel4Lean.Spec.M.Kernel_Thread_RISCV64.activateIdleThread	def
Sel4Lean.Spec.Event	type
Sel4Lean.Spec.M.Object_Structures.getFreeIndex	def
Sel4Lean.Spec.RISCV64.Register.T5	ctor
Sel4Lean.Spec.M.Object_CNode.isFinalCapability	def
Sel4Lean.Spec.ThreadState.BlockedOnReceive.elim	def
Sel4Lean.Spec.VMRights.VMKernelOnly.elim	def
Sel4Lean.Spec.koTypeOf_of_project	other
Sel4Lean.Spec.Capability.capPtr	def
Sel4Lean.Spec.UserContext	type
Sel4Lean.Spec.ThreadState.waitingOnNotification	def
Sel4Lean.Spec.MachineOps.configureTimer_impl	opaque
Sel4Lean.Spec.KernelConfig.config_PLAT_BCM2837	def
Sel4Lean.Spec.DesignOnly.sethelper	def
Sel4Lean.Spec.M.Kernel_VSpace_RISCV64.riscvKSGlobalPT	def
Sel4Lean.Spec.M.API_Syscall.handleCall	def
Sel4Lean.Spec.Intermediate.insertNewCaps	def
Sel4Lean.Spec.MachineOps.initMemory	def
Sel4Lean.Spec.KernelState.ksCurThread	def
Sel4Lean.Spec.TCBInvocation.suspendThread	def
Sel4Lean.Spec.RISCV64.instInhabitedRegister.default	def
Sel4Lean.Spec.M.Object_TCB.decodeSetPriority	def
Sel4Lean.Spec.DomainScheduleItem	def
Sel4Lean.Spec.IRQControlInvocation.issueHandlerIRQ	def
Sel4Lean.Spec.TCBInvocation.setFlagsClear	def
Sel4Lean.Spec.UntypedInvocation	type
Sel4Lean.Spec.instDecidableEqIRQControlInvocation_1	def
Sel4Lean.Spec.M.Kernel_Init.threadSet	opaque
Sel4Lean.Spec.SetH.fromList	def
Sel4Lean.Spec.RISCVVSpaceRegionUse.RISCVVSpaceUserRegion.elim	def
Sel4Lean.Spec.instInhabitedMDBNode.default_1	def
Sel4Lean.Spec.RISCV64.Register.GP.elim	def
Sel4Lean.Spec.M.Kernel_VSpace.RISCV64.createDeviceFrames	def
Sel4Lean.Spec.M.Kernel_BootInfo.ptrFromPAddr	def
Sel4Lean.Spec.M.API_Syscall.lookupCap	def
Sel4Lean.Spec.VPtr	type
Sel4Lean.Spec.instInhabitedNotification.default_1	def
Sel4Lean.Spec.Fault.set_capFaultAddress	def
Sel4Lean.Spec.testBit	def
Sel4Lean.Spec.ArchInvocationLabel.RISCVPageMap.elim	def
Sel4Lean.Spec.M.Machine_Hardware.RISCV64.getKernelDevices	opaque
Sel4Lean.Spec.ASIDPool	type
Sel4Lean.Spec.M.API_Faults_RISCV64.makeArchFaultMessage	def
Sel4Lean.Spec.GenInvocationLabels.InvalidInvocation	ctor
Sel4Lean.Spec.instMulCPtr	def
Sel4Lean.Spec.RISCVVSpaceRegionUse.RISCVVSpaceKernelELFWindow	ctor
Sel4Lean.Spec.ArchInvocationLabel.RISCVPageGetAddress	ctor
Sel4Lean.Spec.PTE.set_pteUser	def
Sel4Lean.Spec.MachineStateRestImpl	opaque
Sel4Lean.Spec.PTE.PagePTE	ctor
Sel4Lean.Spec.TCBInvocation.writeRegsResume	def
Sel4Lean.Spec.instIntegralHVMRights	def
Sel4Lean.Spec.M.Object_Untyped.getFreeIndex	def
Sel4Lean.Spec.bit	def
Sel4Lean.Spec.M.Object_ObjectType.invokeUntyped	def
Sel4Lean.Spec.KernelInit.biCapITASIDPool	opaque
Sel4Lean.Spec.M.Object_Notification.doNBRecvFailedTransfer	opaque
Sel4Lean.Spec.M.Kernel_VSpace_RISCV64.ptIndex	def
Sel4Lean.Spec.instInhabitedASIDPool.default	def
Sel4Lean.Spec.M.Object_Interrupt.getIRQSlot	def
Sel4Lean.Spec.ZombieType.ctorElimType	def
Sel4Lean.Spec.M.Object_CNode.insertNewCap	def
Sel4Lean.Spec.M.API_Faults_RISCV64.asUser	def
Sel4Lean.Spec.M.Kernel_Thread.threadGet	def
Sel4Lean.Spec.KernelInit.runInit	def
Sel4Lean.Spec.M.Kernel_VSpace_RISCV64.throw	def
Sel4Lean.Spec.M.Kernel_VSpace.createBIFrame	def
Sel4Lean.Spec.instDecidableEqUserContext	def
Sel4Lean.Spec.TCBInvocation.tcNewMCPriority	def
Sel4Lean.Spec.RISCV64.Register.GP	ctor
Sel4Lean.Spec.M.API_Syscall.handleReply	def
Sel4Lean.Spec.BinaryTree.ctorElimType	def
Sel4Lean.Spec.M.Object_TCB.RISCV64.getSanitiseRegisterInfo	def
Sel4Lean.Spec.BinaryTree.ctorElim	def
Sel4Lean.Spec.instInhabitedCNodeInvocation	def
Sel4Lean.Spec.M.API_Faults_RISCV64.handleArchFaultReply	def
Sel4Lean.Spec.M.Object_Structures.isUntypedCap	def
Sel4Lean.Spec.RISCV64.Register.S2	ctor
Sel4Lean.Spec.BIFrameData.bifNumIOPTLevels	def
Sel4Lean.Spec.ObjectType.APIObjectType.elim	def
Sel4Lean.Spec.SyscallError.NotEnoughMemory	ctor
Sel4Lean.Spec.instDecidableEqIRQ.decEq	def
Sel4Lean.Spec.instDecidableEqIRQHandlerInvocation	def
Sel4Lean.Spec.instIntegralHIRQ	def
Sel4Lean.Spec.TCBInvocation.copyRegsTransferInteger	def
Sel4Lean.Spec.M.Kernel_VSpace_RISCV64.getThreadVSpaceRoot	opaque
Sel4Lean.Spec.Fault.archFault	def
Sel4Lean.Spec.M.Kernel_Thread.addToBitmap	def
Sel4Lean.Spec.IRQState.ofNat	def
Sel4Lean.Spec.RISCVVSpaceRegionUse.ctorElimType	def
Sel4Lean.Spec.M.Object_CNode.tcbReplySlot	def
Sel4Lean.Spec.KernelConfig.config_ARCH_RISCV64	def
Sel4Lean.Spec.M.Machine_RegisterSet.badgeRegister	def
Sel4Lean.Spec.M.Object_Endpoint.setObject	def
Sel4Lean.Spec.M.Machine_Hardware_RISCV64_HiFive.resetTimer	opaque
Sel4Lean.Spec.M.Kernel_VSpace.lookupIPCBuffer	def
Sel4Lean.Spec.M.Kernel_Init.initKernelVM	def
Sel4Lean.Spec.M.Kernel_BootInfo.biCapITCNode	opaque
Sel4Lean.Spec.MachineMonad	def
Sel4Lean.Spec.M.Machine_Hardware.freeMemory	def
Sel4Lean.Spec.M.Kernel_VSpace_RISCV64.getSlotCap	opaque
Sel4Lean.Spec.instDecidableEqPAddr	def
Sel4Lean.Spec.M.Machine_Hardware.RISCV64.freeMemory	def
Sel4Lean.Spec.ArchCapability.PageTableCap.elim	def
Sel4Lean.Spec.M.Object_Structures.isReply	def
Sel4Lean.Spec.instInhabitedPSpace	def
Sel4Lean.Spec.Capability.UntypedCap	ctor
Sel4Lean.Spec.M.Data_BinaryTree.adjust	def
Sel4Lean.Spec.M.Object_CNode.getThreadCallerSlot	opaque
Sel4Lean.Spec.M.Object_TCB_RISCV64.performTransfer	def
Sel4Lean.Spec.M.Object_Endpoint.setMessageInfo	opaque
Sel4Lean.Spec.VMRights.ctorElim	def
Sel4Lean.Spec.M.Machine_Hardware.RISCV64.clearMemory	def
Sel4Lean.Spec.TCBInvocation.set_copyRegsResumeTarget	def
Sel4Lean.Spec.instDecidableEqZombieType.decEq	def
Sel4Lean.Spec.ZombieType.set_zombieCTEBits	def
Sel4Lean.Spec.M.Kernel_Thread.suspend	def
Sel4Lean.Spec.KernelObject.KOKernelData.elim	def
Sel4Lean.Spec.ObjectType.APIObjectType	ctor
Sel4Lean.Spec.M.Object_ObjectType.unbindNotification	def
Sel4Lean.Spec.UntypedInvocation.retypeNewType	def
Sel4Lean.Spec.M.Kernel_Init.getThreadVSpaceRoot	def
Sel4Lean.Spec.instAndOpASID	def
Sel4Lean.Spec.RISCV64.Register.S4.elim	def
Sel4Lean.Spec.UntypedInvocation.retypeIsDevice	def
Sel4Lean.Spec.M.Kernel_Thread.catchFailure	def
Sel4Lean.Spec.KernelObject.KOArch.elim	def
Sel4Lean.Spec.Endpoint.brecOn.eq	other
Sel4Lean.Spec.Capability.capNtfnPtr	def
Sel4Lean.Spec.BIFrameData.bifSharedFrameCaps	def
Sel4Lean.Spec.Capability.set_capCNodeBits	def
Sel4Lean.Spec.M.Object_Domain.invokeDomain	def
Sel4Lean.Spec.isRestart	def
Sel4Lean.Spec.KernelConfig.physBase	def
Sel4Lean.Spec.instDecidableEqSerialData.decEq	def
Sel4Lean.Spec.M.Object_ObjectType.deriveCap	def
Sel4Lean.Spec.M.Kernel_Init.fromAPIType	def
Sel4Lean.Spec.APIObjectType.ctorElim	def
Sel4Lean.Spec.instAddCPtr	def
Sel4Lean.Spec.RISCV64.Register.A7	ctor
Sel4Lean.Spec.RISCV64.Register.T1.elim	def
Sel4Lean.Spec.instDecidableEqInitFailure	def
Sel4Lean.Spec.M.Machine_Hardware_RISCV64.pptrTop	def
Sel4Lean.Spec.CNodeInvocation.set_sourceSlot	def
Sel4Lean.Spec.M.Model_StateData.stateAssert	def
Sel4Lean.Spec.TCBInvocation.set_notificationPtr	def
Sel4Lean.Spec.M.Machine_Hardware_RISCV64.toPAddr	def
Sel4Lean.Spec.M.API_Types.wordFromRights	def
Sel4Lean.Spec.LookupFailure.set_depthMismatchBitsFound	def
Sel4Lean.Spec.M.Object_ObjectType.isPhysicalCap	def
Sel4Lean.Spec.IntegralH.toInt	def
Sel4Lean.Spec.M.Object_TCB.setMCPriority	opaque
Sel4Lean.Spec.instBoundedHInvocationLabel	def
Sel4Lean.Spec.RISCV64.Register.T6.elim	def
Sel4Lean.Spec.ArchInvocationLabel.RISCVIRQIssueIRQHandler.elim	def
Sel4Lean.Spec.OrdH.toLT	def
Sel4Lean.Spec.M.Kernel_CSpace.rangeCheck	def
Sel4Lean.Spec.M.Machine_RegisterSet.RISCV64.setRegister	def
Sel4Lean.Spec.ThreadState.set_blockingIPCCanGrant	def
Sel4Lean.Spec.instInhabitedLookupFailure.default	def
Sel4Lean.Spec.M.API_Syscall.throw	def
Sel4Lean.Spec.Endpoint.set_epQueue	def
Sel4Lean.Spec.M.Kernel_VSpace_RISCV64.attribsFromWord	def
Sel4Lean.Spec.M.API_Faults.getSanitiseRegisterInfo	def
Sel4Lean.Spec.instDecidableEqNTFN	def
Sel4Lean.Spec.SyscallError.InvalidCapability.elim	def
Sel4Lean.Spec.M.API_Syscall.getRegister	def
Sel4Lean.Spec.M.Machine_RegisterSet.msgInfoRegister	def
Sel4Lean.Spec.TCBInvocation.ctorElim	def
Sel4Lean.Spec.M.API_Syscall.setThreadState	def
Sel4Lean.Spec.Platform.pptrBase	def
Sel4Lean.Spec.DesignOnly.State_H.PPtr	def
Sel4Lean.Spec.SlotRegion	type
Sel4Lean.Spec.ArchFault	type
Sel4Lean.Spec.M.Object_CNode.untypedZeroRange	def
Sel4Lean.Spec.M.Kernel_BootInfo.mask	def
Sel4Lean.Spec.TCBInvocation.NotificationControl.elim	def
Sel4Lean.Spec.RISCV64.KernelState.riscvKSGlobalPTs	def
Sel4Lean.Spec.KernelConfig.config_VTX	def
Sel4Lean.Spec.M.Kernel_VSpace_RISCV64.isValidVTableRoot	def
Sel4Lean.Spec.M.Machine_RegisterSet.faultRegister	def
Sel4Lean.Spec.MapH.findMin	def
Sel4Lean.Spec.Invocation.InvokeArchObject.elim	def
Sel4Lean.Spec.M.Object_TCB.withoutPreemption	def
Sel4Lean.Spec.M.Object_ObjectType.unbindMaybeNotification	def
Sel4Lean.Spec.TcbFlags	def
Sel4Lean.Spec.M.Kernel_FaultHandler.getRestartPC	def
Sel4Lean.Spec.instInhabitedRegion.default	def
Sel4Lean.Spec.M.Data_Helpers.mapMaybe	def
Sel4Lean.Spec.VPtr.VPtr	ctor
Sel4Lean.Spec.IRQControlInvocation.ctorElim	def
Sel4Lean.Spec.Endpoint.IdleEP.elim	def
Sel4Lean.Spec.doMachineOp_wp	other
Sel4Lean.Spec.isInvokeDomainScheduleConfigure	def
Sel4Lean.Spec.IRQControlInvocation.IssueIRQHandler.elim	def
Sel4Lean.Spec.PTE.PageTablePTE	ctor
Sel4Lean.Spec.M.Object_ObjectType_RISCV64.cteRightsBits	def
Sel4Lean.Spec.M.Object_Endpoint.nullPointer	def
Sel4Lean.Spec.CopyRegisterSets.ofIdx	def
Sel4Lean.Spec.M.Object_TCB.gpRegisters	def
Sel4Lean.Spec.isNotificationCap	def
Sel4Lean.Spec.isUserException	def
Sel4Lean.Spec.instBoundedHRISCVVSpaceRegionUse	def
Sel4Lean.Spec.InterruptState.intStateIRQNode	def
Sel4Lean.Spec.M.Kernel_Thread.getMRs	def
Sel4Lean.Spec.VMRights.toIdx	def
Sel4Lean.Spec.M.Kernel_Init.getMemoryRegions	def
Sel4Lean.Spec.M.Kernel_VSpace_RISCV64.ptBits	def
Sel4Lean.Spec.instInhabitedInvocationLabel	def
Sel4Lean.Spec.instDecidableEqKernelObject	def
Sel4Lean.Spec.M.Machine_RegisterSet.RISCV64.nextInstructionRegister	def
Sel4Lean.Spec.M.Kernel_CSpace.lookupSourceSlot	def
Sel4Lean.Spec.M.API_Types.msgMaxLength	def
Sel4Lean.Spec.ASIDControlInvocation.makePoolSlot	def
Sel4Lean.Spec.LookupFailure.ctorElim	def
Sel4Lean.Spec.M.Machine_RegisterSet.RISCV64.getRegister	def
Sel4Lean.Spec.RISCVVSpaceRegionUse.ofNat	def
Sel4Lean.Spec.MDBNode.mdbPrev	def
Sel4Lean.Spec.M.Machine_Hardware_RISCV64.getActiveIRQ	def
Sel4Lean.Spec.isIRQHandlerCap	def
Sel4Lean.Spec.MachineOps.clearMemoryVM	def
Sel4Lean.Spec.Platform.toPAddr	def
Sel4Lean.Spec.GenInvocationLabels.DomainScheduleSetStart	ctor
Sel4Lean.Spec.M.Model_Failures.throw	def
Sel4Lean.Spec.instDecidableEqSlotRegion	def
Sel4Lean.Spec.M.Kernel_Thread.unifyFailure	def
Sel4Lean.Spec.M.Object_ObjectType_RISCV64.unmapPageTable	def
Sel4Lean.Spec.MDBNode.brecOn_4.eq	other
Sel4Lean.Spec.M.Object_ObjectType_RISCV64.maskVMRights	def
Sel4Lean.Spec.M.Kernel_VSpace.RISCV64.createIPCBufferFrame	def
Sel4Lean.Spec.KernelConfig.config_ARCH_AARCH64	def
Sel4Lean.Spec.M.Model_Failures.rethrowFailure	def
Sel4Lean.Spec.UserContext.UC	def
Sel4Lean.Spec.instDecidableEqCapTransfer.decEq	def
Sel4Lean.Spec.instInhabitedKernelObject	def
Sel4Lean.Spec.M.Kernel_Init.maxNumFreememRegions	def
Sel4Lean.Spec.M.Machine_RegisterSet.RISCV64.capRegister	def
Sel4Lean.Spec.M.API_Syscall.decodeInvocation	def
Sel4Lean.Spec.M.Object_CNode.setObject	def
Sel4Lean.Spec.instDecidableEqRegion.decEq	def
Sel4Lean.Spec.TCBInvocation.copyRegsSource	def
Sel4Lean.Spec.MDBNode.mdbRevocable	def
Sel4Lean.Spec.M.Kernel_Init.cteInsert	def
Sel4Lean.Spec.Platform.irqInvalid	def
Sel4Lean.Spec.SyscallError.DeleteFirst.elim	def
Sel4Lean.Spec.doMachineOp	def
Sel4Lean.Spec.instInhabitedVPtr	def
Sel4Lean.Spec.Invocation.InvokeDomain	ctor
Sel4Lean.Spec.KernelState.ksWorkUnitsCompleted	def
Sel4Lean.Spec.RISCVVSpaceRegionUse.RISCVVSpaceKernelWindow	ctor
Sel4Lean.Spec.VMRights.ofIdx	def
Sel4Lean.Spec.instDecidableEqCapRights	def
Sel4Lean.Spec.PTE.ptePPN	def
Sel4Lean.Spec.M.Object_TCB.setNextPC	def
Sel4Lean.Spec.SyscallError.memoryLeft	def
Sel4Lean.Spec.M.API_Types.msgMaxExtraCaps	def
Sel4Lean.Spec.M.Kernel_Thread.lookupIPCBuffer	def
Sel4Lean.Spec.M.API_Faults.handleArchFaultReply	def
Sel4Lean.Spec.M.Object_ObjectType.deletingIRQHandler	def
Sel4Lean.Spec.isSaveCaller	def
Sel4Lean.Spec.M.Kernel_Thread.transferCapsToSlots	opaque
Sel4Lean.Spec.CNodeInvocation.ctorElimType	def
Sel4Lean.Spec.CapRights.capAllowGrant	def
Sel4Lean.Spec.Fault.ArchFault	ctor
Sel4Lean.Spec.M.Machine_Hardware_RISCV64.kernelELFPAddrBase	def
Sel4Lean.Spec.Fault.userExceptionErrorCode	def
Sel4Lean.Spec.KernelInit.newKernelState	def
Sel4Lean.Spec.RISCV64.instInhabitedIRQ	def
Sel4Lean.Spec.M.Object_TCB.getRestartPC	def
Sel4Lean.Spec.M.API_Types.RISCV64.toAPIType	def
Sel4Lean.Spec.M.Object_TCB.slotCapLongRunningDelete	def
Sel4Lean.Spec.KernelState.gsMaxObjectSize	def
Sel4Lean.Spec.M.Object_Untyped.fromAPIType	def
Sel4Lean.Spec.HypFaultType	type
Sel4Lean.Spec.instInhabitedVMRights.default	def
Sel4Lean.Spec.M.Machine_Hardware.RISCV64.maskInterrupt	def
Sel4Lean.Spec.InvocationLabel.ArchInvocationLabel	ctor
Sel4Lean.Spec.RISCV64.Register.T3.elim	def
Sel4Lean.Spec.MachineOps.setIRQTrigger_impl	opaque
Sel4Lean.Spec.M.Object_Structures.tcbFlagMask	def
Sel4Lean.Spec.M.Object_CNode.hasCancelSendRights	def
Sel4Lean.Spec.InitFailure.ofIdx	def
Sel4Lean.Spec.M.Object_Domain.RISCV64.prepareSetDomain	def
Sel4Lean.Spec.M.Kernel_Thread.setSchedulerAction	def
Sel4Lean.Spec.MessageInfo	type
Sel4Lean.Spec.M.Machine_Hardware_RISCV64.pageBitsForSize	def
Sel4Lean.Spec.M.Kernel_VSpace_RISCV64.sfence	def
Sel4Lean.Spec.RISCV64.IRQ	type
Sel4Lean.Spec.M.Kernel_VSpace.RISCV64.activateGlobalVSpace	def
Sel4Lean.Spec.M.Kernel_VSpace_RISCV64.getObject	def
Sel4Lean.Spec.VPtr.fromVPtr	def
Sel4Lean.Spec.loadObject_default	def
Sel4Lean.Spec.M.Object_Structures.config_HAVE_FPU	def
Sel4Lean.Spec.M.Model_StateData.findM	def
Sel4Lean.Spec.Syscall.SysReplyRecv	ctor
Sel4Lean.Spec.DesignOnly.ptrBits	def
Sel4Lean.Spec.M.Kernel_VSpace_RISCV64.getPPtrFromHWPTE	def
Sel4Lean.Spec.M.Machine_RegisterSet.nextInstructionRegister	def
Sel4Lean.Spec.ArchCapability.set_capPTBasePtr	def
Sel4Lean.Spec.instInhabitedArchKernelObject	def
Sel4Lean.Spec.IRQState.IRQSignal.elim	def
Sel4Lean.Spec.ThreadState.brecOn.eq	other
Sel4Lean.Spec.UntypedInvocation.retypeResetUntyped	def
Sel4Lean.Spec.length	def
Sel4Lean.Spec.M.Object_ObjectType_RISCV64.prepareThreadDelete	def
Sel4Lean.Spec.M.Object_Interrupt.RISCV64.initInterruptController	def
Sel4Lean.Spec.VMFaultType.RISCVInstructionAccessFault	ctor
Sel4Lean.Spec.instIntegralHUserData	def
Sel4Lean.Spec.M.Machine_Hardware_RISCV64.pptrBase	def
Sel4Lean.Spec.M.API_Types_Universal.ntfnSizeBits	def
Sel4Lean.Spec.M.Object_CNode.wordSize	def
Sel4Lean.Spec.Syscall.toIdx	def
Sel4Lean.Spec.TCBInvocation.set_copyRegsTransferInteger	def
Sel4Lean.Spec.M.Machine_Hardware.maskInterrupt	def
Sel4Lean.Spec.M.Kernel_Thread.nextInstructionRegister	def
Sel4Lean.Spec.M.Kernel_Thread_RISCV64.switchToIdleThread	def
Sel4Lean.Spec.Capability.capEPCanGrantReply	def
Sel4Lean.Spec.KernelState.ksArchState	def
Sel4Lean.Spec.M.API_Types.ptrFromPAddrRegion	def
Sel4Lean.Spec.RISCV64.archTypeOf	def
Sel4Lean.Spec.PageTableInvocation.PageTableMap.elim	def
Sel4Lean.Spec.M.Object_Domain.genInvocationType	def
Sel4Lean.Spec.M.Object_TCB.decodeSetIPCBuffer	def
Sel4Lean.Spec.RISCV64.Register.SP.elim	def
Sel4Lean.Spec.M.Object_TCB.getObject	def
Sel4Lean.Spec.M.Kernel_Thread.getReadyQueuesL2Bitmap	def
Sel4Lean.Spec.M.Kernel_Init.setSchedulerAction	def
Sel4Lean.Spec.BIFrameData.bifUIPDCaps	def
Sel4Lean.Spec.instPreStorableASIDPool	def
Sel4Lean.Spec.TCBInvocation.Resume.elim	def
Sel4Lean.Spec.Endpoint.brecOn.go	def
Sel4Lean.Spec.VMPageSize.ofNat	def
Sel4Lean.Spec.instOrdHNat	def
Sel4Lean.Spec.IRQHandlerInvocation.set_setIRQHandlerSlot	def
Sel4Lean.Spec.M.API_Types_RISCV64.toAPIType	def
Sel4Lean.Spec.GenInvocationLabels.CNodeCopy	ctor
Sel4Lean.Spec.KernelConfig.CONFIG_CTZ_64	def
Sel4Lean.Spec.M.Object_CNode.setUntypedCapAsFull	def
Sel4Lean.Spec.M.Model_PSpace.cNodePartialOverlap	opaque
Sel4Lean.Spec.KernelObject.KOUserData.elim	def
Sel4Lean.Spec.SyscallError.DeleteFirst	ctor
Sel4Lean.Spec.assertG	def
Sel4Lean.Spec.M.Object_ObjectType.isCapRevocable	def
Sel4Lean.Spec.M.Object_Interrupt.ackInterrupt	def
Sel4Lean.Spec.instIntegralHASID	def
Sel4Lean.Spec.RISCV64.Register.SCAUSE	ctor
Sel4Lean.Spec.M.Object_Domain.withoutFailure	def
Sel4Lean.Spec.BIFrameData.bifITCNodeSizeBits	def
Sel4Lean.Spec.ObjectType.LargePageObject	ctor
Sel4Lean.Spec.M.Machine_Hardware_RISCV64.getMemoryRegions	def
Sel4Lean.Spec.SyscallError.NotEnoughMemory.elim	def
Sel4Lean.Spec.Syscall.SysReplyRecv.elim	def
Sel4Lean.Spec.M.Kernel_CSpace.mask	def
Sel4Lean.Spec.RISCV64.instDecidableEqIRQ.decEq	def
Sel4Lean.Spec.EnumH.enumAll	def
Sel4Lean.Spec.CTE.cteMDBNode	def
Sel4Lean.Spec.genericTake	def
Sel4Lean.Spec.RISCV64.Register.TP	ctor
Sel4Lean.Spec.M.Data_BinaryTree.isEmpty	def
Sel4Lean.Spec.instInhabitedNTFN.default_1	def
Sel4Lean.Spec.MDBNode.brecOn_5.eq	other
Sel4Lean.Spec.DesignOnly.HaskellInitData.initSlotPosMax	def
Sel4Lean.Spec.M.Kernel_VSpace_RISCV64.checkPTAt	opaque
Sel4Lean.Spec.PreStorable.project_inject	other
Sel4Lean.Spec.M.Machine_Hardware.RISCV64.resetTimer	def
Sel4Lean.Spec.IRQHandlerInvocation.ctorElim	def
Sel4Lean.Spec.DomainInvocation.domDuration	def
Sel4Lean.Spec.LookupFailure.depthMismatchBitsFound	def
Sel4Lean.Spec.instHShiftRightVPtrNat	def
Sel4Lean.Spec.CNodeInvocation.moveCap1	def
Sel4Lean.Spec.instInhabitedInitData	def
Sel4Lean.Spec.VMFaultType.RISCVLoadAccessFault	ctor
Sel4Lean.Spec.M.Kernel_Init.coverOf	def
Sel4Lean.Spec.TCBInvocation.setTLSBaseNewBase	def
Sel4Lean.Spec.M.Object_Interrupt.withoutFailure	def
Sel4Lean.Spec.TCB.tcbTimeSlice	def
Sel4Lean.Spec.M.Kernel_VSpace_RISCV64.addrFromKPPtr	def
Sel4Lean.Spec.M.Object_ObjectType.doReplyTransfer	opaque
Sel4Lean.Spec.lift	def
Sel4Lean.Spec.instDecidableEqGenInvocationLabels	def
Sel4Lean.Spec.instMulOfIntegralH	def
Sel4Lean.Spec.M.Object_TCB.getExtraCPtr	def
Sel4Lean.Spec.M.Kernel_VSpace.createDeviceFrames	def
Sel4Lean.Spec.Intermediate.wordsBelow	def
Sel4Lean.Spec.CNodeInvocation.moveCap	def
Sel4Lean.Spec.PageInvocation.pageMapCap	def
Sel4Lean.Spec.TCBInvocation.readRegsSuspend	def
Sel4Lean.Spec.mapM_	def
Sel4Lean.Spec.M.Machine_Hardware_RISCV64_Spike.getKernelDevices	opaque
Sel4Lean.Spec.PSpaceStorable.mk	ctor
Sel4Lean.Spec.instDecidableEqUserDataDevice	def
Sel4Lean.Spec.M.Object_Untyped.preemptionPoint	def
Sel4Lean.Spec.M.Kernel_VSpace_RISCV64.pageBitsForSize	def
Sel4Lean.Spec.M.Kernel_CSpace.resolveAddressBits	opaque
Sel4Lean.Spec.M.Model_StateData.setQueue	def
Sel4Lean.Spec.NTFN.set_ntfnQueue	def
Sel4Lean.Spec.DomainInvocation.ctorElim	def
Sel4Lean.Spec.instInhabitedIRQState.default	def
Sel4Lean.Spec.KernelInitState	def
Sel4Lean.Spec.M.Object_CNode.capRemovable	def
Sel4Lean.Spec.GenInvocationLabels.TCBWriteRegisters.elim	def
Sel4Lean.Spec.instLERegisterOfRegister	def
Sel4Lean.Spec.M.Object_Interrupt.RISCV64.performIRQControl	opaque
Sel4Lean.Spec.M.Kernel_VSpace.initPlatform	def
Sel4Lean.Spec.APIObjectType.ofNat	def
Sel4Lean.Spec.M.Machine_Hardware_RISCV64_HiFive.maskInterrupt	opaque
Sel4Lean.Spec.M.Object_CNode.loadCapTransfer	def
Sel4Lean.Spec.ArchInvocationLabel.RISCVIRQIssueIRQHandler	ctor
Sel4Lean.Spec.TCB.tcbBoundNotification	def
Sel4Lean.Spec.M.Kernel_Thread.prioToL1Index	def
Sel4Lean.Spec.MapH.splitLookup	def
Sel4Lean.Spec.KernelConfig.CONFIG_ARM_HIKEY_OUTSTANDING_PREFETCHERS	def
Sel4Lean.Spec.GenInvocationLabels.TCBWriteRegisters	ctor
Sel4Lean.Spec.M.Object_ObjectType.placeNewObject	def
Sel4Lean.Spec.M.Object_CNode.capTransferFromWords	def
Sel4Lean.Spec.isSetTLSBase	def
Sel4Lean.Spec.PageInvocation.set_pageMapCap	def
Sel4Lean.Spec.M.Kernel_Thread.transferCaps	def
Sel4Lean.Spec.SerialData.value	def
Sel4Lean.Spec.isPageTablePTE	def
Sel4Lean.Spec.instIntegralHRegister	def
Sel4Lean.Spec.GenInvocationLabels.CNodeMutate.elim	def
Sel4Lean.Spec.ArchCapability.set_capFBasePtr	def
Sel4Lean.Spec.replicate	def
Sel4Lean.Spec.M.Object_Untyped.invokeUntyped	def
Sel4Lean.Spec.M.API_Syscall.lookupCapAndSlot	def
Sel4Lean.Spec.GenInvocationLabels.TCBSetMCPriority.elim	def
Sel4Lean.Spec.SyscallError.set_rangeErrorMin	def
Sel4Lean.Spec.instInhabitedTCB.default_1	def
Sel4Lean.Spec.LookupFailure.depthMismatchBitsLeft	def
Sel4Lean.Spec.M.Object_Interrupt.RISCV64.handleReservedIRQ	def
Sel4Lean.Spec.NTFN.ntfnQueue	def
Sel4Lean.Spec.VMRights.ofNat	def
Sel4Lean.Spec.KernelObjectType.NotificationT	ctor
Sel4Lean.Spec.M.API_Syscall.handleYield	def
Sel4Lean.Spec.M.API_Types.toAPIType	def
Sel4Lean.Spec.M.Machine_Hardware_RISCV64_HiFive.loadWordCallback	opaque
Sel4Lean.Spec.GenInvocationLabels.CNodeCancelBadgedSends.elim	def
Sel4Lean.Spec.M.Object_Structures.tcbReplySlot	def
Sel4Lean.Spec.M.Object_CNode.insertInitCap	def
Sel4Lean.Spec.M.Object_CNode.sameObjectAs	def
Sel4Lean.Spec.MachineOps.wordStepList	def
Sel4Lean.Spec.RISCV64.Register.S8	ctor
Sel4Lean.Spec.M.Kernel_BootInfo.nopBIFrameData	opaque
Sel4Lean.Spec.loadObject_cte	def
Sel4Lean.Spec.MachineOps.getRestartPC	def
Sel4Lean.Spec.M.Kernel_VSpace_RISCV64.pageBits	def
Sel4Lean.Spec.instDecidableEqCPtr	def
Sel4Lean.Spec.RISCV64.Register.A2.elim	def
Sel4Lean.Spec.MachineOps.resetTimer	def
Sel4Lean.Spec.TCBInvocation.NotificationControl	ctor
Sel4Lean.Spec.Capability.ArchObjectCap	ctor
Sel4Lean.Spec.M.Kernel_Init.createInitialThread	def
Sel4Lean.Spec.funPartialArray	def
Sel4Lean.Spec.M.Kernel_VSpace_RISCV64.asidRange	def
Sel4Lean.Spec.IRQControlInvocation.issueHandlerSlot	def
Sel4Lean.Spec.MDBNode.below_1	def
Sel4Lean.Spec.isActiveNtfn	def
Sel4Lean.Spec.PTE.pteExecute	def
Sel4Lean.Spec.Fault.UnknownSyscallException	ctor
Sel4Lean.Spec.instOfNatASID	def
Sel4Lean.Spec.M.Machine_Hardware_RISCV64.getRestartPC	def
Sel4Lean.Spec.instDecidableLtVPtr	def
Sel4Lean.Spec.KernelObject.KOTCB	ctor
Sel4Lean.Spec.instForMHOfMonad	def
Sel4Lean.Spec.instDecidableEqASIDControlInvocation	def
Sel4Lean.Spec.M.Object_ObjectType_RISCV64.isCapRevocable	def
Sel4Lean.Spec.instDecidableEqASID	def
Sel4Lean.Spec.BoundedH.maxB	def
Sel4Lean.Spec.TCB.tcbFault	def
Sel4Lean.Spec.Capability.set_capReplyCanGrant	def
Sel4Lean.Spec.CNodeInvocation.set_insertCap	def
Sel4Lean.Spec.IRQHandlerInvocation.set_setIRQHandlerCap	def
Sel4Lean.Spec.Invocation.InvokeEndpoint	ctor
Sel4Lean.Spec.TCB.tcbCaller	def
Sel4Lean.Spec.instInhabitedInvocation.default	def
Sel4Lean.Spec.instPSpaceStorablePTE	def
Sel4Lean.Spec.ArchCapability.ASIDControlCap	ctor
Sel4Lean.Spec.M.Kernel_VSpace_RISCV64.asidLowBits	def
Sel4Lean.Spec.SyscallError.TruncatedMessage.elim	def
Sel4Lean.Spec.MachineOps.storeWord	def
Sel4Lean.Spec.M.Object_CNode.locateSlotCNode	def
Sel4Lean.Spec.M.Kernel_VSpace.initKernelVM	def
Sel4Lean.Spec.DesignOnly.HaskellInitData	type
Sel4Lean.Spec.InitData	type
Sel4Lean.Spec.isDepthMismatch	def
Sel4Lean.Spec.M.Model_Preemption.preemptionPoint	def
Sel4Lean.Spec.M.Object_Structures_RISCV64.maxUntypedSizeBits	def
Sel4Lean.Spec.instMonadFailHNondetM	def
Sel4Lean.Spec.KernelConfig.config_ARM_HYPERVISOR_SUPPORT	def
Sel4Lean.Spec.M.Kernel_VSpace.createITPDPTs	def
Sel4Lean.Spec.instDecidableRelLe_sel4Lean	def
Sel4Lean.Spec.GenInvocationLabels.DomainSetSet	ctor
Sel4Lean.Spec.TCBInvocation.set_setFlagsClear	def
Sel4Lean.Spec.PageInvocation.pageUnmapCap	def
Sel4Lean.Spec.instInhabitedVPtr.default	def
Sel4Lean.Spec.M.Kernel_Thread.initTCB	def
Sel4Lean.Spec.M.Object_Interrupt_RISCV64.withoutPreemption	def
Sel4Lean.Spec.M.Object_ObjectType.createObject	def
Sel4Lean.Spec.M.Kernel_VSpace_RISCV64.lookupPTSlotFromLevel	opaque
Sel4Lean.Spec.Platform.pptrTop	def
Sel4Lean.Spec.M.Object_TCB.tlsBaseRegister	def
Sel4Lean.Spec.M.Machine_RegisterSet_RISCV64.newContext	def
Sel4Lean.Spec.instInhabitedIRQHandlerInvocation	def
Sel4Lean.Spec.ArchTCB.ArchThread	ctor
Sel4Lean.Spec.CapTransfer.ctReceiveRoot	def
Sel4Lean.Spec.whenH	def
Sel4Lean.Spec.M.Object_Notification.receiveBlocked	def
Sel4Lean.Spec.M.API_Faults.handleFaultReply	def
Sel4Lean.Spec.M.Object_CNode.sameRegionAs	def
Sel4Lean.Spec.RISCV64.Register.NextIP.elim	def
Sel4Lean.Spec.MessageInfo.msgCapsUnwrapped	def
Sel4Lean.Spec.RISCV64.Register.T0.elim	def
Sel4Lean.Spec.Fault.set_capFaultInReceivePhase	def
Sel4Lean.Spec.M.Object_ObjectType.sendIPC	opaque
Sel4Lean.Spec.RISCV64.ArchKernelObjectType	type
Sel4Lean.Spec.M.Object_TCB_RISCV64.decodeTransfer	def
Sel4Lean.Spec.VMFaultType.ofNat_ctorIdx	other
Sel4Lean.Spec.instBoundedHUserData	def
Sel4Lean.Spec.M.Object_ObjectType.getThreadCSpaceRoot	opaque
Sel4Lean.Spec.M.Object_Endpoint.capHasProperty	opaque
Sel4Lean.Spec.M.Object_TCB.unbindNotification	def
Sel4Lean.Spec.Event.Interrupt	ctor
Sel4Lean.Spec.koTypeOf_injectKO	other
Sel4Lean.Spec.M.Object_TCB.wordFromMessageInfo	def
Sel4Lean.Spec.BinaryTree.Node	ctor
Sel4Lean.Spec.M.Kernel_BootInfo.biCapIOSpace	opaque
Sel4Lean.Spec.TCB.tcbVTable	def
Sel4Lean.Spec.M.Object_Untyped.alignUp	def
Sel4Lean.Spec.M.Kernel_Thread.cteDeleteOne	opaque
Sel4Lean.Spec.IRQHandlerInvocation.set_irqHandlerIRQ	def
Sel4Lean.Spec.M.Object_ObjectType.decodeIRQControlInvocation	def
Sel4Lean.Spec.instInhabitedRISCVVSpaceRegionUse.default	def
Sel4Lean.Spec.M.Kernel_Init.configureIdleThread	def
Sel4Lean.Spec.RISCV64.Register.S9	ctor
Sel4Lean.Spec.Capability.CNodeCap.elim	def
Sel4Lean.Spec.M.Model_PSpace.deletionIsSafe	opaque
Sel4Lean.Spec.ASIDControlInvocation.makePoolBase	def
Sel4Lean.Spec.KernelObjectType.CTET.elim	def
Sel4Lean.Spec.TCBInvocation.set_tcNewIPCBuffer	def
Sel4Lean.Spec.M.Object_TCB.throw	def
Sel4Lean.Spec.instDecidableLtPAddr	def
Sel4Lean.Spec.isDelete	def
Sel4Lean.Spec.KernelObjectType.ArchT	ctor
Sel4Lean.Spec.ThreadState.Restart	ctor
Sel4Lean.Spec.M.Kernel_VSpace_RISCV64.maybeVSpaceForASID	def
Sel4Lean.Spec.RISCV64.Register.ofNat	def
Sel4Lean.Spec.M.API_Failures.msgFromSyscallError	def
Sel4Lean.Spec.M.Object_Endpoint.threadSet	opaque
Sel4Lean.Spec.UntypedInvocation.retypeNewSizeBits	def
Sel4Lean.Spec.Invocation.InvokeReply.elim	def
Sel4Lean.Spec.M.Object_Domain.domainSetStart	def
Sel4Lean.Spec.M.Object_CNode.cteMove	def
Sel4Lean.Spec.RISCV64.ArchKernelObjectType.ASIDPoolT	ctor
Sel4Lean.Spec.M.Object_Untyped.resetUntypedCap	opaque
Sel4Lean.Spec.M.Machine_Hardware.getRestartPC	def
Sel4Lean.Spec.KernelInit.biFrameSizeBits	opaque
Sel4Lean.Spec.M.Kernel_Thread.setExtraBadge	def
Sel4Lean.Spec.PageInvocation.PageUnmap.elim	def
Sel4Lean.Spec.M.Machine_RegisterSet.mask	def
Sel4Lean.Spec.M.SEL4.handleEvent	def
Sel4Lean.Spec.InitData.initKernelState	def
Sel4Lean.Spec.M.Object_Interrupt.maxIRQ	def
Sel4Lean.Spec.M.Kernel_VSpace.RISCV64.writeITASIDPool	def
Sel4Lean.Spec.RISCV64.ArchKernelObjectType.ofNat	def
Sel4Lean.Spec.M.Machine_RegisterSet_RISCV64.gpRegisters	def
Sel4Lean.Spec.RISCV64.instInhabitedIRQControlInvocation.default	def
Sel4Lean.Spec.M.Object_Untyped.constOnFailure	def
Sel4Lean.Spec.M.Object_Untyped.retypeFanOutLimit	def
Sel4Lean.Spec.DesignOnly.finaliseSlot'	opaque
Sel4Lean.Spec.UserDataDevice.toIdx	def
Sel4Lean.Spec.M.Model_StateData.getSchedulerAction	def
Sel4Lean.Spec.M.Object_TCB.mapMaybe	def
Sel4Lean.Spec.toEnumH_ObjectType	def
Sel4Lean.Spec.M.Object_ObjectType_RISCV64.performInvocation	def
Sel4Lean.Spec.instDecidableEqLookupFailure	def
Sel4Lean.Spec.RISCV64.Register.SSTATUS	ctor
Sel4Lean.Spec.GenInvocationLabels.TCBSuspend.elim	def
Sel4Lean.Spec.M.Kernel_BootInfo.pageBits	def
Sel4Lean.Spec.isASIDPoolCap	def
Sel4Lean.Spec.RISCVVSpaceRegionUse.RISCVVSpaceInvalidRegion	ctor
Sel4Lean.Spec.M.Kernel_FaultHandler.sendFaultIPC	opaque
Sel4Lean.Spec.M.Object_Interrupt_RISCV64.ensureEmptySlot	opaque
Sel4Lean.Spec.instDecidableEqSyscallError.decEq	def
Sel4Lean.Spec.PageTableInvocation.ptUnmapCapSlot	def
Sel4Lean.Spec.instBoundedHHypFaultType	def
Sel4Lean.Spec.VMFaultType.ofNat	def
Sel4Lean.Spec.M.Object_Interrupt.genInvocationType	def
Sel4Lean.Spec.M.Kernel_Thread.updateRestartPC	def
Sel4Lean.Spec.M.Object_TCB.msgInfoRegister	def
Sel4Lean.Spec.SyscallError.InvalidArgument	ctor
Sel4Lean.Spec.isIllegalOperation	def
Sel4Lean.Spec.instInhabitedUserContext	def
Sel4Lean.Spec.filterM	def
Sel4Lean.Spec.TCBInvocation.copyRegsResumeTarget	def
Sel4Lean.Spec.isBlockedOnNotification	def
Sel4Lean.Spec.Platform.kernelELFBaseOffset	def
Sel4Lean.Spec.instBoundedHRegister_1	def
Sel4Lean.Spec.M.Kernel_VSpace_RISCV64.withoutPreemption	def
Sel4Lean.Spec.TCBInvocation.set_copyRegsTransferFrame	def
Sel4Lean.Spec.instMonadStateOfNondetM	def
Sel4Lean.Spec.M.Object_TCB.getSanitiseRegisterInfo	def
Sel4Lean.Spec.KernelState.ksIdleThread	def
Sel4Lean.Spec.CNodeInvocation.CancelBadgedSends	ctor
Sel4Lean.Spec.RISCV64.Invocation.ctorElim	def
Sel4Lean.Spec.BitsH.complementB	def
Sel4Lean.Spec.M.Kernel_Thread.configureIdleThread	def
Sel4Lean.Spec.M.Object_ObjectType_RISCV64.maskCapRights	def
Sel4Lean.Spec.ArchCapability.ASIDPoolCap	ctor
Sel4Lean.Spec.M.Machine_Hardware.RISCV64.pageBits	def
Sel4Lean.Spec.M.Object_Domain.domainScheduleConfigure	def
Sel4Lean.Spec.BIFrameData.bifDeviceRegions	def
Sel4Lean.Spec.M.API_Types_Universal.wordSizeCase	def
Sel4Lean.Spec.Platform.kernelELFBase	def
Sel4Lean.Spec.instMaxBitVec_sel4Lean	def
Sel4Lean.Spec.BIDeviceRegion.BIDeviceRegion	ctor
Sel4Lean.Spec.instInhabitedIRQHandlerInvocation.default	def
Sel4Lean.Spec.KernelState.gsUserPages	def
Sel4Lean.Spec.BinaryTree.Empty	ctor
Sel4Lean.Spec.KernelObject.KOUserDataDevice.elim	def
Sel4Lean.Spec.M.API_Syscall.getCurThread	def
Sel4Lean.Spec.RISCV64.Register.A5	ctor
Sel4Lean.Spec.M.Object_TCB.updateCapData	def
Sel4Lean.Spec.PageInvocation.ctorElimType	def
Sel4Lean.Spec.DesignOnly.HaskellInitData.initBootInfoFrame	def
Sel4Lean.Spec.M.Object_Interrupt_RISCV64.invokeIRQHandler	def
Sel4Lean.Spec.M.Machine_Hardware.config_HAVE_FPU	def
Sel4Lean.Spec.GenInvocationLabels.TCBReadRegisters	ctor
Sel4Lean.Spec.M.Data_WordLib.wordBits	def
Sel4Lean.Spec.Region.Region	ctor
Sel4Lean.Spec.instDecidableEqPageTableInvocation	def
Sel4Lean.Spec.ASID.ASID	ctor
Sel4Lean.Spec.M.Object_TCB.setRegister	def
Sel4Lean.Spec.instPSpaceStorableNotification	def
Sel4Lean.Spec.toEnum	def
Sel4Lean.Spec.M.Object_Domain.decodeDomainInvocation	def
Sel4Lean.Spec.BitsH.mk	ctor
Sel4Lean.Spec.MachineOps.setIRQTrigger	def
Sel4Lean.Spec.M.Kernel_Thread.asUser	def
Sel4Lean.Spec.M.Kernel_VSpace_RISCV64.maskVMRights	def
Sel4Lean.Spec.IRQState.IRQInactive.elim	def
Sel4Lean.Spec.ThreadState.set_blockingIPCIsCall	def
Sel4Lean.Spec.RISCV64.Register.A0.elim	def
Sel4Lean.Spec.M.Object_Domain.rescheduleRequired	opaque
Sel4Lean.Spec.MDBNode.brecOn_1	def
Sel4Lean.Spec.MachineStateRest	def
Sel4Lean.Spec.GenInvocationLabels.CNodeMutate	ctor
Sel4Lean.Spec.isZombieCNode	def
Sel4Lean.Spec.KernelInit.biCapITTCB	opaque
Sel4Lean.Spec.M.Kernel_VSpace_RISCV64.catchFailure	def
Sel4Lean.Spec.M.Kernel_Init.initFreemem	opaque
Sel4Lean.Spec.M.Object_CNode.decodeCNodeInvocation	def
Sel4Lean.Spec.RISCV64.Invocation.ctorElimType	def
Sel4Lean.Spec.M.Kernel_Thread.RISCV64.configureIdleThread	def
Sel4Lean.Spec.genericLength	def
Sel4Lean.Spec.M.Machine_Hardware.resetTimer	def
Sel4Lean.Spec.M.Kernel_Init.createFramesOfRegion	def
Sel4Lean.Spec.PageTableInvocation.ctorElim	def
Sel4Lean.Spec.KernelObjectType.ctorElim	def
Sel4Lean.Spec.M.Object_TCB.isValidVTableRoot	opaque
Sel4Lean.Spec.Capability.set_capEPPtr	def
Sel4Lean.Spec.Fault.set_archFault	def
Sel4Lean.Spec.M.Kernel_VSpace_RISCV64.ptTranslationBits	def
Sel4Lean.Spec.instDecidableEqPTE	def
Sel4Lean.Spec.M.Kernel_BootInfo.biCapITASIDPool	opaque
Sel4Lean.Spec.M.Kernel_Thread.setPriority	def
Sel4Lean.Spec.instInhabitedAPIObjectType.default	def
Sel4Lean.Spec.M.Object_Structures.dschLength	def
Sel4Lean.Spec.KernelObjectType.UserDataDeviceT	ctor
Sel4Lean.Spec.NTFN.ntfnMsgIdentifier	def
Sel4Lean.Spec.GenInvocationLabels.TCBResume.elim	def
Sel4Lean.Spec.PageInvocation.ctorElim	def
Sel4Lean.Spec.CapTransfer.ctReceiveIndex	def
Sel4Lean.Spec.M.Kernel_Init.locateSlotCap	def
Sel4Lean.Spec.SchedulerAction.set_schActTarget	def
Sel4Lean.Spec.M.Kernel_BootInfo.biCapITPD	opaque
Sel4Lean.Spec.M.API_Syscall.tcbSchedAppend	def
Sel4Lean.Spec.M.API_Syscall.replyFromKernel	def
Sel4Lean.Spec.M.Model_StateData.l2BitmapSize	def
Sel4Lean.Spec.MDBNode.brecOn.eq	other
Sel4Lean.Spec.M.Object_Interrupt.deletedIRQHandler	def
Sel4Lean.Spec.RISCV64.ArchKernelObjectType.ASIDPoolT.elim	def
Sel4Lean.Spec.M.Object_Endpoint.isSend	def
Sel4Lean.Spec.CTE.CTE	ctor
Sel4Lean.Spec.EnumH	type
Sel4Lean.Spec.instInhabitedInitFailure	def
Sel4Lean.Spec.M.Object_TCB.decodeReadRegisters	def
Sel4Lean.Spec.M.Object_TCB.nullPointer	def
Sel4Lean.Spec.M.Object_Structures.pageBits	def
Sel4Lean.Spec.ForMH.forMH	def
Sel4Lean.Spec.instDecidableEqKernelObjectType	def
Sel4Lean.Spec.CNodeInvocation.targetSlot	def
Sel4Lean.Spec.Capability.Zombie.elim	def
Sel4Lean.Spec.M.API_Syscall.asUser	def
Sel4Lean.Spec.M.Object_ObjectType.invokeDomain	def
Sel4Lean.Spec.SyscallError.set_rangeErrorMax	def
Sel4Lean.Spec.instInhabitedObjectType	def
Sel4Lean.Spec.M.API_Types.wordFromMessageInfo	def
Sel4Lean.Spec.shiftLH	def
Sel4Lean.Spec.M.Object_Structures_RISCV64.asidHighBits	def
Sel4Lean.Spec.Invocation.ctorElimType	def
Sel4Lean.Spec.ZombieType.ZombieCNode	ctor
Sel4Lean.Spec.Capability.capEPCanSend	def
Sel4Lean.Spec.M.Object_Notification.rescheduleRequired	opaque
Sel4Lean.Spec.M.Object_Untyped.resetChunkBits	def
Sel4Lean.Spec.M.Object_Interrupt.initInterruptController	def
Sel4Lean.Spec.CNodeInvocation.SaveCaller	ctor
Sel4Lean.Spec.isZombieTCB	def
Sel4Lean.Spec.M.Model_StateData.idleThreadNotQueued	opaque
Sel4Lean.Spec.instPreStorableUserDataDevice	def
Sel4Lean.Spec.instLTCPtr	def
Sel4Lean.Spec.M.Object_Notification.completeSignal	def
Sel4Lean.Spec.PTE.InvalidPTE.elim	def
Sel4Lean.Spec.M.Machine_Hardware.maxIRQ	def
Sel4Lean.Spec.KernelConfig.config_ARM_PA_SIZE_BITS_40	def
Sel4Lean.Spec.M.Object_TCB.atcbContextSet	def
Sel4Lean.Spec.M.Object_TCB.tcbVTableSlot	def
Sel4Lean.Spec.instDecidableEqUserData	def
Sel4Lean.Spec.MDBNode.mdbFirstBadged	def
Sel4Lean.Spec.M.Object_CNode.lookupTargetSlot	opaque
Sel4Lean.Spec.TCBInvocation.set_tcNewFaultEP	def
Sel4Lean.Spec.instBoundedHCPtr	def
Sel4Lean.Spec.Endpoint.ctorElimType	def
Sel4Lean.Spec.TCBInvocation.setFlagsSet	def
Sel4Lean.Spec.RISCV64.Register.S1.elim	def
Sel4Lean.Spec.TCBInvocation.copyRegsTransferFrame	def
Sel4Lean.Spec.M.Object_TCB.atcbContextGet	def
Sel4Lean.Spec.M.API_Faults.getRestartPC	def
Sel4Lean.Spec.M.Kernel_CSpace.throw	def
Sel4Lean.Spec.M.Object_Untyped.withoutPreemption	def
Sel4Lean.Spec.M.Model_Failures.unifyFailure	def
Sel4Lean.Spec.MDBNode.MDB	ctor
Sel4Lean.Spec.RISCV64.KernelState.riscvKSASIDTable	def
Sel4Lean.Spec.M.Machine_Hardware_RISCV64_Spike.loadWordCallback	opaque
Sel4Lean.Spec.IRQHandlerInvocation.SetIRQHandler	ctor
Sel4Lean.Spec.PageTableInvocation.ctorElimType	def
Sel4Lean.Spec.M.Kernel_Thread.isRunnable	def
Sel4Lean.Spec.Capability.capIRQ	def
Sel4Lean.Spec.div	def
Sel4Lean.Spec.Syscall.SysNBSend.elim	def
Sel4Lean.Spec.M.Object_Structures.isNullCap	def
Sel4Lean.Spec.M.Object_Domain.parseTimeArg	def
Sel4Lean.Spec.M.API_Types.ptrFromPAddr	def
Sel4Lean.Spec.M.Object_Endpoint.getCTE	opaque
Sel4Lean.Spec.KernelObject.KONotification	ctor
Sel4Lean.Spec.CNodeInvocation.ctorElim	def
Sel4Lean.Spec.M.Object_TCB.frameRegisters	def
Sel4Lean.Spec.UntypedInvocation.retypeFreeRegionBase	def
Sel4Lean.Spec.instInhabitedArchKernelObject.default	def
Sel4Lean.Spec.M.Model_Syscall.withoutPreemption	def
Sel4Lean.Spec.M.Model_PSpace.setObject	def
Sel4Lean.Spec.UserData.toIdx	def
Sel4Lean.Spec.PageTableInvocation.set_ptUnmapCapSlot	def
Sel4Lean.Spec.instInhabitedBIDeviceRegion	def
Sel4Lean.Spec.M.API_Types.wordSizeCase	def
Sel4Lean.Spec.CNodeInvocation.set_epCap	def
Sel4Lean.Spec.M.Kernel_Thread.getBoundNotification	def
Sel4Lean.Spec.DomainInvocation.set_domDuration	def
Sel4Lean.Spec.Endpoint.IdleEP	ctor
Sel4Lean.Spec.M.Object_Structures_RISCV64.asidHighBitsOf	def
Sel4Lean.Spec.M.Machine_Hardware_RISCV64_Spike.pageColourBits	def
Sel4Lean.Spec.M.Object_CNode.lookupPivotSlot	opaque
Sel4Lean.Spec.M.Machine_Hardware_RISCV64_HiFive.getActiveIRQ	opaque
Sel4Lean.Spec.M.Object_Structures.nullPointer	def
Sel4Lean.Spec.UserDataDevice.ofNat_ctorIdx	other
Sel4Lean.Spec.Capability.capZombieType	def
Sel4Lean.Spec.Invocation.InvokeArchObject	ctor
Sel4Lean.Spec.PSpace	type
Sel4Lean.Spec.M.Kernel_Thread.setNextPC	def
Sel4Lean.Spec.M.Machine_Hardware.RISCV64.configureTimer	def
Sel4Lean.Spec.instBoundedHVMFaultType	def
Sel4Lean.Spec.RISCV64.IRQ.IRQ	ctor
Sel4Lean.Spec.instInhabitedSlotRegion.default	def
Sel4Lean.Spec.TCB.tcbFaultHandler	def
Sel4Lean.Spec.M.Model_StateData_RISCV64.newKernelState	def
Sel4Lean.Spec.RISCV64.IRQControlInvocation.issueHandlerSlot	def
Sel4Lean.Spec.instInhabitedCTE.default_1	def
Sel4Lean.Spec.instInhabitedMDBNode	def
Sel4Lean.Spec.M.Machine_RegisterSet.RISCV64.exceptionMessage	def
Sel4Lean.Spec.M.Model_StateData.setIdleThread	def
Sel4Lean.Spec.M.Model_StateData_RISCV64.maxPTLevel	def
Sel4Lean.Spec.LookupFailure.guardMismatchGuardFound	def
Sel4Lean.Spec.M.Object_TCB.wordSize	def
Sel4Lean.Spec.M.Object_ObjectType.RISCV64.decodeInvocation	def
Sel4Lean.Spec.M.Kernel_VSpace_RISCV64.setVSpaceRoot	def
Sel4Lean.Spec.M.Object_Notification.setRegister	def
Sel4Lean.Spec.isResumeCurrentThread	def
Sel4Lean.Spec.M.Object_Endpoint.ksReadyQueues_asrt	opaque
Sel4Lean.Spec.M.Object_TCB.rangeCheck	def
Sel4Lean.Spec.Fault.UnknownSyscallException.elim	def
Sel4Lean.Spec.M.Object_Untyped.wordBits	def
Sel4Lean.Spec.M.Machine_RegisterSet.setRegister	def
Sel4Lean.Spec.M.Kernel_Init.biCapIRQControl	opaque
Sel4Lean.Spec.M.Machine_Hardware_RISCV64_HiFive.irqInvalid	def
Sel4Lean.Spec.MachineOps.irq_oracle	opaque
Sel4Lean.Spec.assocs	def
Sel4Lean.Spec.M.Object_Untyped.decodeUntypedInvocation	def
Sel4Lean.Spec.M.Object_TCB.copyMRs	def
Sel4Lean.Spec.M.Object_Notification.cancelSignal	def
Sel4Lean.Spec.VMFaultType.RISCVInstructionAccessFault.elim	def
Sel4Lean.Spec.M.Machine_Hardware_RISCV64.maskInterrupt	def
Sel4Lean.Spec.M.Object_Interrupt_RISCV64.maskIrqSignal	def
Sel4Lean.Spec.M.Object_Structures.isReplyCap	def
Sel4Lean.Spec.take	def
Sel4Lean.Spec.KernelState.ksCurDomain	def
Sel4Lean.Spec.M.Object_TCB.asUser	def
Sel4Lean.Spec.PTE	type
Sel4Lean.Spec.M.API_Syscall.handleEvent	def
Sel4Lean.Spec.M.Kernel_Thread.ready_qs_runnable	opaque
Sel4Lean.Spec.M.Object_Endpoint.setRegister	def
Sel4Lean.Spec.KernelConfig.CONFIG_CLZ_NO_BUILTIN	def
Sel4Lean.Spec.M.API_Syscall.handleRecv	def
Sel4Lean.Spec.M.Model_PSpace.placeNewObject	def
Sel4Lean.Spec.MachineOps.ignore_failure	def
Sel4Lean.Spec.Fault.set_userExceptionNumber	def
Sel4Lean.Spec.M.Object_Interrupt.allocFrame	opaque
Sel4Lean.Spec.CNodeInvocation.insertCap	def
Sel4Lean.Spec.Capability.UntypedCap.elim	def
Sel4Lean.Spec.M.Kernel_Init.activateInitialThread	def
Sel4Lean.Spec.UserDataDevice.UserDataDevice	ctor
Sel4Lean.Spec.M.API_Types_RISCV64.cteSizeBits	def
Sel4Lean.Spec.foldl'	def
Sel4Lean.Spec.M.Kernel_Thread.modifyReadyQueuesL1Bitmap	def
Sel4Lean.Spec.MDBNode.brecOn_4	def
Sel4Lean.Spec.M.Machine_Hardware.configureTimer	def
Sel4Lean.Spec.ArchCapability.set_capFVMRights	def
Sel4Lean.Spec.instInhabitedVMFaultType.default	def
Sel4Lean.Spec.M.Machine_Hardware.clearMemory	def
Sel4Lean.Spec.LookupFailure.MissingCapability	ctor
Sel4Lean.Spec.listIndexH	def
Sel4Lean.Spec.instInhabitedHypFaultType.default	def
Sel4Lean.Spec.MDBNode.rec_5	other
Sel4Lean.Spec.RISCV64.Register.ctorElim	def
Sel4Lean.Spec.M.Object_TCB.setupCallerCap	def
Sel4Lean.Spec.concat	def
Sel4Lean.Spec.M.Machine_RegisterSet.frameRegisters	def
Sel4Lean.Spec.RISCV64.Register.A6.elim	def
Sel4Lean.Spec.tail	def
Sel4Lean.Spec.Capability.set_capZombieType	def
Sel4Lean.Spec.PTE.pteRights	def
Sel4Lean.Spec.instBoundedHTcbFlag	def
Sel4Lean.Spec.M.Object_ObjectType.capUntypedSize	def
Sel4Lean.Spec.M.Object_Untyped.getObjectSize	def
Sel4Lean.Spec.RISCV64.KernelState.RISCVKernelState	ctor
Sel4Lean.Spec.M.Kernel_Init.createUntypedObject	opaque
Sel4Lean.Spec.Capability.capEPPtr	def
Sel4Lean.Spec.PTE.pteUser	def
Sel4Lean.Spec.Syscall.SysRecv.elim	def
Sel4Lean.Spec.M.Kernel_VSpace.writeITASIDPool	def
Sel4Lean.Spec.HypFaultType.ofNat_ctorIdx	other
Sel4Lean.Spec.RISCV64.Register.S4	ctor
Sel4Lean.Spec.RISCV64.Register.S3.elim	def
Sel4Lean.Spec.instInhabitedIRQControlInvocation	def
Sel4Lean.Spec.ArchFault.vmFaultAddress	def
Sel4Lean.Spec.M.Object_Untyped.mask	def
Sel4Lean.Spec.Capability.capTCBPtr	def
Sel4Lean.Spec.instLEIRQOfIRQ	def
Sel4Lean.Spec.instAddVPtr	def
Sel4Lean.Spec.M.Object_CNode.getObjectSize	def
Sel4Lean.Spec.Capability	type
Sel4Lean.Spec.M.Kernel_Thread.scheduleChooseNewThread	def
Sel4Lean.Spec.M.Object_Structures.kernelObjectTypeName	opaque
Sel4Lean.Spec.instDecidableEqCTE	def
Sel4Lean.Spec.KernelConfig.CONFIG_MAX_NUM_NODES	def
Sel4Lean.Spec.M.Object_CNode.isArchMDBParentOf	def
Sel4Lean.Spec.RISCV64.instInhabitedKernelState	def
Sel4Lean.Spec.instDecidableLeVPtr	def
Sel4Lean.Spec.instIntegralHPPtr	def
Sel4Lean.Spec.GenInvocationLabels.ofNat	def
Sel4Lean.Spec.M.Kernel_VSpace_RISCV64.handleVMFault	def
Sel4Lean.Spec.ArchCapability.capFVMRights	def
Sel4Lean.Spec.M.Model_PSpace.RISCV64.deleteGhost	def
Sel4Lean.Spec.M.Object_ObjectType_RISCV64.catchFailure	def
Sel4Lean.Spec.M.Model_StateData.emptyQueue	def
Sel4Lean.Spec.InitFailure.ofNat_ctorIdx	other
Sel4Lean.Spec.M.API_Types.getObjectSize	def
Sel4Lean.Spec.KernelConfig.CONFIG_TIMER_TICK_MS	def
Sel4Lean.Spec.M.Kernel_Thread.deriveCap	def
Sel4Lean.Spec.instInhabitedASID	def
Sel4Lean.Spec.isReadRegisters	def
Sel4Lean.Spec.gets	def
Sel4Lean.Spec.instBitsHASID	def
Sel4Lean.Spec.KernelInit.newKSDomScheduleIdx	opaque
Sel4Lean.Spec.MDBNode.below_3	def
Sel4Lean.Spec.M.Object_CNode.getReceiveSlots	def
Sel4Lean.Spec.Capability.ThreadCap	ctor
Sel4Lean.Spec.M.Kernel_Thread.countLeadingZeros	def
Sel4Lean.Spec.M.Model_StateData.numDomains	def
Sel4Lean.Spec.instInhabitedGenInvocationLabels.default	def
Sel4Lean.Spec.M.API_Syscall.handleInvocation	def
Sel4Lean.Spec.M.API_Syscall.handleFault	def
Sel4Lean.Spec.RISCV64.IRQControlInvocation.issueHandlerTrigger	def
Sel4Lean.Spec.instDecidableEqObjectType.decEq	def
Sel4Lean.Spec.M.Object_TCB.setObject	def
Sel4Lean.Spec.Notification.brecOn.go	def
Sel4Lean.Spec.M.Kernel_BootInfo.biCapASIDControl	opaque
Sel4Lean.Spec.KernelInit.itASID	opaque
Sel4Lean.Spec.M.Machine_RegisterSet.getRegister	def
Sel4Lean.Spec.KernelState.ksInterruptState	def
Sel4Lean.Spec.breakH	def
Sel4Lean.Spec.CNodeInvocation.set_moveCap	def
Sel4Lean.Spec.KernelInit.biCapIRQControl	opaque
Sel4Lean.Spec.M.Object_Structures_RISCV64.parseTimeArg	def
Sel4Lean.Spec.M.Machine_Hardware.getMemoryRegions	def
Sel4Lean.Spec.ReadyQueue	def
Sel4Lean.Spec.HypFaultType.ofNat	def
Sel4Lean.Spec.BinaryTree.Leaf.elim	def
Sel4Lean.Spec.M.Object_Structures.tcbVTableSlot	def
Sel4Lean.Spec.ArchTCB	type
Sel4Lean.Spec.Invocation.InvokeIRQHandler	ctor
Sel4Lean.Spec.SchedulerAction.ResumeCurrentThread.elim	def
Sel4Lean.Spec.PageTableInvocation.set_ptMapCTSlot	def
Sel4Lean.Spec.isBlockedOnSend	def
Sel4Lean.Spec.RISCV64.IRQControlInvocation.issueHandlerControllerSlot	def
Sel4Lean.Spec.makeObjectTCB	def
Sel4Lean.Spec.M.Object_Endpoint.setMRs	opaque
Sel4Lean.Spec.M.Object_TCB.deleteCallerCap	def
Sel4Lean.Spec.Capability.set_capIsDevice	def
Sel4Lean.Spec.M.Object_TCB.decodeUnbindNotification	def
Sel4Lean.Spec.instMulPAddr	def
Sel4Lean.Spec.instInhabitedThreadState	def
Sel4Lean.Spec.MachineState	type
Sel4Lean.Spec.M.Object_CNode.updateNewFreeIndex	def
Sel4Lean.Spec.instForMHNondetM	def
Sel4Lean.Spec.M.Kernel_FaultHandler.setThreadState	def
Sel4Lean.Spec.M.Machine_Hardware.RISCV64.loadWord	def
Sel4Lean.Spec.UntypedInvocation.retypeSlots	def
Sel4Lean.Spec.VMFaultType.toIdx	def
Sel4Lean.Spec.instPreStorableUserData	def
Sel4Lean.Spec.instNonemptyMachineStateRest	other
Sel4Lean.Spec.M.Machine_Hardware_RISCV64.kernelELFBaseOffset	def
Sel4Lean.Spec.isDomainCap	def
Sel4Lean.Spec.ThreadState.BlockedOnNotification.elim	def
Sel4Lean.Spec.M.Model_StateData.curDomain	def
Sel4Lean.Spec.CapRights.capAllowWrite	def
Sel4Lean.Spec.M.Kernel_FaultHandler.handleDoubleFault	def
Sel4Lean.Spec.TCBInvocation.set_copyRegsSuspendSource	def
Sel4Lean.Spec.instDecidableEqVMPageSize	def
Sel4Lean.Spec.M.Object_Endpoint.setupCallerCap	opaque
Sel4Lean.Spec.GenInvocationLabels.IRQAckIRQ.elim	def
Sel4Lean.Spec.MapH.split	def
Sel4Lean.Spec.BIDeviceRegion.bidrBasePAddr	def
Sel4Lean.Spec.instSubCPtr	def
Sel4Lean.Spec.ThreadState.Running.elim	def
Sel4Lean.Spec.instIntegralHPAddr	def
Sel4Lean.Spec.TCB.tcbArch	def
Sel4Lean.Spec.instDecidableEqEndpoint	def
Sel4Lean.Spec.ObjectType.PageTableObject.elim	def
Sel4Lean.Spec.M.Kernel_Thread.handleFaultReply	def
Sel4Lean.Spec.RISCVVSpaceRegionUse.RISCVVSpaceKernelWindow.elim	def
Sel4Lean.Spec.M.Data_BinaryTree.findWithDefault	def
Sel4Lean.Spec.TCBInvocation.SetTLSBase.elim	def
Sel4Lean.Spec.M.Kernel_Thread.RISCV64.switchToThread	def
Sel4Lean.Spec.instBoundedHRegister	def
Sel4Lean.Spec.M.API_Types.capTransferDataSize	def
Sel4Lean.Spec.M.Kernel_VSpace.RISCV64.mapKernelWindow	def
Sel4Lean.Spec.PSpaceStorable.loadObject	def
Sel4Lean.Spec.M.Kernel_VSpace.isValidVTableRoot	def
Sel4Lean.Spec.CapRights.CapRights	ctor
Sel4Lean.Spec.M.Model_StateData.dschLength	def
Sel4Lean.Spec.KernelConfig.CONFIG_PADDR_USER_DEVICE_TOP	def
Sel4Lean.Spec.M.Object_ObjectType.RISCV64.capUntypedPtr	def
Sel4Lean.Spec.SyscallError.ctorElimType	def
Sel4Lean.Spec.ASIDControlInvocation	type
Sel4Lean.Spec.instLTRegisterOfRegister	def
Sel4Lean.Spec.M.Object_TCB.getCurThread	def
Sel4Lean.Spec.KernelObject.KOCTE	ctor
Sel4Lean.Spec.instDecidableEqHypFaultType	def
Sel4Lean.Spec.Invocation.InvokeIRQHandler.elim	def
Sel4Lean.Spec.BIFrameData.bifIPCBufVPtr	def
Sel4Lean.Spec.ArchCapability.capFIsDevice	def
Sel4Lean.Spec.instDecidableEqLookupFailure.decEq	def
Sel4Lean.Spec.MachineState.device_state	def
Sel4Lean.Spec.instIntegralHInvocationLabel	def
Sel4Lean.Spec.KernelObject.ctorElimType	def
Sel4Lean.Spec.CopyRegisterSets.ofNat	def
Sel4Lean.Spec.M.Model_StateData.ksReadyQueues_asrt	opaque
Sel4Lean.Spec.TCBInvocation.set_writeRegsResume	def
Sel4Lean.Spec.ArchInvocationLabel.RISCVASIDControlMakePool	ctor
Sel4Lean.Spec.IRQControlInvocation.ctorElimType	def
Sel4Lean.Spec.IRQControlInvocation.ArchIRQControl.elim	def
Sel4Lean.Spec.M.Machine_Hardware_RISCV64_HiFive.getKernelDevices	opaque
Sel4Lean.Spec.instInhabitedCNodeInvocation.default	def
Sel4Lean.Spec.KernelInit.newKSCurDomain	opaque
Sel4Lean.Spec.instDecidableEqCopyRegisterSets	def
Sel4Lean.Spec.M.Object_Structures_RISCV64.asidBits	def
Sel4Lean.Spec.M.API_InvocationLabels.genInvocationType	def
Sel4Lean.Spec.UserData.ofIdx	def
Sel4Lean.Spec.M.Object_ObjectType_RISCV64.sameRegionAs	def
Sel4Lean.Spec.reverse	def
Sel4Lean.Spec.M.Object_CNode.isCapRevocable	def
Sel4Lean.Spec.M.Kernel_VSpace.RISCV64.handleVMFault	def
Sel4Lean.Spec.GenInvocationLabels.ctorElimType	def
Sel4Lean.Spec.M.Kernel_Thread.getSchedulerAction	def
Sel4Lean.Spec.ArchCapability.set_capFMappedAddress	def
Sel4Lean.Spec.MachineOps.loadWord	def
Sel4Lean.Spec.M.Object_Interrupt_RISCV64.plic_complete_claim	def
Sel4Lean.Spec.Event.Interrupt.elim	def
Sel4Lean.Spec.instIntegralHIRQ_2	def
Sel4Lean.Spec.DomainInvocation.InvokeDomainScheduleSetStart.elim	def
Sel4Lean.Spec.PageTableInvocation.set_ptMapCap	def
Sel4Lean.Spec.M.Kernel_VSpace_RISCV64.decodeRISCVASIDPoolInvocation	def
Sel4Lean.Spec.instDecidableEqASID.decEq	def
Sel4Lean.Spec.M.Kernel_Thread.wordRadix	def
Sel4Lean.Spec.M.Object_TCB.threadSet	def
Sel4Lean.Spec.instMonadFailHReaderT	def
Sel4Lean.Spec.M.Object_ObjectType_RISCV64.cteGuardBits	def
Sel4Lean.Spec.RISCVVSpaceRegionUse.ctorElim	def
Sel4Lean.Spec.M.Object_TCB.setFlags	opaque
Sel4Lean.Spec.Event.ctorElimType	def
Sel4Lean.Spec.ArchCapability	type
Sel4Lean.Spec.HypFaultType.ofIdx	def
Sel4Lean.Spec.M.Object_Untyped.clearMemory	def
Sel4Lean.Spec.M.Object_CNode.locateSlotCap	def
Sel4Lean.Spec.RISCV64.Register.toIdx	def
Sel4Lean.Spec.M.Kernel_Thread.curDomain	def
Sel4Lean.Spec.TCBInvocation.tcNewIPCBuffer	def
Sel4Lean.Spec.M.Machine_Hardware.RISCV64.initIRQController	opaque
Sel4Lean.Spec.M.Object_Interrupt_RISCV64.handleReservedIRQ	def
Sel4Lean.Spec.M.Object_Endpoint.cteDeleteOne	opaque
Sel4Lean.Spec.KernelConfig.config_ARCH_AARCH32	def
Sel4Lean.Spec.M.Machine_Hardware_RISCV64_HiFive.physBase	def
Sel4Lean.Spec.TcbQueue.TcbQueue	ctor
Sel4Lean.Spec.M.API_Syscall.rescheduleRequired	def
Sel4Lean.Spec.RISCV64.Register.SSTATUS.elim	def
Sel4Lean.Spec.M.Kernel_VSpace_RISCV64.updateCap	opaque
Sel4Lean.Spec.M.Object_Endpoint.receiveIPC	def
Sel4Lean.Spec.M.Machine_Hardware_RISCV64_Spike.getMemoryRegions	opaque
Sel4Lean.Spec.M.Object_ObjectType_RISCV64.finaliseCap	def
Sel4Lean.Spec.M.Kernel_Init.pageBits	def
Sel4Lean.Spec.MDBNode.below_4	def
Sel4Lean.Spec.ThreadState.set_blockingIPCCanGrantReply	def
Sel4Lean.Spec.GenInvocationLabels.TCBSetTLSBase	ctor
Sel4Lean.Spec.M.Kernel_Init.distinct	def
Sel4Lean.Spec.TCB.tcbSchedPrev	def
Sel4Lean.Spec.instDecidableEqArchInvocationLabel	def
Sel4Lean.Spec.GenInvocationLabels.CNodeMove.elim	def
Sel4Lean.Spec.KernelObjectType.EndpointT.elim	def
Sel4Lean.Spec.ArchKernelObject.KOPTE	ctor
Sel4Lean.Spec.RISCV64.Word	def
Sel4Lean.Spec.isMove	def
Sel4Lean.Spec.M.Kernel_VSpace.initCPU	def
Sel4Lean.Spec.KernelState.ksSchedulerAction	def
Sel4Lean.Spec.RISCV64.Register.T5.elim	def
Sel4Lean.Spec.M.Object_ObjectType.postCapDeletion	def
Sel4Lean.Spec.RISCV64.Register.S0.elim	def
Sel4Lean.Spec.M.Object_Structures_RISCV64.mask	def
Sel4Lean.Spec.M.Data_WordLib.wordRadix	def
Sel4Lean.Spec.M.Machine_Hardware_RISCV64.vmFaultTypeFSR	def
Sel4Lean.Spec.M.API_Types_RISCV64.pageType	def
Sel4Lean.Spec.RISCV64.instInhabitedInvocation.default	def
Sel4Lean.Spec.ArchCapability.capFSize	def
Sel4Lean.Spec.ArchInvocationLabel.ofIdx	def
Sel4Lean.Spec.instBoundedHPAddr	def
