isabelle	theory	lean
ArchInvocationLabels_H.RISCV64_H.arch_invocation_label.RISCVASIDControlMakePool	ExecSpec.ArchInvocationLabels_H	Sel4Lean.Spec.ArchInvocationLabel.RISCVASIDControlMakePool
ArchInvocationLabels_H.RISCV64_H.arch_invocation_label.RISCVIRQIssueIRQHandler	ExecSpec.ArchInvocationLabels_H	Sel4Lean.Spec.ArchInvocationLabel.RISCVIRQIssueIRQHandler
ArchRetypeDecls_H.RISCV64_H.irqcontrol_invocation.issueHandlerControllerSlot	ExecSpec.ArchRetypeDecls_H	Sel4Lean.Spec.IRQControlInvocation.issueHandlerControllerSlot
Arch_Structs_B.RISCV64_H.riscvvspace_region_use.RISCVVSpaceKernelELFWindow	ExecSpec.Arch_Structs_B	Sel4Lean.Spec.RISCVVSpaceRegionUse.RISCVVSpaceKernelELFWindow
ArchInvocationLabels_H.RISCV64_H.arch_invocation_label.RISCVPageTableUnmap	ExecSpec.ArchInvocationLabels_H	Sel4Lean.Spec.ArchInvocationLabel.RISCVPageTableUnmap
ArchInvocationLabels_H.RISCV64_H.arch_invocation_label.RISCVPageGetAddress	ExecSpec.ArchInvocationLabels_H	Sel4Lean.Spec.ArchInvocationLabel.RISCVPageGetAddress
ArchInvocationLabels_H.RISCV64_H.arch_invocation_label.RISCVASIDPoolAssign	ExecSpec.ArchInvocationLabels_H	Sel4Lean.Spec.ArchInvocationLabel.RISCVASIDPoolAssign
Arch_Structs_B.RISCV64_H.riscvvspace_region_use.RISCVVSpaceInvalidRegion	ExecSpec.Arch_Structs_B	Sel4Lean.Spec.RISCVVSpaceRegionUse.RISCVVSpaceInvalidRegion
ArchInvocationLabels_H.RISCV64_H.arch_invocation_label.RISCVPageTableMap	ExecSpec.ArchInvocationLabels_H	Sel4Lean.Spec.ArchInvocationLabel.RISCVPageTableMap
Arch_Structs_B.RISCV64_H.riscvvspace_region_use.RISCVVSpaceKernelWindow	ExecSpec.Arch_Structs_B	Sel4Lean.Spec.RISCVVSpaceRegionUse.RISCVVSpaceKernelWindow
Arch_Structs_B.RISCV64_H.riscvvspace_region_use.RISCVVSpaceDeviceWindow	ExecSpec.Arch_Structs_B	Sel4Lean.Spec.RISCVVSpaceRegionUse.RISCVVSpaceDeviceWindow
Arch_Structs_B.RISCV64_H.riscvvspace_region_use.RISCVVSpaceUserRegion	ExecSpec.Arch_Structs_B	Sel4Lean.Spec.RISCVVSpaceRegionUse.RISCVVSpaceUserRegion
ArchRetypeDecls_H.RISCV64_H.irqcontrol_invocation.issueHandlerTrigger	ExecSpec.ArchRetypeDecls_H	Sel4Lean.Spec.RISCV64.IRQControlInvocation.issueHandlerTrigger
ArchInvocationLabels_H.RISCV64_H.arch_invocation_label.RISCVPageUnmap	ExecSpec.ArchInvocationLabels_H	Sel4Lean.Spec.ArchInvocationLabel.RISCVPageUnmap
ArchRetypeDecls_H.RISCV64_H.copy_register_sets.RISCVNoExtraRegisters	ExecSpec.ArchRetypeDecls_H	Sel4Lean.Spec.CopyRegisterSets.RISCVNoExtraRegisters
ArchInvocationLabels_H.RISCV64_H.arch_invocation_label.RISCVPageMap	ExecSpec.ArchInvocationLabels_H	Sel4Lean.Spec.ArchInvocationLabel.RISCVPageMap
ArchRetypeDecls_H.RISCV64_H.irqcontrol_invocation.issueHandlerSlot	ExecSpec.ArchRetypeDecls_H	Sel4Lean.Spec.IRQControlInvocation.issueHandlerSlot
ArchRetypeDecls_H.RISCV64_H.irqcontrol_invocation.issueHandlerIRQ	ExecSpec.ArchRetypeDecls_H	Sel4Lean.Spec.RISCV64.IRQControlInvocation.issueHandlerIRQ
ArchRetypeDecls_H.RISCV64_H.irqcontrol_invocation.IssueIRQHandler	ExecSpec.ArchRetypeDecls_H	Sel4Lean.Spec.RISCV64.IRQControlInvocation.IssueIRQHandler
ArchRetypeDecls_H.RISCV64_H.asidcontrol_invocation.makePoolParent	ExecSpec.ArchRetypeDecls_H	Sel4Lean.Spec.ASIDControlInvocation.makePoolParent
InvocationLabels_H.gen_invocation_labels.DomainScheduleConfigure	ExecSpec.InvocationLabels_H	Sel4Lean.Spec.GenInvocationLabels.DomainScheduleConfigure
ArchRetypeDecls_H.RISCV64_H.page_table_invocation.ptUnmapCapSlot	ExecSpec.ArchRetypeDecls_H	Sel4Lean.Spec.PageTableInvocation.ptUnmapCapSlot
ArchRetypeDecls_H.RISCV64_H.page_table_invocation.PageTableUnmap	ExecSpec.ArchRetypeDecls_H	Sel4Lean.Spec.PageTableInvocation.PageTableUnmap
ArchRetypeDecls_H.RISCV64_H.asidpool_invocation.assignASIDCTSlot	ExecSpec.ArchRetypeDecls_H	Sel4Lean.Spec.ASIDPoolInvocation.assignASIDCTSlot
ArchRetypeDecls_H.RISCV64_H.asidcontrol_invocation.makePoolFrame	ExecSpec.ArchRetypeDecls_H	Sel4Lean.Spec.ASIDControlInvocation.makePoolFrame
InvocationLabels_H.gen_invocation_labels.DomainScheduleSetStart	ExecSpec.InvocationLabels_H	Sel4Lean.Spec.GenInvocationLabels.DomainScheduleSetStart
InvocationLabels_H.gen_invocation_labels.CNodeCancelBadgedSends	ExecSpec.InvocationLabels_H	Sel4Lean.Spec.GenInvocationLabels.CNodeCancelBadgedSends
ArchRetypeDecls_H.RISCV64_H.asidcontrol_invocation.makePoolSlot	ExecSpec.ArchRetypeDecls_H	Sel4Lean.Spec.ASIDControlInvocation.makePoolSlot
ArchRetypeDecls_H.RISCV64_H.asidcontrol_invocation.makePoolBase	ExecSpec.ArchRetypeDecls_H	Sel4Lean.Spec.ASIDControlInvocation.makePoolBase
Invocations_H.irqcontrol_invocation.issueHandlerControllerSlot	ExecSpec.Invocations_H	Sel4Lean.Spec.IRQControlInvocation.issueHandlerControllerSlot
InvocationLabels_H.gen_invocation_labels.TCBUnbindNotification	ExecSpec.InvocationLabels_H	Sel4Lean.Spec.GenInvocationLabels.TCBUnbindNotification
ArchRetypeDecls_H.RISCV64_H.page_table_invocation.PageTableMap	ExecSpec.ArchRetypeDecls_H	Sel4Lean.Spec.PageTableInvocation.PageTableMap
ArchRetypeDecls_H.RISCV64_H.asidpool_invocation.assignASIDPool	ExecSpec.ArchRetypeDecls_H	Sel4Lean.Spec.ASIDPoolInvocation.assignASIDPool
MachineTypes.RISCV64.vmfault_type.RISCVInstructionAccessFault	ExecSpec.MachineTypes	Sel4Lean.Spec.VMFaultType.RISCVInstructionAccessFault
Invocations_H.domain_invocation.InvokeDomainScheduleConfigure	ExecSpec.Invocations_H	Sel4Lean.Spec.DomainInvocation.InvokeDomainScheduleConfigure
ArchVSpaceDecls_H.RISCV64_H.decodeRISCVPageTableInvocationMap	ExecSpec.ArchVSpaceDecls_H	Sel4Lean.Spec.M.Kernel_VSpace_RISCV64.decodeRISCVPageTableInvocationMap
ArchStructures_H.RISCV64_H.arch_capability.capPTMappedAddress	ExecSpec.ArchStructures_H	Sel4Lean.Spec.ArchCapability.capPTMappedAddress
ArchRetypeDecls_H.RISCV64_H.page_table_invocation.ptMapPTSlot	ExecSpec.ArchRetypeDecls_H	Sel4Lean.Spec.PageTableInvocation.ptMapPTSlot
ArchRetypeDecls_H.RISCV64_H.page_table_invocation.ptMapCTSlot	ExecSpec.ArchRetypeDecls_H	Sel4Lean.Spec.PageTableInvocation.ptMapCTSlot
Invocations_H.domain_invocation.InvokeDomainScheduleSetStart	ExecSpec.Invocations_H	Sel4Lean.Spec.DomainInvocation.InvokeDomainScheduleSetStart
InvocationLabels_H.gen_invocation_labels.TCBBindNotification	ExecSpec.InvocationLabels_H	Sel4Lean.Spec.GenInvocationLabels.TCBBindNotification
ArchVSpaceDecls_H.RISCV64_H.decodeRISCVASIDControlInvocation	ExecSpec.ArchVSpaceDecls_H	Sel4Lean.Spec.M.Kernel_VSpace_RISCV64.decodeRISCVASIDControlInvocation
ArchStructures_H.RISCV64_H.arch_kernel_object_type.ASIDPoolT	ExecSpec.ArchStructures_H	Sel4Lean.Spec.RISCV64.ArchKernelObjectType.ASIDPoolT
ArchStructures_H.RISCV64_H.arch_capability.capFMappedAddress	ExecSpec.ArchStructures_H	Sel4Lean.Spec.ArchCapability.capFMappedAddress
ArchRetypeDecls_H.RISCV64_H.page_table_invocation.ptUnmapCap	ExecSpec.ArchRetypeDecls_H	Sel4Lean.Spec.PageTableInvocation.ptUnmapCap
ArchRetypeDecls_H.RISCV64_H.page_invocation.pageUnmapCapSlot	ExecSpec.ArchRetypeDecls_H	Sel4Lean.Spec.PageInvocation.pageUnmapCapSlot
MachineTypes.RISCV64.vmfault_type.RISCVInstructionPageFault	ExecSpec.MachineTypes	Sel4Lean.Spec.VMFaultType.RISCVInstructionPageFault
InvocationLabels_H.gen_invocation_labels.IRQIssueIRQHandler	ExecSpec.InvocationLabels_H	Sel4Lean.Spec.GenInvocationLabels.IRQIssueIRQHandler
InvocationLabels_H.gen_invocation_labels.IRQClearIRQHandler	ExecSpec.InvocationLabels_H	Sel4Lean.Spec.GenInvocationLabels.IRQClearIRQHandler
ArchRetypeDecls_H.RISCV64_H.asidcontrol_invocation.MakePool	ExecSpec.ArchRetypeDecls_H	Sel4Lean.Spec.ASIDControlInvocation.MakePool
InvocationLabels_H.gen_invocation_labels.TCBWriteRegisters	ExecSpec.InvocationLabels_H	Sel4Lean.Spec.GenInvocationLabels.TCBWriteRegisters
InvocationLabels_H.gen_invocation_labels.TCBSetSchedParams	ExecSpec.InvocationLabels_H	Sel4Lean.Spec.GenInvocationLabels.TCBSetSchedParams
InvocationLabels_H.gen_invocation_labels.InvalidInvocation	ExecSpec.InvocationLabels_H	Sel4Lean.Spec.GenInvocationLabels.InvalidInvocation
ArchVSpaceDecls_H.RISCV64_H.decodeRISCVPageTableInvocation	ExecSpec.ArchVSpaceDecls_H	Sel4Lean.Spec.M.Kernel_VSpace_RISCV64.decodeRISCVPageTableInvocation
ArchStateData_H.RISCV64_H.kernel_state.riscvKSKernelVSpace	ExecSpec.ArchStateData_H	Sel4Lean.Spec.RISCV64.KernelState.riscvKSKernelVSpace
ArchRetypeDecls_H.RISCV64_H.page_table_invocation.ptMapPTE	ExecSpec.ArchRetypeDecls_H	Sel4Lean.Spec.PageTableInvocation.ptMapPTE
ArchRetypeDecls_H.RISCV64_H.page_table_invocation.ptMapCap	ExecSpec.ArchRetypeDecls_H	Sel4Lean.Spec.PageTableInvocation.ptMapCap
ArchRetypeDecls_H.RISCV64_H.page_invocation.pageMapEntries	ExecSpec.ArchRetypeDecls_H	Sel4Lean.Spec.PageInvocation.pageMapEntries
ArchRetypeDecls_H.RISCV64_H.page_invocation.pageGetBasePtr	ExecSpec.ArchRetypeDecls_H	Sel4Lean.Spec.PageInvocation.pageGetBasePtr
ArchRetypeDecls_H.RISCV64_H.asidpool_invocation.assignASID	ExecSpec.ArchRetypeDecls_H	Sel4Lean.Spec.ASIDPoolInvocation.assignASID
InvocationLabels_H.gen_invocation_labels.TCBSetMCPriority	ExecSpec.InvocationLabels_H	Sel4Lean.Spec.GenInvocationLabels.TCBSetMCPriority
InvocationLabels_H.gen_invocation_labels.TCBReadRegisters	ExecSpec.InvocationLabels_H	Sel4Lean.Spec.GenInvocationLabels.TCBReadRegisters
InvocationLabels_H.gen_invocation_labels.TCBCopyRegisters	ExecSpec.InvocationLabels_H	Sel4Lean.Spec.GenInvocationLabels.TCBCopyRegisters
InvocationLabels_H.gen_invocation_labels.IRQSetIRQHandler	ExecSpec.InvocationLabels_H	Sel4Lean.Spec.GenInvocationLabels.IRQSetIRQHandler
ArchVSpaceDecls_H.RISCV64_H.decodeRISCVFrameInvocationMap	ExecSpec.ArchVSpaceDecls_H	Sel4Lean.Spec.M.Kernel_VSpace_RISCV64.decodeRISCVFrameInvocationMap
ArchVSpaceDecls_H.RISCV64_H.decodeRISCVASIDPoolInvocation	ExecSpec.ArchVSpaceDecls_H	Sel4Lean.Spec.M.Kernel_VSpace_RISCV64.decodeRISCVASIDPoolInvocation
ArchStructures_H.RISCV64_H.arch_capability.ASIDControlCap	ExecSpec.ArchStructures_H	Sel4Lean.Spec.ArchCapability.ASIDControlCap
ArchRetypeDecls_H.RISCV64_H.page_invocation.pageMapCTSlot	ExecSpec.ArchRetypeDecls_H	Sel4Lean.Spec.PageInvocation.pageMapCTSlot
ArchInterruptDecls_H.RISCV64_H.decodeIRQControlInvocation	ExecSpec.ArchInterruptDecls_H	Sel4Lean.Spec.M.Object_Interrupt.decodeIRQControlInvocation
InvocationLabels_H.gen_invocation_labels.TCBSetIPCBuffer	ExecSpec.InvocationLabels_H	Sel4Lean.Spec.GenInvocationLabels.TCBSetIPCBuffer
InvocationLabels_H.gen_invocation_labels.CNodeSaveCaller	ExecSpec.InvocationLabels_H	Sel4Lean.Spec.GenInvocationLabels.CNodeSaveCaller
ArchVSpaceDecls_H.RISCV64_H.performASIDControlInvocation	ExecSpec.ArchVSpaceDecls_H	Sel4Lean.Spec.M.Kernel_VSpace_RISCV64.performASIDControlInvocation
ArchStructures_H.RISCV64_H.arch_kernel_object.KOASIDPool	ExecSpec.ArchStructures_H	Sel4Lean.Spec.ArchKernelObject.KOASIDPool
ArchRetypeDecls_H.RISCV64_H.page_invocation.pageUnmapCap	ExecSpec.ArchRetypeDecls_H	Sel4Lean.Spec.PageInvocation.pageUnmapCap
ArchRetypeDecls_H.RISCV64_H.invocation.InvokeASIDControl	ExecSpec.ArchRetypeDecls_H	Sel4Lean.Spec.RISCV64.Invocation.InvokeASIDControl
MachineTypes.RISCV64.vmfault_type.RISCVStoreAccessFault	ExecSpec.MachineTypes	Sel4Lean.Spec.VMFaultType.RISCVStoreAccessFault
InvocationLabels_H.invocation_label.ArchInvocationLabel	ExecSpec.InvocationLabels_H	Sel4Lean.Spec.ArchInvocationLabel
InvocationLabels_H.gen_invocation_labels.TCBSetPriority	ExecSpec.InvocationLabels_H	Sel4Lean.Spec.GenInvocationLabels.TCBSetPriority
ArchStructures_H.RISCV64_H.arch_kernel_object_type.PTET	ExecSpec.ArchStructures_H	Sel4Lean.Spec.RISCV64.ArchKernelObjectType.PTET
ArchStructures_H.RISCV64_H.arch_capability.capPTBasePtr	ExecSpec.ArchStructures_H	Sel4Lean.Spec.ArchCapability.capPTBasePtr
ArchStructures_H.RISCV64_H.arch_capability.capFVMRights	ExecSpec.ArchStructures_H	Sel4Lean.Spec.ArchCapability.capFVMRights
ArchStructures_H.RISCV64_H.arch_capability.capFIsDevice	ExecSpec.ArchStructures_H	Sel4Lean.Spec.ArchCapability.capFIsDevice
ArchStructures_H.RISCV64_H.arch_capability.PageTableCap	ExecSpec.ArchStructures_H	Sel4Lean.Spec.ArchCapability.PageTableCap
ArchStateData_H.RISCV64_H.kernel_state.riscvKSGlobalPTs	ExecSpec.ArchStateData_H	Sel4Lean.Spec.RISCV64.KernelState.riscvKSGlobalPTs
ArchStateData_H.RISCV64_H.kernel_state.riscvKSASIDTable	ExecSpec.ArchStateData_H	Sel4Lean.Spec.RISCV64.KernelState.riscvKSASIDTable
ArchStateData_H.RISCV64_H.kernel_state.RISCVKernelState	ExecSpec.ArchStateData_H	Sel4Lean.Spec.RISCV64.KernelState.RISCVKernelState
ArchRetypeDecls_H.RISCV64_H.page_invocation.PageGetAddr	ExecSpec.ArchRetypeDecls_H	Sel4Lean.Spec.PageInvocation.PageGetAddr
MachineTypes.RISCV64.vmfault_type.RISCVLoadAccessFault	ExecSpec.MachineTypes	Sel4Lean.Spec.VMFaultType.RISCVLoadAccessFault
Kernel_Config.CONFIG_ARM_HIKEY_OUTSTANDING_PREFETCHERS	ExecSpec.Kernel_Config	Sel4Lean.Spec.KernelConfig.CONFIG_ARM_HIKEY_OUTSTANDING_PREFETCHERS
InvocationLabels_H.invocation_label.GenInvocationLabel	ExecSpec.InvocationLabels_H	Sel4Lean.Spec.InvocationLabel.GenInvocationLabel
InvocationLabels_H.gen_invocation_labels.UntypedRetype	ExecSpec.InvocationLabels_H	Sel4Lean.Spec.GenInvocationLabels.UntypedRetype
InvocationLabels_H.gen_invocation_labels.TCBSetTLSBase	ExecSpec.InvocationLabels_H	Sel4Lean.Spec.GenInvocationLabels.TCBSetTLSBase
ArchVSpaceDecls_H.RISCV64_H.performPageTableInvocation	ExecSpec.ArchVSpaceDecls_H	Sel4Lean.Spec.M.Kernel_VSpace_RISCV64.performPageTableInvocation
ArchVSpaceDecls_H.RISCV64_H.decodeRISCVFrameInvocation	ExecSpec.ArchVSpaceDecls_H	Sel4Lean.Spec.M.Kernel_VSpace_RISCV64.decodeRISCVFrameInvocation
ArchStructures_H.RISCV64_H.arch_capability.capFBasePtr	ExecSpec.ArchStructures_H	Sel4Lean.Spec.ArchCapability.capFBasePtr
ArchStructures_H.RISCV64_H.arch_capability.capASIDPool	ExecSpec.ArchStructures_H	Sel4Lean.Spec.ArchCapability.capASIDPool
ArchStructures_H.RISCV64_H.arch_capability.capASIDBase	ExecSpec.ArchStructures_H	Sel4Lean.Spec.ArchCapability.capASIDBase
ArchStructures_H.RISCV64_H.arch_capability.ASIDPoolCap	ExecSpec.ArchStructures_H	Sel4Lean.Spec.ArchCapability.ASIDPoolCap
ArchRetypeDecls_H.RISCV64_H.page_invocation.pageMapCap	ExecSpec.ArchRetypeDecls_H	Sel4Lean.Spec.PageInvocation.pageMapCap
ArchRetypeDecls_H.RISCV64_H.invocation.InvokePageTable	ExecSpec.ArchRetypeDecls_H	Sel4Lean.Spec.RISCV64.Invocation.InvokePageTable
ArchRetypeDecls_H.RISCV64_H.asidpool_invocation.Assign	ExecSpec.ArchRetypeDecls_H	Sel4Lean.Spec.ASIDPoolInvocation.Assign
ArchInterruptDecls_H.RISCV64_H.initInterruptController	ExecSpec.ArchInterruptDecls_H	Sel4Lean.Spec.M.Kernel_Init.initInterruptController
MachineTypes.RISCV64.vmfault_type.RISCVStorePageFault	ExecSpec.MachineTypes	Sel4Lean.Spec.VMFaultType.RISCVStorePageFault
Invocations_H.untyped_invocation.retypeFreeRegionBase	ExecSpec.Invocations_H	Sel4Lean.Spec.UntypedInvocation.retypeFreeRegionBase
Invocations_H.irqhandler_invocation.setIRQHandlerSlot	ExecSpec.Invocations_H	Sel4Lean.Spec.IRQHandlerInvocation.setIRQHandlerSlot
InvocationLabels_H.gen_invocation_labels.TCBConfigure	ExecSpec.InvocationLabels_H	Sel4Lean.Spec.GenInvocationLabels.TCBConfigure
InvocationLabels_H.gen_invocation_labels.DomainSetSet	ExecSpec.InvocationLabels_H	Sel4Lean.Spec.GenInvocationLabels.DomainSetSet
ArchVSpaceDecls_H.RISCV64_H.performRISCVMMUInvocation	ExecSpec.ArchVSpaceDecls_H	Sel4Lean.Spec.M.Kernel_VSpace_RISCV64.performRISCVMMUInvocation
ArchVSpaceDecls_H.RISCV64_H.performASIDPoolInvocation	ExecSpec.ArchVSpaceDecls_H	Sel4Lean.Spec.M.Kernel_VSpace_RISCV64.performASIDPoolInvocation
ArchRetypeDecls_H.RISCV64_H.page_invocation.PageUnmap	ExecSpec.ArchRetypeDecls_H	Sel4Lean.Spec.PageInvocation.PageUnmap
ArchRetypeDecls_H.RISCV64_H.isIRQControlCapDescendant	ExecSpec.ArchRetypeDecls_H	Sel4Lean.Spec.M.Object_ObjectType_RISCV64.isIRQControlCapDescendant
ArchRetypeDecls_H.RISCV64_H.invocation.InvokeASIDPool	ExecSpec.ArchRetypeDecls_H	Sel4Lean.Spec.RISCV64.Invocation.InvokeASIDPool
MachineTypes.RISCV64.vmfault_type.RISCVLoadPageFault	ExecSpec.MachineTypes	Sel4Lean.Spec.VMFaultType.RISCVLoadPageFault
MachineTypes.RISCV64.hyp_fault_type.RISCVNoHypFaults	ExecSpec.MachineTypes	Sel4Lean.Spec.HypFaultType.RISCVNoHypFaults
KernelStateData_H.kernel_state.ksReadyQueuesL2Bitmap	ExecSpec.KernelStateData_H	Sel4Lean.Spec.KernelState.ksReadyQueuesL2Bitmap
KernelStateData_H.kernel_state.ksReadyQueuesL1Bitmap	ExecSpec.KernelStateData_H	Sel4Lean.Spec.KernelState.ksReadyQueuesL1Bitmap
Invocations_H.irqhandler_invocation.setIRQHandlerCap	ExecSpec.Invocations_H	Sel4Lean.Spec.IRQHandlerInvocation.setIRQHandlerCap
Invocations_H.irqcontrol_invocation.issueHandlerSlot	ExecSpec.Invocations_H	Sel4Lean.Spec.IRQControlInvocation.issueHandlerSlot
InvocationLabels_H.gen_invocation_labels.TCBSetSpace	ExecSpec.InvocationLabels_H	Sel4Lean.Spec.GenInvocationLabels.TCBSetSpace
InvocationLabels_H.gen_invocation_labels.TCBSetFlags	ExecSpec.InvocationLabels_H	Sel4Lean.Spec.GenInvocationLabels.TCBSetFlags
InvocationLabels_H.gen_invocation_labels.CNodeRotate	ExecSpec.InvocationLabels_H	Sel4Lean.Spec.GenInvocationLabels.CNodeRotate
InvocationLabels_H.gen_invocation_labels.CNodeRevoke	ExecSpec.InvocationLabels_H	Sel4Lean.Spec.GenInvocationLabels.CNodeRevoke
InvocationLabels_H.gen_invocation_labels.CNodeMutate	ExecSpec.InvocationLabels_H	Sel4Lean.Spec.GenInvocationLabels.CNodeMutate
InvocationLabels_H.gen_invocation_labels.CNodeDelete	ExecSpec.InvocationLabels_H	Sel4Lean.Spec.GenInvocationLabels.CNodeDelete
ArchVSpaceDecls_H.RISCV64_H.decodeRISCVMMUInvocation	ExecSpec.ArchVSpaceDecls_H	Sel4Lean.Spec.M.Kernel_VSpace_RISCV64.decodeRISCVMMUInvocation
PSpaceStorable_H.kernel_object_type.UserDataDeviceT	ExecSpec.PSpaceStorable_H	Sel4Lean.Spec.KernelObjectType.UserDataDeviceT
KernelStateData_H.kernel_state.ksWorkUnitsCompleted	ExecSpec.KernelStateData_H	Sel4Lean.Spec.KernelState.ksWorkUnitsCompleted
Invocations_H.untyped_invocation.retypeResetUntyped	ExecSpec.Invocations_H	Sel4Lean.Spec.UntypedInvocation.retypeResetUntyped
Invocations_H.tcbinvocation.copyRegsTransferInteger	ExecSpec.Invocations_H	Sel4Lean.Spec.TCBInvocation.copyRegsTransferInteger
Invocations_H.irqhandler_invocation.ClearIRQHandler	ExecSpec.Invocations_H	Sel4Lean.Spec.IRQHandlerInvocation.ClearIRQHandler
Invocations_H.irqcontrol_invocation.issueHandlerIRQ	ExecSpec.Invocations_H	Sel4Lean.Spec.RISCV64.IRQControlInvocation.issueHandlerIRQ
Invocations_H.irqcontrol_invocation.IssueIRQHandler	ExecSpec.Invocations_H	Sel4Lean.Spec.RISCV64.IRQControlInvocation.IssueIRQHandler
InvocationLabels_H.gen_invocation_labels.TCBSuspend	ExecSpec.InvocationLabels_H	Sel4Lean.Spec.GenInvocationLabels.TCBSuspend
ArchStructures_H.RISCV64_H.arch_kernel_object.KOPTE	ExecSpec.ArchStructures_H	Sel4Lean.Spec.ArchKernelObject.KOPTE
ArchStructures_H.RISCV64_H.arch_capability.capFSize	ExecSpec.ArchStructures_H	Sel4Lean.Spec.ArchCapability.capFSize
ArchStructures_H.RISCV64_H.arch_capability.FrameCap	ExecSpec.ArchStructures_H	Sel4Lean.Spec.ArchCapability.FrameCap
ArchRetypeDecls_H.RISCV64_H.page_invocation.PageMap	ExecSpec.ArchRetypeDecls_H	Sel4Lean.Spec.PageInvocation.PageMap
Structures_H.thread_state.blockingIPCCanGrantReply	ExecSpec.Structures_H	Sel4Lean.Spec.ThreadState.blockingIPCCanGrantReply
PSpaceStorable_H.pre_storable.updateObject_default	ExecSpec.PSpaceStorable_H	Sel4Lean.Spec.updateObject_default
Kernel_Config.CONFIG_MAX_NUM_BOOTINFO_UNTYPED_CAPS	ExecSpec.Kernel_Config	Sel4Lean.Spec.KernelConfig.CONFIG_MAX_NUM_BOOTINFO_UNTYPED_CAPS
KernelStateData_H.kernel_state.gsUntypedZeroRanges	ExecSpec.KernelStateData_H	Sel4Lean.Spec.KernelState.gsUntypedZeroRanges
Invocations_H.untyped_invocation.retypeNewSizeBits	ExecSpec.Invocations_H	Sel4Lean.Spec.UntypedInvocation.retypeNewSizeBits
Invocations_H.irqcontrol_invocation.archIRQControl	ExecSpec.Invocations_H	Sel4Lean.Spec.IRQControlInvocation.archIRQControl
Invocations_H.irqcontrol_invocation.ArchIRQControl	ExecSpec.Invocations_H	Sel4Lean.Spec.IRQControlInvocation.ArchIRQControl
InvocationLabels_H.gen_invocation_labels.TCBResume	ExecSpec.InvocationLabels_H	Sel4Lean.Spec.GenInvocationLabels.TCBResume
InvocationLabels_H.gen_invocation_labels.IRQAckIRQ	ExecSpec.InvocationLabels_H	Sel4Lean.Spec.GenInvocationLabels.IRQAckIRQ
InvocationLabels_H.gen_invocation_labels.CNodeMove	ExecSpec.InvocationLabels_H	Sel4Lean.Spec.GenInvocationLabels.CNodeMove
InvocationLabels_H.gen_invocation_labels.CNodeMint	ExecSpec.InvocationLabels_H	Sel4Lean.Spec.GenInvocationLabels.CNodeMint
InvocationLabels_H.gen_invocation_labels.CNodeCopy	ExecSpec.InvocationLabels_H	Sel4Lean.Spec.GenInvocationLabels.CNodeCopy
Structures_H.scheduler_action.ResumeCurrentThread	ExecSpec.Structures_H	Sel4Lean.Spec.SchedulerAction.ResumeCurrentThread
PSpaceStorable_H.kernel_object_type.NotificationT	ExecSpec.PSpaceStorable_H	Sel4Lean.Spec.KernelObjectType.NotificationT
Kernel_Config.CONFIG_ARM_HIKEY_PREFETCHER_NPFSTRM	ExecSpec.Kernel_Config	Sel4Lean.Spec.KernelConfig.CONFIG_ARM_HIKEY_PREFETCHER_NPFSTRM
KernelStateData_H.kernel_state.ksDomScheduleStart	ExecSpec.KernelStateData_H	Sel4Lean.Spec.KernelState.ksDomScheduleStart
Invocations_H.untyped_invocation.retypeRegionBase	ExecSpec.Invocations_H	Sel4Lean.Spec.UntypedInvocation.retypeRegionBase
Invocations_H.tcbinvocation.copyRegsTransferFrame	ExecSpec.Invocations_H	Sel4Lean.Spec.TCBInvocation.copyRegsTransferFrame
Invocations_H.tcbinvocation.copyRegsSuspendSource	ExecSpec.Invocations_H	Sel4Lean.Spec.TCBInvocation.copyRegsSuspendSource
Invocations_H.irqhandler_invocation.irqHandlerIRQ	ExecSpec.Invocations_H	Sel4Lean.Spec.IRQHandlerInvocation.irqHandlerIRQ
Invocations_H.irqhandler_invocation.SetIRQHandler	ExecSpec.Invocations_H	Sel4Lean.Spec.IRQHandlerInvocation.SetIRQHandler
ArchVSpaceDecls_H.RISCV64_H.performPageInvocation	ExecSpec.ArchVSpaceDecls_H	Sel4Lean.Spec.M.Kernel_VSpace_RISCV64.performPageInvocation
ArchTypes_H.RISCV64_H.object_type.SmallPageObject	ExecSpec.ArchTypes_H	Sel4Lean.Spec.ObjectType.SmallPageObject
ArchTypes_H.RISCV64_H.object_type.PageTableObject	ExecSpec.ArchTypes_H	Sel4Lean.Spec.ObjectType.PageTableObject
ArchTypes_H.RISCV64_H.object_type.LargePageObject	ExecSpec.ArchTypes_H	Sel4Lean.Spec.ObjectType.LargePageObject
ArchRetypeDecls_H.RISCV64_H.invocation.InvokePage	ExecSpec.ArchRetypeDecls_H	Sel4Lean.Spec.RISCV64.Invocation.InvokePage
ArchFaultHandler_H.RISCV64_H.makeArchFaultMessage	ExecSpec.ArchFaultHandler_H	Sel4Lean.Spec.M.API_Faults.makeArchFaultMessage
ArchFaultHandler_H.RISCV64_H.handleArchFaultReply	ExecSpec.ArchFaultHandler_H	Sel4Lean.Spec.M.API_Faults_RISCV64.handleArchFaultReply
PSpaceStorable_H.pre_storable.loadObject_default	ExecSpec.PSpaceStorable_H	Sel4Lean.Spec.loadObject_default
Kernel_Config.CONFIG_ARM_HIKEY_PREFETCHER_STRIDE	ExecSpec.Kernel_Config	Sel4Lean.Spec.KernelConfig.CONFIG_ARM_HIKEY_PREFETCHER_STRIDE
KernelStateData_H.kernel_state.ksSchedulerAction	ExecSpec.KernelStateData_H	Sel4Lean.Spec.KernelState.ksSchedulerAction
Invocations_H.tcbinvocation.copyRegsTransferArch	ExecSpec.Invocations_H	Sel4Lean.Spec.TCBInvocation.copyRegsTransferArch
Invocations_H.tcbinvocation.copyRegsResumeTarget	ExecSpec.Invocations_H	Sel4Lean.Spec.TCBInvocation.copyRegsResumeTarget
Invocations_H.cnode_invocation.CancelBadgedSends	ExecSpec.Invocations_H	Sel4Lean.Spec.CNodeInvocation.CancelBadgedSends
ArchVSpaceDecls_H.RISCV64_H.createIPCBufferFrame	ExecSpec.ArchVSpaceDecls_H	Sel4Lean.Spec.M.Kernel_VSpace.createIPCBufferFrame
ArchVSpaceDecls_H.RISCV64_H.createFramesOfRegion	ExecSpec.ArchVSpaceDecls_H	Sel4Lean.Spec.M.Kernel_VSpace_RISCV64.createFramesOfRegion
ArchVSpaceDecls_H.RISCV64_H.activateGlobalVSpace	ExecSpec.ArchVSpaceDecls_H	Sel4Lean.Spec.M.Kernel_VSpace_RISCV64.activateGlobalVSpace
ArchTypes_H.RISCV64_H.object_type.HugePageObject	ExecSpec.ArchTypes_H	Sel4Lean.Spec.ObjectType.HugePageObject
ArchInterruptDecls_H.RISCV64_H.performIRQControl	ExecSpec.ArchInterruptDecls_H	Sel4Lean.Spec.M.Object_ObjectType.performIRQControl
ArchInterruptDecls_H.RISCV64_H.handleSpuriousIRQ	ExecSpec.ArchInterruptDecls_H	Sel4Lean.Spec.M.Object_Interrupt_RISCV64.handleSpuriousIRQ
ArchInterruptDecls_H.RISCV64_H.handleReservedIRQ	ExecSpec.ArchInterruptDecls_H	Sel4Lean.Spec.M.Object_Interrupt.RISCV64.handleReservedIRQ
ArchHypervisor_H.RISCV64_H.handleHypervisorFault	ExecSpec.ArchHypervisor_H	Sel4Lean.Spec.M.Kernel_Hypervisor_RISCV64.handleHypervisorFault
ArchFault_H.RISCV64_H.arch_fault.vmFaultArchData	ExecSpec.ArchFault_H	Sel4Lean.Spec.ArchFault.vmFaultArchData
Structures_H.thread_state.waitingOnNotification	ExecSpec.Structures_H	Sel4Lean.Spec.ThreadState.waitingOnNotification
Structures_H.thread_state.BlockedOnNotification	ExecSpec.Structures_H	Sel4Lean.Spec.ThreadState.BlockedOnNotification
PSpaceStorable_H.kernel_object_type.KernelDataT	ExecSpec.PSpaceStorable_H	Sel4Lean.Spec.KernelObjectType.KernelDataT
MachineTypes.RISCV64.vmpage_size.RISCVSmallPage	ExecSpec.MachineTypes	Sel4Lean.Spec.VMPageSize.RISCVSmallPage
MachineTypes.RISCV64.vmpage_size.RISCVLargePage	ExecSpec.MachineTypes	Sel4Lean.Spec.VMPageSize.RISCVLargePage
KernelStateData_H.kernel_state.ksInterruptState	ExecSpec.KernelStateData_H	Sel4Lean.Spec.KernelState.ksInterruptState
KernelStateData_H.kernel_state.ksDomScheduleIdx	ExecSpec.KernelStateData_H	Sel4Lean.Spec.KernelState.ksDomScheduleIdx
Invocations_H.untyped_invocation.retypeIsDevice	ExecSpec.Invocations_H	Sel4Lean.Spec.UntypedInvocation.retypeIsDevice
Invocations_H.tcbinvocation.NotificationControl	ExecSpec.Invocations_H	Sel4Lean.Spec.TCBInvocation.NotificationControl
Invocations_H.domain_invocation.InvokeDomainSet	ExecSpec.Invocations_H	Sel4Lean.Spec.DomainInvocation.InvokeDomainSet
ArchVSpaceDecls_H.RISCV64_H.checkValidIPCBuffer	ExecSpec.ArchVSpaceDecls_H	Sel4Lean.Spec.M.Kernel_VSpace_RISCV64.checkValidIPCBuffer
ArchTypes_H.RISCV64_H.object_type.APIObjectType	ExecSpec.ArchTypes_H	Sel4Lean.Spec.APIObjectType
ArchThreadDecls_H.RISCV64_H.configureIdleThread	ExecSpec.ArchThreadDecls_H	Sel4Lean.Spec.M.Kernel_Thread_RISCV64.configureIdleThread
ArchStructures_H.RISCV64_H.arch_tcb.atcbContext	ExecSpec.ArchStructures_H	Sel4Lean.Spec.ArchTCB.atcbContext
ArchRetypeDecls_H.RISCV64_H.prepareThreadDelete	ExecSpec.ArchRetypeDecls_H	Sel4Lean.Spec.M.Object_ObjectType.RISCV64.prepareThreadDelete
ArchInterruptDecls_H.RISCV64_H.invokeIRQHandler	ExecSpec.ArchInterruptDecls_H	Sel4Lean.Spec.M.Object_ObjectType.invokeIRQHandler
ArchFault_H.RISCV64_H.arch_fault.vmFaultAddress	ExecSpec.ArchFault_H	Sel4Lean.Spec.ArchFault.vmFaultAddress
Types_H.biframe_data.bifUntypedObjIsDeviceList	ExecSpec.Types_H	Sel4Lean.Spec.BIFrameData.bifUntypedObjIsDeviceList
MachineTypes.RISCV64.vmpage_size.RISCVHugePage	ExecSpec.MachineTypes	Sel4Lean.Spec.VMPageSize.RISCVHugePage
KernelStateData_H.kernel_state.gsMaxObjectSize	ExecSpec.KernelStateData_H	Sel4Lean.Spec.KernelState.gsMaxObjectSize
Invocations_H.untyped_invocation.retypeNewType	ExecSpec.Invocations_H	Sel4Lean.Spec.UntypedInvocation.retypeNewType
Fault_H.lookup_failure.guardMismatchGuardFound	ExecSpec.Fault_H	Sel4Lean.Spec.LookupFailure.guardMismatchGuardFound
ArchVSpaceDecls_H.RISCV64_H.maybeVSpaceForASID	ExecSpec.ArchVSpaceDecls_H	Sel4Lean.Spec.M.Kernel_VSpace_RISCV64.maybeVSpaceForASID
ArchVSpaceDecls_H.RISCV64_H.createDeviceFrames	ExecSpec.ArchVSpaceDecls_H	Sel4Lean.Spec.M.Kernel_Init.createDeviceFrames
ArchVSpaceDecls_H.RISCV64_H.copyGlobalMappings	ExecSpec.ArchVSpaceDecls_H	Sel4Lean.Spec.M.Kernel_VSpace_RISCV64.copyGlobalMappings
ArchThreadDecls_H.RISCV64_H.switchToIdleThread	ExecSpec.ArchThreadDecls_H	Sel4Lean.Spec.M.Kernel_Thread.RISCV64.switchToIdleThread
ArchThreadDecls_H.RISCV64_H.activateIdleThread	ExecSpec.ArchThreadDecls_H	Sel4Lean.Spec.M.Kernel_Thread.RISCV64.activateIdleThread
ArchStructures_H.RISCV64_H.arch_tcb.ArchThread	ExecSpec.ArchStructures_H	Sel4Lean.Spec.ArchTCB.ArchThread
ArchRetypeDecls_H.RISCV64_H.placeNewDataObject	ExecSpec.ArchRetypeDecls_H	Sel4Lean.Spec.M.Object_ObjectType_RISCV64.placeNewDataObject
Structures_H.thread_state.blockingIPCCanGrant	ExecSpec.Structures_H	Sel4Lean.Spec.ThreadState.blockingIPCCanGrant
Structures_H.scheduler_action.ChooseNewThread	ExecSpec.Structures_H	Sel4Lean.Spec.SchedulerAction.ChooseNewThread
Structures_H.interrupt_state.intStateIRQTable	ExecSpec.Structures_H	Sel4Lean.Spec.InterruptState.intStateIRQTable
PSpaceStorable_H.kernel_object_type.UserDataT	ExecSpec.PSpaceStorable_H	Sel4Lean.Spec.KernelObjectType.UserDataT
PSpaceStorable_H.kernel_object_type.EndpointT	ExecSpec.PSpaceStorable_H	Sel4Lean.Spec.KernelObjectType.EndpointT
MachineTypes.machine_state.machine_state_rest	ExecSpec.MachineTypes	Sel4Lean.Spec.MachineState.machine_state_rest
KernelStateData_H.kernel_state.ksMachineState	ExecSpec.KernelStateData_H	Sel4Lean.Spec.KernelState.ksMachineState
KernelInitMonad_H.init_data.initBootInfoFrame	ExecSpec.KernelInitMonad_H	Sel4Lean.Spec.InitData.initBootInfoFrame
Invocations_H.untyped_invocation.retypeSource	ExecSpec.Invocations_H	Sel4Lean.Spec.UntypedInvocation.retypeSource
Invocations_H.tcbinvocation.setTLSBaseNewBase	ExecSpec.Invocations_H	Sel4Lean.Spec.TCBInvocation.setTLSBaseNewBase
Invocations_H.isInvokeDomainScheduleConfigure	ExecSpec.Invocations_H	Sel4Lean.Spec.isInvokeDomainScheduleConfigure
Fault_H.syscall_error.failedLookupDescription	ExecSpec.Fault_H	Sel4Lean.Spec.SyscallError.failedLookupDescription
Fault_H.lookup_failure.guardMismatchGuardSize	ExecSpec.Fault_H	Sel4Lean.Spec.LookupFailure.guardMismatchGuardSize
Fault_H.lookup_failure.depthMismatchBitsFound	ExecSpec.Fault_H	Sel4Lean.Spec.LookupFailure.depthMismatchBitsFound
ArchVSpaceDecls_H.RISCV64_H.isValidVTableRoot	ExecSpec.ArchVSpaceDecls_H	Sel4Lean.Spec.M.Kernel_VSpace.RISCV64.isValidVTableRoot
ArchVSpaceDecls_H.RISCV64_H.ipcBufferSizeBits	ExecSpec.ArchVSpaceDecls_H	Sel4Lean.Spec.M.Kernel_VSpace_RISCV64.ipcBufferSizeBits
ArchVSpaceDecls_H.RISCV64_H.findVSpaceForASID	ExecSpec.ArchVSpaceDecls_H	Sel4Lean.Spec.M.Object_ObjectType_RISCV64.findVSpaceForASID
ArchTypes_H.apiobject_type.NotificationObject	ExecSpec.ArchTypes_H	Sel4Lean.Spec.APIObjectType.NotificationObject
ArchThreadDecls_H.RISCV64_H.prepareNextDomain	ExecSpec.ArchThreadDecls_H	Sel4Lean.Spec.M.Kernel_Thread_RISCV64.prepareNextDomain
ArchStructures_H.RISCV64_H.minUntypedSizeBits	ExecSpec.ArchStructures_H	Sel4Lean.Spec.M.Object_Structures_RISCV64.minUntypedSizeBits
ArchStructures_H.RISCV64_H.maxUntypedSizeBits	ExecSpec.ArchStructures_H	Sel4Lean.Spec.M.Object_Untyped.maxUntypedSizeBits
ArchRetypeDecls_H.RISCV64_H.performInvocation	ExecSpec.ArchRetypeDecls_H	Sel4Lean.Spec.M.Object_ObjectType.performInvocation
ArchRetypeDecls_H.RISCV64_H.isArchMDBParentOf	ExecSpec.ArchRetypeDecls_H	Sel4Lean.Spec.M.Object_ObjectType_RISCV64.isArchMDBParentOf
Structures_H.user_data_device.UserDataDevice	ExecSpec.Structures_H	Sel4Lean.Spec.UserDataDevice
Structures_H.scheduler_action.SwitchToThread	ExecSpec.Structures_H	Sel4Lean.Spec.SchedulerAction.SwitchToThread
Structures_H.interrupt_state.intStateIRQNode	ExecSpec.Structures_H	Sel4Lean.Spec.InterruptState.intStateIRQNode
MachineTypes.machine_state.underlying_memory	ExecSpec.MachineTypes	Sel4Lean.Spec.MachineState.underlying_memory
MachineTypes.RISCV64.nextInstructionRegister	ExecSpec.MachineTypes	Sel4Lean.Spec.M.Machine_RegisterSet_RISCV64.nextInstructionRegister
Kernel_Config.CONFIG_USER_STACK_TRACE_LENGTH	ExecSpec.Kernel_Config	Sel4Lean.Spec.KernelConfig.CONFIG_USER_STACK_TRACE_LENGTH
KernelStateData_H.kernel_state.ksReadyQueues	ExecSpec.KernelStateData_H	Sel4Lean.Spec.KernelState.ksReadyQueues
KernelStateData_H.kernel_state.ksDomSchedule	ExecSpec.KernelStateData_H	Sel4Lean.Spec.KernelState.ksDomSchedule
Invocations_H.untyped_invocation.retypeSlots	ExecSpec.Invocations_H	Sel4Lean.Spec.UntypedInvocation.retypeSlots
Invocations_H.isInvokeDomainScheduleSetStart	ExecSpec.Invocations_H	Sel4Lean.Spec.isInvokeDomainScheduleSetStart
Fault_H.lookup_failure.guardMismatchBitsLeft	ExecSpec.Fault_H	Sel4Lean.Spec.LookupFailure.guardMismatchBitsLeft
Fault_H.lookup_failure.depthMismatchBitsLeft	ExecSpec.Fault_H	Sel4Lean.Spec.LookupFailure.depthMismatchBitsLeft
ArchVSpace_H.RISCV64_H.lookupPTSlotFromLevel	ExecSpec.ArchVSpace_H	Sel4Lean.Spec.M.Kernel_VSpace_RISCV64.lookupPTSlotFromLevel
ArchVSpaceDecls_H.RISCV64_H.getPPtrFromHWPTE	ExecSpec.ArchVSpaceDecls_H	Sel4Lean.Spec.M.Kernel_VSpace_RISCV64.getPPtrFromHWPTE
ArchVSpaceDecls_H.RISCV64_H.createITASIDPool	ExecSpec.ArchVSpaceDecls_H	Sel4Lean.Spec.M.Kernel_Init.createITASIDPool
ArchVSpaceDecls_H.RISCV64_H.checkVPAlignment	ExecSpec.ArchVSpaceDecls_H	Sel4Lean.Spec.M.Kernel_VSpace_RISCV64.checkVPAlignment
ArchVSpaceDecls_H.RISCV64_H.checkMappingPPtr	ExecSpec.ArchVSpaceDecls_H	Sel4Lean.Spec.M.Kernel_VSpace_RISCV64.checkMappingPPtr
ArchStructures_H.RISCV64_H.asidpool.ASIDPool	ExecSpec.ArchStructures_H	Sel4Lean.Spec.ASIDPool.ASIDPool
ArchRetypeDecls_H.RISCV64_H.isPageTableUnmap	ExecSpec.ArchRetypeDecls_H	Sel4Lean.Spec.isPageTableUnmap
ArchRetypeDecls_H.RISCV64_H.decodeInvocation	ExecSpec.ArchRetypeDecls_H	Sel4Lean.Spec.M.Object_ObjectType.decodeInvocation
ArchInterruptDecls_H.RISCV64_H.maskIrqSignal	ExecSpec.ArchInterruptDecls_H	Sel4Lean.Spec.M.Object_Interrupt.RISCV64.maskIrqSignal
Structures_H.thread_state.blockingIPCIsCall	ExecSpec.Structures_H	Sel4Lean.Spec.ThreadState.blockingIPCIsCall
Structures_H.kernel_object.KOUserDataDevice	ExecSpec.Structures_H	Sel4Lean.Spec.KernelObject.KOUserDataDevice
Structures_H.interrupt_state.InterruptState	ExecSpec.Structures_H	Sel4Lean.Spec.InterruptState.InterruptState
NotificationDecls_H.unbindMaybeNotification	ExecSpec.NotificationDecls_H	Sel4Lean.Spec.M.Object_Notification.unbindMaybeNotification
MachineTypes.RISCV64.init_underlying_memory	ExecSpec.MachineTypes	Sel4Lean.Spec.init_underlying_memory
MachineOps.RISCV64.user_context.UserContext	ExecSpec.MachineOps	Sel4Lean.Spec.UserContext.UserContext
MachineOps.RISCV64.plic_complete_claim_impl	ExecSpec.MachineOps	Sel4Lean.Spec.MachineOps.plic_complete_claim_impl
Kernel_Config.config_ARM_HYPERVISOR_SUPPORT	ExecSpec.Kernel_Config	Sel4Lean.Spec.KernelConfig.config_ARM_HYPERVISOR_SUPPORT
KernelStateData_H.kernel_state.ksIdleThread	ExecSpec.KernelStateData_H	Sel4Lean.Spec.KernelState.ksIdleThread
KernelStateData_H.kernel_state.ksDomainTime	ExecSpec.KernelStateData_H	Sel4Lean.Spec.KernelState.ksDomainTime
KernelInitMonad_H.init_data.initKernelState	ExecSpec.KernelInitMonad_H	Sel4Lean.Spec.InitData.initKernelState
Invocations_H.tcbinvocation.writeRegsValues	ExecSpec.Invocations_H	Sel4Lean.Spec.TCBInvocation.writeRegsValues
Invocations_H.tcbinvocation.writeRegsThread	ExecSpec.Invocations_H	Sel4Lean.Spec.TCBInvocation.writeRegsThread
Invocations_H.tcbinvocation.writeRegsResume	ExecSpec.Invocations_H	Sel4Lean.Spec.TCBInvocation.writeRegsResume
Invocations_H.tcbinvocation.tcThreadCapSlot	ExecSpec.Invocations_H	Sel4Lean.Spec.TCBInvocation.tcThreadCapSlot
Invocations_H.tcbinvocation.tcNewMCPriority	ExecSpec.Invocations_H	Sel4Lean.Spec.TCBInvocation.tcNewMCPriority
Invocations_H.tcbinvocation.readRegsSuspend	ExecSpec.Invocations_H	Sel4Lean.Spec.TCBInvocation.readRegsSuspend
Invocations_H.tcbinvocation.notificationTCB	ExecSpec.Invocations_H	Sel4Lean.Spec.TCBInvocation.notificationTCB
Invocations_H.tcbinvocation.notificationPtr	ExecSpec.Invocations_H	Sel4Lean.Spec.TCBInvocation.notificationPtr
Invocations_H.invocation.InvokeNotification	ExecSpec.Invocations_H	Sel4Lean.Spec.Invocation.InvokeNotification
Invocations_H.domain_invocation.domDuration	ExecSpec.Invocations_H	Sel4Lean.Spec.DomainInvocation.domDuration
InterruptDecls_H.decodeIRQHandlerInvocation	ExecSpec.InterruptDecls_H	Sel4Lean.Spec.M.Object_ObjectType.decodeIRQHandlerInvocation
InterruptDecls_H.decodeIRQControlInvocation	ExecSpec.InterruptDecls_H	Sel4Lean.Spec.M.Object_Interrupt.decodeIRQControlInvocation
Fault_H.syscall_error.invalidArgumentNumber	ExecSpec.Fault_H	Sel4Lean.Spec.SyscallError.invalidArgumentNumber
Fault_H.syscall_error.failedLookupWasSource	ExecSpec.Fault_H	Sel4Lean.Spec.SyscallError.failedLookupWasSource
ArchVSpaceDecls_H.RISCV64_H.writeITASIDPool	ExecSpec.ArchVSpaceDecls_H	Sel4Lean.Spec.M.Kernel_VSpace_RISCV64.writeITASIDPool
ArchVSpaceDecls_H.RISCV64_H.mapKernelWindow	ExecSpec.ArchVSpaceDecls_H	Sel4Lean.Spec.M.Kernel_VSpace_RISCV64.mapKernelWindow
ArchVSpaceDecls_H.RISCV64_H.lookupIPCBuffer	ExecSpec.ArchVSpaceDecls_H	Sel4Lean.Spec.M.Kernel_VSpace_RISCV64.lookupIPCBuffer
ArchVSpaceDecls_H.RISCV64_H.attribsFromWord	ExecSpec.ArchVSpaceDecls_H	Sel4Lean.Spec.M.Kernel_VSpace_RISCV64.attribsFromWord
ArchTCB_H.RISCV64_H.getSanitiseRegisterInfo	ExecSpec.ArchTCB_H	Sel4Lean.Spec.M.Object_TCB_RISCV64.getSanitiseRegisterInfo
ArchStructures_H.RISCV64_H.isASIDControlCap	ExecSpec.ArchStructures_H	Sel4Lean.Spec.isASIDControlCap
ArchRetypeDecls_H.RISCV64_H.postCapDeletion	ExecSpec.ArchRetypeDecls_H	Sel4Lean.Spec.M.Object_ObjectType.RISCV64.postCapDeletion
Types_H.biframe_data.bifUntypedObjSizeBits	ExecSpec.Types_H	Sel4Lean.Spec.BIFrameData.bifUntypedObjSizeBits
ThreadDecls_H.scheduleSwitchThreadFastfail	ExecSpec.ThreadDecls_H	Sel4Lean.Spec.M.Kernel_Thread.scheduleSwitchThreadFastfail
Structures_H.thread_state.blockingIPCBadge	ExecSpec.Structures_H	Sel4Lean.Spec.ThreadState.blockingIPCBadge
Structures_H.thread_state.BlockedOnReceive	ExecSpec.Structures_H	Sel4Lean.Spec.ThreadState.BlockedOnReceive
Structures_H.scheduler_action.schActTarget	ExecSpec.Structures_H	Sel4Lean.Spec.SchedulerAction.schActTarget
Structures_H.capability.capEPCanGrantReply	ExecSpec.Structures_H	Sel4Lean.Spec.Capability.capEPCanGrantReply
NotificationDecls_H.doNBRecvFailedTransfer	ExecSpec.NotificationDecls_H	Sel4Lean.Spec.M.Object_Endpoint.doNBRecvFailedTransfer
Kernel_Config.config_DISABLE_WFI_WFE_TRAPS	ExecSpec.Kernel_Config	Sel4Lean.Spec.KernelConfig.config_DISABLE_WFI_WFE_TRAPS
Kernel_Config.CONFIG_PADDR_USER_DEVICE_TOP	ExecSpec.Kernel_Config	Sel4Lean.Spec.KernelConfig.CONFIG_PADDR_USER_DEVICE_TOP
KernelStateData_H.kernel_state.ksCurThread	ExecSpec.KernelStateData_H	Sel4Lean.Spec.KernelState.ksCurThread
KernelStateData_H.kernel_state.ksCurDomain	ExecSpec.KernelStateData_H	Sel4Lean.Spec.KernelState.ksCurDomain
KernelStateData_H.kernel_state.ksArchState	ExecSpec.KernelStateData_H	Sel4Lean.Spec.KernelState.ksArchState
KernelStateData_H.kernel_state.gsUserPages	ExecSpec.KernelStateData_H	Sel4Lean.Spec.KernelState.gsUserPages
KernelInitMonad_H.init_data.initSlotPosMax	ExecSpec.KernelInitMonad_H	Sel4Lean.Spec.InitData.initSlotPosMax
KernelInitMonad_H.init_data.initSlotPosCur	ExecSpec.KernelInitMonad_H	Sel4Lean.Spec.InitData.initSlotPosCur
KernelInitMonad_H.init_data.initFreeMemory	ExecSpec.KernelInitMonad_H	Sel4Lean.Spec.DesignOnly.HaskellInitData.initFreeMemory
Invocations_H.tcbinvocation.tcNewIPCBuffer	ExecSpec.Invocations_H	Sel4Lean.Spec.TCBInvocation.tcNewIPCBuffer
Invocations_H.tcbinvocation.readRegsThread	ExecSpec.Invocations_H	Sel4Lean.Spec.TCBInvocation.readRegsThread
Invocations_H.tcbinvocation.readRegsLength	ExecSpec.Invocations_H	Sel4Lean.Spec.TCBInvocation.readRegsLength
Invocations_H.tcbinvocation.copyRegsTarget	ExecSpec.Invocations_H	Sel4Lean.Spec.TCBInvocation.copyRegsTarget
Invocations_H.tcbinvocation.copyRegsSource	ExecSpec.Invocations_H	Sel4Lean.Spec.TCBInvocation.copyRegsSource
Invocations_H.tcbinvocation.WriteRegisters	ExecSpec.Invocations_H	Sel4Lean.Spec.TCBInvocation.WriteRegisters
Invocations_H.irqhandler_invocation.AckIRQ	ExecSpec.Invocations_H	Sel4Lean.Spec.IRQHandlerInvocation.AckIRQ
Hardware_H.RISCV64_H.vmrights.VMKernelOnly	ExecSpec.Hardware_H	Sel4Lean.Spec.VMRights.VMKernelOnly
ArchVSpaceDecls_H.RISCV64_H.unmapPageTable	ExecSpec.ArchVSpaceDecls_H	Sel4Lean.Spec.M.Kernel_VSpace_RISCV64.unmapPageTable
ArchVSpaceDecls_H.RISCV64_H.isPageTablePTE	ExecSpec.ArchVSpaceDecls_H	Sel4Lean.Spec.M.Kernel_VSpace_RISCV64.isPageTablePTE
ArchVSpaceDecls_H.RISCV64_H.deleteASIDPool	ExecSpec.ArchVSpaceDecls_H	Sel4Lean.Spec.M.Kernel_VSpace_RISCV64.deleteASIDPool
ArchThreadDecls_H.RISCV64_H.switchToThread	ExecSpec.ArchThreadDecls_H	Sel4Lean.Spec.M.Kernel_Thread_RISCV64.switchToThread
ArchRetypeDecls_H.RISCV64_H.isPageTableMap	ExecSpec.ArchRetypeDecls_H	Sel4Lean.Spec.isPageTableMap
ArchRetypeDecls_H.RISCV64_H.isCapRevocable	ExecSpec.ArchRetypeDecls_H	Sel4Lean.Spec.M.Object_ObjectType.RISCV64.isCapRevocable
ArchRetypeDecls_H.RISCV64_H.capUntypedSize	ExecSpec.ArchRetypeDecls_H	Sel4Lean.Spec.M.Object_ObjectType.RISCV64.capUntypedSize
ArchIntermediate_H.Arch.createNewTableCaps	ExecSpec.ArchIntermediate_H	Sel4Lean.Spec.Intermediate.createNewTableCaps
ArchIntermediate_H.Arch.createNewFrameCaps	ExecSpec.ArchIntermediate_H	Sel4Lean.Spec.Intermediate.createNewFrameCaps
Types_H.bidevice_region.bidrFrameSizeBits	ExecSpec.Types_H	Sel4Lean.Spec.BIDeviceRegion.bidrFrameSizeBits
Structures_H.thread_state.IdleThreadState	ExecSpec.Structures_H	Sel4Lean.Spec.ThreadState.IdleThreadState
Structures_H.kernel_object.KONotification	ExecSpec.Structures_H	Sel4Lean.Spec.KernelObject.KONotification
Structures_H.capability.capNtfnCanReceive	ExecSpec.Structures_H	Sel4Lean.Spec.Capability.capNtfnCanReceive
Structures_H.capability.capCNodeGuardSize	ExecSpec.Structures_H	Sel4Lean.Spec.Capability.capCNodeGuardSize
State_H.RISCV64_H.nextInstructionRegister	ExecSpec.State_H	Sel4Lean.Spec.M.Machine_RegisterSet_RISCV64.nextInstructionRegister
PSpaceStorable_H.kernel_object_type.ArchT	ExecSpec.PSpaceStorable_H	Sel4Lean.Spec.KernelObjectType.ArchT
PSpaceFuns_H.deletionIsSafe_delete_locale	ExecSpec.PSpaceFuns_H	Sel4Lean.Spec.M.Model_PSpace.deletionIsSafe_delete_locale
MachineOps.RISCV64.user_context.user_regs	ExecSpec.MachineOps	Sel4Lean.Spec.UserContext.user_regs
Kernel_Config.CONFIG_ROOT_CNODE_SIZE_BITS	ExecSpec.Kernel_Config	Sel4Lean.Spec.KernelConfig.CONFIG_ROOT_CNODE_SIZE_BITS
Kernel_Config.CONFIG_MAX_NUM_TRACE_POINTS	ExecSpec.Kernel_Config	Sel4Lean.Spec.KernelConfig.CONFIG_MAX_NUM_TRACE_POINTS
Invocations_H.tcbinvocation.writeRegsArch	ExecSpec.Invocations_H	Sel4Lean.Spec.TCBInvocation.writeRegsArch
Invocations_H.tcbinvocation.tcNewPriority	ExecSpec.Invocations_H	Sel4Lean.Spec.TCBInvocation.tcNewPriority
Invocations_H.tcbinvocation.suspendThread	ExecSpec.Invocations_H	Sel4Lean.Spec.TCBInvocation.suspendThread
Invocations_H.tcbinvocation.setTLSBaseTCB	ExecSpec.Invocations_H	Sel4Lean.Spec.TCBInvocation.setTLSBaseTCB
Invocations_H.tcbinvocation.setFlagsClear	ExecSpec.Invocations_H	Sel4Lean.Spec.TCBInvocation.setFlagsClear
Invocations_H.tcbinvocation.ThreadControl	ExecSpec.Invocations_H	Sel4Lean.Spec.TCBInvocation.ThreadControl
Invocations_H.tcbinvocation.ReadRegisters	ExecSpec.Invocations_H	Sel4Lean.Spec.TCBInvocation.ReadRegisters
Invocations_H.tcbinvocation.CopyRegisters	ExecSpec.Invocations_H	Sel4Lean.Spec.TCBInvocation.CopyRegisters
Invocations_H.invocation.InvokeIRQHandler	ExecSpec.Invocations_H	Sel4Lean.Spec.Invocation.InvokeIRQHandler
Invocations_H.invocation.InvokeIRQControl	ExecSpec.Invocations_H	Sel4Lean.Spec.Invocation.InvokeIRQControl
Invocations_H.invocation.InvokeArchObject	ExecSpec.Invocations_H	Sel4Lean.Spec.Invocation.InvokeArchObject
Invocations_H.domain_invocation.domThread	ExecSpec.Invocations_H	Sel4Lean.Spec.DomainInvocation.domThread
Invocations_H.domain_invocation.domDomain	ExecSpec.Invocations_H	Sel4Lean.Spec.DomainInvocation.domDomain
Invocations_H.cnode_invocation.targetSlot	ExecSpec.Invocations_H	Sel4Lean.Spec.CNodeInvocation.targetSlot
Invocations_H.cnode_invocation.sourceSlot	ExecSpec.Invocations_H	Sel4Lean.Spec.CNodeInvocation.sourceSlot
Invocations_H.cnode_invocation.SaveCaller	ExecSpec.Invocations_H	Sel4Lean.Spec.CNodeInvocation.SaveCaller
Hardware_H.RISCV64_H.vmrights.VMReadWrite	ExecSpec.Hardware_H	Sel4Lean.Spec.VMRights.VMReadWrite
Fault_H.lookup_failure.missingCapBitsLeft	ExecSpec.Fault_H	Sel4Lean.Spec.LookupFailure.missingCapBitsLeft
ArchVSpaceDecls_H.RISCV64_H.handleVMFault	ExecSpec.ArchVSpaceDecls_H	Sel4Lean.Spec.M.API_Syscall.handleVMFault
ArchVSpaceDecls_H.RISCV64_H.createITPDPTs	ExecSpec.ArchVSpaceDecls_H	Sel4Lean.Spec.M.Kernel_VSpace.RISCV64.createITPDPTs
ArchVSpaceDecls_H.RISCV64_H.createBIFrame	ExecSpec.ArchVSpaceDecls_H	Sel4Lean.Spec.M.Kernel_VSpace_RISCV64.createBIFrame
ArchTypes_H.apiobject_type.EndpointObject	ExecSpec.ArchTypes_H	Sel4Lean.Spec.APIObjectType.EndpointObject
ArchTypes_H.apiobject_type.CapTableObject	ExecSpec.ArchTypes_H	Sel4Lean.Spec.APIObjectType.CapTableObject
ArchStructures_H.RISCV64_H.isPageTableCap	ExecSpec.ArchStructures_H	Sel4Lean.Spec.isPageTableCap
ArchStructures_H.RISCV64_H.atcbContextSet	ExecSpec.ArchStructures_H	Sel4Lean.Spec.M.Object_Structures_RISCV64.atcbContextSet
ArchStructures_H.RISCV64_H.atcbContextGet	ExecSpec.ArchStructures_H	Sel4Lean.Spec.M.Object_Structures_RISCV64.atcbContextGet
ArchStructures_H.RISCV64_H.asidHighBitsOf	ExecSpec.ArchStructures_H	Sel4Lean.Spec.M.Kernel_VSpace_RISCV64.asidHighBitsOf
ArchStateData_H.RISCV64_H.riscvKSGlobalPT	ExecSpec.ArchStateData_H	Sel4Lean.Spec.M.Model_StateData_RISCV64.riscvKSGlobalPT
ArchRetypeDecls_H.RISCV64_H.updateCapData	ExecSpec.ArchRetypeDecls_H	Sel4Lean.Spec.M.Object_ObjectType_RISCV64.updateCapData
ArchRetypeDecls_H.RISCV64_H.maskCapRights	ExecSpec.ArchRetypeDecls_H	Sel4Lean.Spec.M.Object_ObjectType.maskCapRights
ArchRetypeDecls_H.RISCV64_H.isPhysicalCap	ExecSpec.ArchRetypeDecls_H	Sel4Lean.Spec.M.Object_ObjectType_RISCV64.isPhysicalCap
ArchRetypeDecls_H.RISCV64_H.isPageGetAddr	ExecSpec.ArchRetypeDecls_H	Sel4Lean.Spec.isPageGetAddr
ArchRetypeDecls_H.RISCV64_H.cteRightsBits	ExecSpec.ArchRetypeDecls_H	Sel4Lean.Spec.M.Object_ObjectType.RISCV64.cteRightsBits
ArchRetypeDecls_H.RISCV64_H.capUntypedPtr	ExecSpec.ArchRetypeDecls_H	Sel4Lean.Spec.M.Object_ObjectType.capUntypedPtr
Types_H.biframe_data.bifUntypedObjPAddrs	ExecSpec.Types_H	Sel4Lean.Spec.BIFrameData.bifUntypedObjPAddrs
Types_H.biframe_data.bifNumDeviceRegions	ExecSpec.Types_H	Sel4Lean.Spec.BIFrameData.bifNumDeviceRegions
Structures_H.thread_state.blockingObject	ExecSpec.Structures_H	Sel4Lean.Spec.ThreadState.blockingObject
Structures_H.thread_state.BlockedOnReply	ExecSpec.Structures_H	Sel4Lean.Spec.ThreadState.BlockedOnReply
Structures_H.capability.capReplyCanGrant	ExecSpec.Structures_H	Sel4Lean.Spec.Capability.capReplyCanGrant
PSpaceStorable_H.kernel_object_type.TCBT	ExecSpec.PSpaceStorable_H	Sel4Lean.Spec.KernelObjectType.TCBT
PSpaceStorable_H.kernel_object_type.CTET	ExecSpec.PSpaceStorable_H	Sel4Lean.Spec.KernelObjectType.CTET
NotificationDecls_H.doUnbindNotification	ExecSpec.NotificationDecls_H	Sel4Lean.Spec.M.Object_Notification.doUnbindNotification
Kernel_Config.config_ARM_PA_SIZE_BITS_44	ExecSpec.Kernel_Config	Sel4Lean.Spec.KernelConfig.config_ARM_PA_SIZE_BITS_44
Kernel_Config.config_ARM_PA_SIZE_BITS_40	ExecSpec.Kernel_Config	Sel4Lean.Spec.KernelConfig.config_ARM_PA_SIZE_BITS_40
Kernel_Config.CONFIG_KERNEL_OPT_LEVEL_O2	ExecSpec.Kernel_Config	Sel4Lean.Spec.KernelConfig.CONFIG_KERNEL_OPT_LEVEL_O2
KernelInitMonad_H.init_data.initBootInfo	ExecSpec.KernelInitMonad_H	Sel4Lean.Spec.InitData.initBootInfo
Invocations_H.tcbinvocation.tcNewFaultEP	ExecSpec.Invocations_H	Sel4Lean.Spec.TCBInvocation.tcNewFaultEP
Invocations_H.tcbinvocation.resumeThread	ExecSpec.Invocations_H	Sel4Lean.Spec.TCBInvocation.resumeThread
Invocations_H.tcbinvocation.readRegsArch	ExecSpec.Invocations_H	Sel4Lean.Spec.TCBInvocation.readRegsArch
Invocations_H.domain_invocation.domIndex	ExecSpec.Invocations_H	Sel4Lean.Spec.DomainInvocation.domIndex
Invocations_H.cnode_invocation.pivotSlot	ExecSpec.Invocations_H	Sel4Lean.Spec.CNodeInvocation.pivotSlot
Invocations_H.cnode_invocation.insertCap	ExecSpec.Invocations_H	Sel4Lean.Spec.CNodeInvocation.insertCap
InterruptDecls_H.initInterruptController	ExecSpec.InterruptDecls_H	Sel4Lean.Spec.M.Kernel_Init.initInterruptController
Hardware_H.RISCV64_H.vmrights.VMReadOnly	ExecSpec.Hardware_H	Sel4Lean.Spec.VMRights.VMReadOnly
Fault_H.lookup_failure.MissingCapability	ExecSpec.Fault_H	Sel4Lean.Spec.LookupFailure.MissingCapability
ArchVSpace_H.RISCV64_H.lookupPTFromLevel	ExecSpec.ArchVSpace_H	Sel4Lean.Spec.M.Kernel_VSpace_RISCV64.lookupPTFromLevel
ArchVSpaceDecls_H.RISCV64_H.writeITPDPTs	ExecSpec.ArchVSpaceDecls_H	Sel4Lean.Spec.M.Kernel_VSpace_RISCV64.writeITPDPTs
ArchVSpaceDecls_H.RISCV64_H.vptrFromPPtr	ExecSpec.ArchVSpaceDecls_H	Sel4Lean.Spec.M.Kernel_VSpace.vptrFromPPtr
ArchVSpaceDecls_H.RISCV64_H.maskVMRights	ExecSpec.ArchVSpaceDecls_H	Sel4Lean.Spec.M.Object_ObjectType_RISCV64.maskVMRights
ArchVSpaceDecls_H.RISCV64_H.lookupPTSlot	ExecSpec.ArchVSpaceDecls_H	Sel4Lean.Spec.M.Kernel_VSpace_RISCV64.lookupPTSlot
ArchStructures_H.RISCV64_H.isASIDPoolCap	ExecSpec.ArchStructures_H	Sel4Lean.Spec.isASIDPoolCap
ArchStateData_H.RISCV64_H.newKernelState	ExecSpec.ArchStateData_H	Sel4Lean.Spec.M.Model_StateData.newKernelState
ArchRetypeDecls_H.canonicalAddressAssert	ExecSpec.ArchRetypeDecls_H	Sel4Lean.Spec.M.Object_Untyped.canonicalAddressAssert
ArchRetypeDecls_H.RISCV64_H.sameRegionAs	ExecSpec.ArchRetypeDecls_H	Sel4Lean.Spec.M.Object_ObjectType.RISCV64.sameRegionAs
ArchRetypeDecls_H.RISCV64_H.sameObjectAs	ExecSpec.ArchRetypeDecls_H	Sel4Lean.Spec.M.Object_ObjectType_RISCV64.sameObjectAs
ArchRetypeDecls_H.RISCV64_H.cteGuardBits	ExecSpec.ArchRetypeDecls_H	Sel4Lean.Spec.M.Object_ObjectType.RISCV64.cteGuardBits
ArchRetypeDecls_H.RISCV64_H.createObject	ExecSpec.ArchRetypeDecls_H	Sel4Lean.Spec.M.Object_ObjectType_RISCV64.createObject
ArchRetypeDecls_H.RISCV64_H.asidPoolBits	ExecSpec.ArchRetypeDecls_H	Sel4Lean.Spec.M.Object_ObjectType_RISCV64.asidPoolBits
ArchFault_H.RISCV64_H.arch_fault.VMFault	ExecSpec.ArchFault_H	Sel4Lean.Spec.ArchFault.VMFault
Types_H.biframe_data.bifSharedFrameCaps	ExecSpec.Types_H	Sel4Lean.Spec.BIFrameData.bifSharedFrameCaps
Types_H.biframe_data.bifITCNodeSizeBits	ExecSpec.Types_H	Sel4Lean.Spec.BIFrameData.bifITCNodeSizeBits
ThreadDecls_H.modifyReadyQueuesL2Bitmap	ExecSpec.ThreadDecls_H	Sel4Lean.Spec.M.Kernel_Thread.modifyReadyQueuesL2Bitmap
ThreadDecls_H.modifyReadyQueuesL1Bitmap	ExecSpec.ThreadDecls_H	Sel4Lean.Spec.M.Kernel_Thread.modifyReadyQueuesL1Bitmap
Structures_H.thread_state.BlockedOnSend	ExecSpec.Structures_H	Sel4Lean.Spec.ThreadState.BlockedOnSend
Structures_H.kernel_object.KOKernelData	ExecSpec.Structures_H	Sel4Lean.Spec.KernelObject.KOKernelData
Structures_H.capability.capZombieNumber	ExecSpec.Structures_H	Sel4Lean.Spec.Capability.capZombieNumber
Structures_H.capability.capEPCanReceive	ExecSpec.Structures_H	Sel4Lean.Spec.Capability.capEPCanReceive
Structures_H.capability.NotificationCap	ExecSpec.Structures_H	Sel4Lean.Spec.Capability.NotificationCap
PSpaceStorable_H.pre_storable.projectKO	ExecSpec.PSpaceStorable_H	Sel4Lean.Spec.projectKO
MachineTypes.machine_state.device_state	ExecSpec.MachineTypes	Sel4Lean.Spec.MachineState.device_state
MachineTypes.RISCV64.init_machine_state	ExecSpec.MachineTypes	Sel4Lean.Spec.init_machine_state
Kernel_Config.CONFIG_VERIFICATION_BUILD	ExecSpec.Kernel_Config	Sel4Lean.Spec.KernelConfig.CONFIG_VERIFICATION_BUILD
KernelStateData_H.kernel_state.ksPSpace	ExecSpec.KernelStateData_H	Sel4Lean.Spec.KernelState.ksPSpace
KernelStateData_H.kernel_state.gsCNodes	ExecSpec.KernelStateData_H	Sel4Lean.Spec.KernelState.gsCNodes
Invocations_H.untyped_invocation.Retype	ExecSpec.Invocations_H	Sel4Lean.Spec.UntypedInvocation.Retype
Invocations_H.tcbinvocation.setFlagsTCB	ExecSpec.Invocations_H	Sel4Lean.Spec.TCBInvocation.setFlagsTCB
Invocations_H.tcbinvocation.setFlagsSet	ExecSpec.Invocations_H	Sel4Lean.Spec.TCBInvocation.setFlagsSet
Invocations_H.invocation.InvokeEndpoint	ExecSpec.Invocations_H	Sel4Lean.Spec.Invocation.InvokeEndpoint
Invocations_H.cnode_invocation.moveCap2	ExecSpec.Invocations_H	Sel4Lean.Spec.CNodeInvocation.moveCap2
Invocations_H.cnode_invocation.moveCap1	ExecSpec.Invocations_H	Sel4Lean.Spec.CNodeInvocation.moveCap1
Fault_H.syscall_error.InvalidCapability	ExecSpec.Fault_H	Sel4Lean.Spec.SyscallError.InvalidCapability
ArchVSpaceDecls_H.RISCV64_H.ptSlotIndex	ExecSpec.ArchVSpaceDecls_H	Sel4Lean.Spec.M.Kernel_VSpace_RISCV64.ptSlotIndex
ArchVSpaceDecls_H.RISCV64_H.makeUserPTE	ExecSpec.ArchVSpaceDecls_H	Sel4Lean.Spec.M.Kernel_VSpace_RISCV64.makeUserPTE
ArchTCB_H.RISCV64_H.postModifyRegisters	ExecSpec.ArchTCB_H	Sel4Lean.Spec.M.Object_TCB.RISCV64.postModifyRegisters
ArchStructures_H.RISCV64_H.asidHighBits	ExecSpec.ArchStructures_H	Sel4Lean.Spec.M.Kernel_VSpace_RISCV64.asidHighBits
ArchRetypeDecls_H.RISCV64_H.isPageUnmap	ExecSpec.ArchRetypeDecls_H	Sel4Lean.Spec.isPageUnmap
ArchRetypeDecls_H.RISCV64_H.finaliseCap	ExecSpec.ArchRetypeDecls_H	Sel4Lean.Spec.M.Object_CNode.finaliseCap
ArchInterruptDecls_H.RISCV64_H.checkIRQ	ExecSpec.ArchInterruptDecls_H	Sel4Lean.Spec.M.Object_Interrupt.RISCV64.checkIRQ
ArchDomain_H.RISCV64_H.prepareSetDomain	ExecSpec.ArchDomain_H	Sel4Lean.Spec.M.Object_Domain_RISCV64.prepareSetDomain
Types_H.biframe_data.bifUntypedObjCaps	ExecSpec.Types_H	Sel4Lean.Spec.BIFrameData.bifUntypedObjCaps
Types_H.bidevice_region.BIDeviceRegion	ExecSpec.Types_H	Sel4Lean.Spec.BIDeviceRegion
Structures_H.zombie_type.zombieCTEBits	ExecSpec.Structures_H	Sel4Lean.Spec.ZombieType.zombieCTEBits
Structures_H.notification.ntfnBoundTCB	ExecSpec.Structures_H	Sel4Lean.Spec.Notification.ntfnBoundTCB
Structures_H.capability.capReplyMaster	ExecSpec.Structures_H	Sel4Lean.Spec.Capability.capReplyMaster
Structures_H.capability.capNtfnCanSend	ExecSpec.Structures_H	Sel4Lean.Spec.Capability.capNtfnCanSend
NotificationDecls_H.unbindNotification	ExecSpec.NotificationDecls_H	Sel4Lean.Spec.M.Object_Notification.unbindNotification
MachineTypes.RISCV64.ptTranslationBits	ExecSpec.MachineTypes	Sel4Lean.Spec.M.Machine_Hardware_RISCV64.ptTranslationBits
MachineOps.RISCV64.plic_complete_claim	ExecSpec.MachineOps	Sel4Lean.Spec.MachineOps.plic_complete_claim
MachineOps.RISCV64.configureTimer_impl	ExecSpec.MachineOps	Sel4Lean.Spec.MachineOps.configureTimer_impl
Kernel_Config.CONFIG_KERNEL_STACK_BITS	ExecSpec.Kernel_Config	Sel4Lean.Spec.KernelConfig.CONFIG_KERNEL_STACK_BITS
Invocations_H.tcbinvocation.tcNewVRoot	ExecSpec.Invocations_H	Sel4Lean.Spec.TCBInvocation.tcNewVRoot
Invocations_H.tcbinvocation.tcNewCRoot	ExecSpec.Invocations_H	Sel4Lean.Spec.TCBInvocation.tcNewCRoot
Invocations_H.tcbinvocation.SetTLSBase	ExecSpec.Invocations_H	Sel4Lean.Spec.TCBInvocation.SetTLSBase
Invocations_H.invocation.InvokeUntyped	ExecSpec.Invocations_H	Sel4Lean.Spec.Invocation.InvokeUntyped
Invocations_H.cnode_invocation.moveCap	ExecSpec.Invocations_H	Sel4Lean.Spec.CNodeInvocation.moveCap
Hardware_H.RISCV64_H.riscvExecuteNever	ExecSpec.Hardware_H	Sel4Lean.Spec.VMAttributes.riscvExecuteNever
Hardware_H.RISCV64_H.initIRQController	ExecSpec.Hardware_H	Sel4Lean.Spec.M.Machine_Hardware.initIRQController
Fault_H.syscall_error.invalidCapNumber	ExecSpec.Fault_H	Sel4Lean.Spec.SyscallError.invalidCapNumber
Fault_H.syscall_error.TruncatedMessage	ExecSpec.Fault_H	Sel4Lean.Spec.SyscallError.TruncatedMessage
Fault_H.syscall_error.IllegalOperation	ExecSpec.Fault_H	Sel4Lean.Spec.SyscallError.IllegalOperation
ArchVSpaceDecls_H.RISCV64_H.pteAtIndex	ExecSpec.ArchVSpaceDecls_H	Sel4Lean.Spec.M.Kernel_VSpace_RISCV64.pteAtIndex
ArchVSpaceDecls_H.RISCV64_H.ptBitsLeft	ExecSpec.ArchVSpaceDecls_H	Sel4Lean.Spec.M.Kernel_VSpace_RISCV64.ptBitsLeft
ArchVSpaceDecls_H.RISCV64_H.deleteASID	ExecSpec.ArchVSpaceDecls_H	Sel4Lean.Spec.M.Object_ObjectType_RISCV64.deleteASID
ArchTypes_H.RISCV64_H.tcbBlockSizeBits	ExecSpec.ArchTypes_H	Sel4Lean.Spec.M.Object_Structures.tcbBlockSizeBits
ArchTypes_H.RISCV64_H.apiGetObjectSize	ExecSpec.ArchTypes_H	Sel4Lean.Spec.M.API_Types_RISCV64.apiGetObjectSize
ArchStructures_H.RISCV64_H.asidLowBits	ExecSpec.ArchStructures_H	Sel4Lean.Spec.M.Object_Structures_RISCV64.asidLowBits
ArchStructures_H.RISCV64_H.archObjSize	ExecSpec.ArchStructures_H	Sel4Lean.Spec.M.Object_Structures.archObjSize
Types_H.message_info.msgCapsUnwrapped	ExecSpec.Types_H	Sel4Lean.Spec.MessageInfo.msgCapsUnwrapped
Types_H.cap_rights.capAllowGrantReply	ExecSpec.Types_H	Sel4Lean.Spec.CapRights.capAllowGrantReply
Types_H.biframe_data.bifNumIOPTLevels	ExecSpec.Types_H	Sel4Lean.Spec.BIFrameData.bifNumIOPTLevels
Types_H.biframe_data.bifDeviceRegions	ExecSpec.Types_H	Sel4Lean.Spec.BIFrameData.bifDeviceRegions
Types_H.bidevice_region.bidrFrameCaps	ExecSpec.Types_H	Sel4Lean.Spec.BIDeviceRegion.bidrFrameCaps
Types_H.bidevice_region.bidrBasePAddr	ExecSpec.Types_H	Sel4Lean.Spec.BIDeviceRegion.bidrBasePAddr
ThreadDecls_H.scheduleChooseNewThread	ExecSpec.ThreadDecls_H	Sel4Lean.Spec.M.Kernel_Thread.scheduleChooseNewThread
Structures_H.tcb.tcbBoundNotification	ExecSpec.Structures_H	Sel4Lean.Spec.TCB.tcbBoundNotification
Structures_H.kernel_object.KOUserData	ExecSpec.Structures_H	Sel4Lean.Spec.KernelObject.KOUserData
Structures_H.kernel_object.KOEndpoint	ExecSpec.Structures_H	Sel4Lean.Spec.KernelObject.KOEndpoint
Structures_H.capability.capZombieType	ExecSpec.Structures_H	Sel4Lean.Spec.Capability.capZombieType
Structures_H.capability.capEPCanGrant	ExecSpec.Structures_H	Sel4Lean.Spec.Capability.capEPCanGrant
Structures_H.capability.capCNodeGuard	ExecSpec.Structures_H	Sel4Lean.Spec.Capability.capCNodeGuard
Structures_H.capability.IRQHandlerCap	ExecSpec.Structures_H	Sel4Lean.Spec.Capability.IRQHandlerCap
Structures_H.capability.IRQControlCap	ExecSpec.Structures_H	Sel4Lean.Spec.Capability.IRQControlCap
Structures_H.capability.ArchObjectCap	ExecSpec.Structures_H	Sel4Lean.Spec.Capability.ArchObjectCap
PSpaceStorable_H.pre_storable.objBits	ExecSpec.PSpaceStorable_H	Sel4Lean.Spec.objBits
MachineTypes.RISCV64.register.SSTATUS	ExecSpec.MachineTypes	Sel4Lean.Spec.RISCV64.Register.SSTATUS
MachineTypes.RISCV64.register.FaultIP	ExecSpec.MachineTypes	Sel4Lean.Spec.RISCV64.Register.FaultIP
MachineTypes.RISCV64.exceptionMessage	ExecSpec.MachineTypes	Sel4Lean.Spec.M.API_Faults.exceptionMessage
MachineOps.RISCV64.setVSpaceRoot_impl	ExecSpec.MachineOps	Sel4Lean.Spec.MachineOps.setVSpaceRoot_impl
MachineOps.RISCV64.setIRQTrigger_impl	ExecSpec.MachineOps	Sel4Lean.Spec.MachineOps.setIRQTrigger_impl
MachineOps.RISCV64.configureTimer_val	ExecSpec.MachineOps	Sel4Lean.Spec.MachineOps.configureTimer_val
KernelStateData_H.idleThreadNotQueued	ExecSpec.KernelStateData_H	Sel4Lean.Spec.M.Model_StateData.idleThreadNotQueued
Invocations_H.invocation.InvokeDomain	ExecSpec.Invocations_H	Sel4Lean.Spec.Invocation.InvokeDomain
Invocations_H.cnode_invocation.Rotate	ExecSpec.Invocations_H	Sel4Lean.Spec.CNodeInvocation.Rotate
Invocations_H.cnode_invocation.Revoke	ExecSpec.Invocations_H	Sel4Lean.Spec.CNodeInvocation.Revoke
Invocations_H.cnode_invocation.Insert	ExecSpec.Invocations_H	Sel4Lean.Spec.CNodeInvocation.Insert
Invocations_H.cnode_invocation.Delete	ExecSpec.Invocations_H	Sel4Lean.Spec.CNodeInvocation.Delete
InterruptDecls_H.maybeHandleInterrupt	ExecSpec.InterruptDecls_H	Sel4Lean.Spec.M.SEL4.maybeHandleInterrupt
Hardware_H.RISCV64_H.vmRightsFromBits	ExecSpec.Hardware_H	Sel4Lean.Spec.M.Machine_Hardware_RISCV64.vmRightsFromBits
Hardware_H.RISCV64_H.pte.PageTablePTE	ExecSpec.Hardware_H	Sel4Lean.Spec.PTE.PageTablePTE
Fault_H.syscall_error.NotEnoughMemory	ExecSpec.Fault_H	Sel4Lean.Spec.SyscallError.NotEnoughMemory
Fault_H.syscall_error.InvalidArgument	ExecSpec.Fault_H	Sel4Lean.Spec.SyscallError.InvalidArgument
Fault_H.fault.UnknownSyscallException	ExecSpec.Fault_H	Sel4Lean.Spec.Fault.UnknownSyscallException
FaultHandlerDecls_H.handleDoubleFault	ExecSpec.FaultHandlerDecls_H	Sel4Lean.Spec.M.Kernel_FaultHandler.handleDoubleFault
Arch_Structs_B.RISCV64_H.parseTimeArg	ExecSpec.Arch_Structs_B	Sel4Lean.Spec.M.Object_Domain.parseTimeArg
ArchVSpaceDecls_H.RISCV64_H.unmapPage	ExecSpec.ArchVSpaceDecls_H	Sel4Lean.Spec.M.Kernel_VSpace_RISCV64.unmapPage
ArchVSpaceDecls_H.RISCV64_H.setVMRoot	ExecSpec.ArchVSpaceDecls_H	Sel4Lean.Spec.M.Kernel_VSpace_RISCV64.setVMRoot
ArchVSpaceDecls_H.RISCV64_H.checkSlot	ExecSpec.ArchVSpaceDecls_H	Sel4Lean.Spec.M.Kernel_VSpace_RISCV64.checkSlot
ArchVSpaceDecls_H.RISCV64_H.checkPTAt	ExecSpec.ArchVSpaceDecls_H	Sel4Lean.Spec.M.Kernel_VSpace_RISCV64.checkPTAt
ArchStructures_H.RISCV64_H.newArchTCB	ExecSpec.ArchStructures_H	Sel4Lean.Spec.M.Object_Structures_RISCV64.newArchTCB
ArchStructures_H.RISCV64_H.isFrameCap	ExecSpec.ArchStructures_H	Sel4Lean.Spec.isFrameCap
ArchStructures_H.RISCV64_H.archTypeOf	ExecSpec.ArchStructures_H	Sel4Lean.Spec.RISCV64.archTypeOf
ArchRetypeDecls_H.RISCV64_H.isPageMap	ExecSpec.ArchRetypeDecls_H	Sel4Lean.Spec.isPageMap
ArchRetypeDecls_H.RISCV64_H.deriveCap	ExecSpec.ArchRetypeDecls_H	Sel4Lean.Spec.M.Object_ObjectType_RISCV64.deriveCap
ThreadDecls_H.getReadyQueuesL2Bitmap	ExecSpec.ThreadDecls_H	Sel4Lean.Spec.M.Kernel_Thread.getReadyQueuesL2Bitmap
ThreadDecls_H.getReadyQueuesL1Bitmap	ExecSpec.ThreadDecls_H	Sel4Lean.Spec.M.Kernel_Thread.getReadyQueuesL1Bitmap
Structures_H.zombie_type.ZombieCNode	ExecSpec.Structures_H	Sel4Lean.Spec.ZombieType.ZombieCNode
Structures_H.isBlockedOnNotification	ExecSpec.Structures_H	Sel4Lean.Spec.isBlockedOnNotification
Structures_H.capability.capZombiePtr	ExecSpec.Structures_H	Sel4Lean.Spec.Capability.capZombiePtr
Structures_H.capability.capNtfnBadge	ExecSpec.Structures_H	Sel4Lean.Spec.Capability.capNtfnBadge
Structures_H.capability.capFreeIndex	ExecSpec.Structures_H	Sel4Lean.Spec.Capability.capFreeIndex
Structures_H.capability.capEPCanSend	ExecSpec.Structures_H	Sel4Lean.Spec.Capability.capEPCanSend
Structures_H.capability.capCNodeBits	ExecSpec.Structures_H	Sel4Lean.Spec.Capability.capCNodeBits
Structures_H.capability.capBlockSize	ExecSpec.Structures_H	Sel4Lean.Spec.Capability.capBlockSize
Platform.RISCV64.kernelELFBaseOffset	ExecSpec.Platform	Sel4Lean.Spec.Platform.kernelELFBaseOffset
NotificationDecls_H.cancelAllSignals	ExecSpec.NotificationDecls_H	Sel4Lean.Spec.M.Object_Notification.cancelAllSignals
NotificationDecls_H.bindNotification	ExecSpec.NotificationDecls_H	Sel4Lean.Spec.M.Object_TCB.bindNotification
MachineTypes.machine_state.irq_state	ExecSpec.MachineTypes	Sel4Lean.Spec.MachineState.irq_state
MachineTypes.machine_state.irq_masks	ExecSpec.MachineTypes	Sel4Lean.Spec.MachineState.irq_masks
MachineTypes.RISCV64.tlsBaseRegister	ExecSpec.MachineTypes	Sel4Lean.Spec.M.Machine_RegisterSet.RISCV64.tlsBaseRegister
MachineTypes.RISCV64.register.SCAUSE	ExecSpec.MachineTypes	Sel4Lean.Spec.RISCV64.Register.SCAUSE
MachineTypes.RISCV64.register.NextIP	ExecSpec.MachineTypes	Sel4Lean.Spec.RISCV64.Register.NextIP
MachineTypes.RISCV64.pageBitsForSize	ExecSpec.MachineTypes	Sel4Lean.Spec.M.Object_ObjectType_RISCV64.pageBitsForSize
MachineTypes.RISCV64.msgInfoRegister	ExecSpec.MachineTypes	Sel4Lean.Spec.M.Machine_RegisterSet_RISCV64.msgInfoRegister
KernelStateData_H.setSchedulerAction	ExecSpec.KernelStateData_H	Sel4Lean.Spec.M.Model_StateData.setSchedulerAction
KernelStateData_H.ksReadyQueues_asrt	ExecSpec.KernelStateData_H	Sel4Lean.Spec.M.Object_Notification.ksReadyQueues_asrt
KernelStateData_H.getSchedulerAction	ExecSpec.KernelStateData_H	Sel4Lean.Spec.M.Model_StateData.getSchedulerAction
Invocations_H.tcbinvocation.tcThread	ExecSpec.Invocations_H	Sel4Lean.Spec.TCBInvocation.tcThread
Invocations_H.tcbinvocation.SetFlags	ExecSpec.Invocations_H	Sel4Lean.Spec.TCBInvocation.SetFlags
Invocations_H.invocation.InvokeReply	ExecSpec.Invocations_H	Sel4Lean.Spec.Invocation.InvokeReply
Invocations_H.invocation.InvokeCNode	ExecSpec.Invocations_H	Sel4Lean.Spec.Invocation.InvokeCNode
Invocations_H.cnode_invocation.epCap	ExecSpec.Invocations_H	Sel4Lean.Spec.CNodeInvocation.epCap
Fault_H.syscall_error.AlignmentError	ExecSpec.Fault_H	Sel4Lean.Spec.SyscallError.AlignmentError
Fault_H.lookup_failure.GuardMismatch	ExecSpec.Fault_H	Sel4Lean.Spec.LookupFailure.GuardMismatch
Fault_H.lookup_failure.DepthMismatch	ExecSpec.Fault_H	Sel4Lean.Spec.LookupFailure.DepthMismatch
Fault_H.fault.userExceptionErrorCode	ExecSpec.Fault_H	Sel4Lean.Spec.Fault.userExceptionErrorCode
Fault_H.fault.capFaultInReceivePhase	ExecSpec.Fault_H	Sel4Lean.Spec.Fault.capFaultInReceivePhase
ArchVSpaceDecls_H.RISCV64_H.storePTE	ExecSpec.ArchVSpaceDecls_H	Sel4Lean.Spec.M.Kernel_VSpace_RISCV64.storePTE
ArchTypes_H.apiobject_type.TCBObject	ExecSpec.ArchTypes_H	Sel4Lean.Spec.APIObjectType.TCBObject
ArchTCB_H.RISCV64_H.sanitiseRegister	ExecSpec.ArchTCB_H	Sel4Lean.Spec.M.Object_TCB.RISCV64.sanitiseRegister
ArchStructures_H.RISCV64_H.asidRange	ExecSpec.ArchStructures_H	Sel4Lean.Spec.M.Object_Structures_RISCV64.asidRange
ArchStateData_H.RISCV64_H.maxPTLevel	ExecSpec.ArchStateData_H	Sel4Lean.Spec.M.Kernel_VSpace_RISCV64.maxPTLevel
Types_H.init_data.initBootInfoFrame	ExecSpec.Types_H	Sel4Lean.Spec.InitData.initBootInfoFrame
Types_H.cap_transfer.ctReceiveIndex	ExecSpec.Types_H	Sel4Lean.Spec.CapTransfer.ctReceiveIndex
Types_H.cap_transfer.ctReceiveDepth	ExecSpec.Types_H	Sel4Lean.Spec.CapTransfer.ctReceiveDepth
Types_H.biframe_data.bifUIFrameCaps	ExecSpec.Types_H	Sel4Lean.Spec.BIFrameData.bifUIFrameCaps
ThreadDecls_H.activateInitialThread	ExecSpec.ThreadDecls_H	Sel4Lean.Spec.M.Kernel_Thread.activateInitialThread
TCBDecls_H.decodeUnbindNotification	ExecSpec.TCBDecls_H	Sel4Lean.Spec.M.Object_TCB.decodeUnbindNotification
Structures_H.ntfn.ntfnMsgIdentifier	ExecSpec.Structures_H	Sel4Lean.Spec.NTFN.ntfnMsgIdentifier
Structures_H.mdbnode.mdbFirstBadged	ExecSpec.Structures_H	Sel4Lean.Spec.MDBNode.mdbFirstBadged
Structures_H.capability.capIsDevice	ExecSpec.Structures_H	Sel4Lean.Spec.Capability.capIsDevice
Structures_H.capability.capCNodePtr	ExecSpec.Structures_H	Sel4Lean.Spec.Capability.capCNodePtr
Structures_H.capability.EndpointCap	ExecSpec.Structures_H	Sel4Lean.Spec.Capability.EndpointCap
Platform.RISCV64.kernelELFPAddrBase	ExecSpec.Platform	Sel4Lean.Spec.Platform.kernelELFPAddrBase
NotificationDecls_H.setNotification	ExecSpec.NotificationDecls_H	Sel4Lean.Spec.M.Object_Notification.setNotification
NotificationDecls_H.getNotification	ExecSpec.NotificationDecls_H	Sel4Lean.Spec.M.Object_TCB.getNotification
MachineTypes.RISCV64.vmFaultTypeFSR	ExecSpec.MachineTypes	Sel4Lean.Spec.M.Kernel_VSpace_RISCV64.vmFaultTypeFSR
MachineTypes.RISCV64.syscallMessage	ExecSpec.MachineTypes	Sel4Lean.Spec.M.Machine_RegisterSet.RISCV64.syscallMessage
MachineTypes.RISCV64.init_irq_masks	ExecSpec.MachineTypes	Sel4Lean.Spec.init_irq_masks
MachineTypes.RISCV64.frameRegisters	ExecSpec.MachineTypes	Sel4Lean.Spec.M.Machine_RegisterSet.RISCV64.frameRegisters
MachineOps.RISCV64.setInterruptMode	ExecSpec.MachineOps	Sel4Lean.Spec.MachineOps.setInterruptMode
MachineOps.RISCV64.modify_registers	ExecSpec.MachineOps	Sel4Lean.Spec.MachineOps.modify_registers
MachineOps.RISCV64.initL2Cache_impl	ExecSpec.MachineOps	Sel4Lean.Spec.MachineOps.initL2Cache_impl
MachineOps.RISCV64.hwASIDFlush_impl	ExecSpec.MachineOps	Sel4Lean.Spec.MachineOps.hwASIDFlush_impl
MachineOps.RISCV64.getMemoryRegions	ExecSpec.MachineOps	Sel4Lean.Spec.MachineOps.getMemoryRegions
Kernel_Config.CONFIG_CTZ_NO_BUILTIN	ExecSpec.Kernel_Config	Sel4Lean.Spec.KernelConfig.CONFIG_CTZ_NO_BUILTIN
Kernel_Config.CONFIG_CLZ_NO_BUILTIN	ExecSpec.Kernel_Config	Sel4Lean.Spec.KernelConfig.CONFIG_CLZ_NO_BUILTIN
KernelStateData_H.setInterruptState	ExecSpec.KernelStateData_H	Sel4Lean.Spec.M.Object_Interrupt.setInterruptState
KernelStateData_H.ready_qs_runnable	ExecSpec.KernelStateData_H	Sel4Lean.Spec.M.Model_StateData.ready_qs_runnable
KernelStateData_H.getInterruptState	ExecSpec.KernelStateData_H	Sel4Lean.Spec.M.Model_StateData.getInterruptState
Invocations_H.tcbinvocation.Suspend	ExecSpec.Invocations_H	Sel4Lean.Spec.TCBInvocation.Suspend
Invocations_H.isNotificationControl	ExecSpec.Invocations_H	Sel4Lean.Spec.isNotificationControl
Invocations_H.cnode_invocation.Move	ExecSpec.Invocations_H	Sel4Lean.Spec.CNodeInvocation.Move
InterruptDecls_H.deletingIRQHandler	ExecSpec.InterruptDecls_H	Sel4Lean.Spec.M.Object_Interrupt.deletingIRQHandler
Hardware_H.RISCV64_H.vmRightsToBits	ExecSpec.Hardware_H	Sel4Lean.Spec.M.Machine_Hardware_RISCV64.vmRightsToBits
Hardware_H.RISCV64_H.pte.pteExecute	ExecSpec.Hardware_H	Sel4Lean.Spec.PTE.pteExecute
Hardware_H.RISCV64_H.pte.InvalidPTE	ExecSpec.Hardware_H	Sel4Lean.Spec.PTE.InvalidPTE
Hardware_H.RISCV64_H.pageColourBits	ExecSpec.Hardware_H	Sel4Lean.Spec.M.Machine_Hardware.RISCV64.pageColourBits
Hardware_H.RISCV64_H.isPageTablePTE	ExecSpec.Hardware_H	Sel4Lean.Spec.M.Kernel_VSpace_RISCV64.isPageTablePTE
Fault_H.syscall_error.rangeErrorMin	ExecSpec.Fault_H	Sel4Lean.Spec.SyscallError.rangeErrorMin
Fault_H.syscall_error.rangeErrorMax	ExecSpec.Fault_H	Sel4Lean.Spec.SyscallError.rangeErrorMax
ArchVSpaceDecls_H.RISCV64_H.ptIndex	ExecSpec.ArchVSpaceDecls_H	Sel4Lean.Spec.M.Kernel_VSpace_RISCV64.ptIndex
ArchTypes_H.RISCV64_H.getObjectSize	ExecSpec.ArchTypes_H	Sel4Lean.Spec.M.API_Types_RISCV64.getObjectSize
ArchTCB_H.RISCV64_H.performTransfer	ExecSpec.ArchTCB_H	Sel4Lean.Spec.M.Object_TCB.RISCV64.performTransfer
ArchStructures_H.RISCV64_H.fromASID	ExecSpec.ArchStructures_H	Sel4Lean.Spec.ASID.fromASID
ArchStructures_H.RISCV64_H.asidBits	ExecSpec.ArchStructures_H	Sel4Lean.Spec.M.Object_Structures_RISCV64.asidBits
Types_H.cap_transfer.ctReceiveRoot	ExecSpec.Types_H	Sel4Lean.Spec.CapTransfer.ctReceiveRoot
Types_H.biframe_data.bifIPCBufVPtr	ExecSpec.Types_H	Sel4Lean.Spec.BIFrameData.bifIPCBufVPtr
ThreadDecls_H.setBoundNotification	ExecSpec.ThreadDecls_H	Sel4Lean.Spec.M.Object_Notification.setBoundNotification
ThreadDecls_H.getBoundNotification	ExecSpec.ThreadDecls_H	Sel4Lean.Spec.M.Object_Endpoint.getBoundNotification
Structures_H.zombie_type.ZombieTCB	ExecSpec.Structures_H	Sel4Lean.Spec.ZombieType.ZombieTCB
Structures_H.thread_state.Inactive	ExecSpec.Structures_H	Sel4Lean.Spec.ThreadState.Inactive
Structures_H.tcb.tcbIPCBufferFrame	ExecSpec.Structures_H	Sel4Lean.Spec.TCB.tcbIPCBufferFrame
Structures_H.isResumeCurrentThread	ExecSpec.Structures_H	Sel4Lean.Spec.isResumeCurrentThread
Structures_H.capability.capNtfnPtr	ExecSpec.Structures_H	Sel4Lean.Spec.Capability.capNtfnPtr
Structures_H.capability.capEPBadge	ExecSpec.Structures_H	Sel4Lean.Spec.Capability.capEPBadge
Structures_H.capability.UntypedCap	ExecSpec.Structures_H	Sel4Lean.Spec.Capability.UntypedCap
State_H.RISCV64_H.exceptionMessage	ExecSpec.State_H	Sel4Lean.Spec.M.API_Faults.exceptionMessage
RegisterSet_H.RISCV64_H.newContext	ExecSpec.RegisterSet_H	Sel4Lean.Spec.M.Object_Structures_RISCV64.newContext
NotificationDecls_H.receiveBlocked	ExecSpec.NotificationDecls_H	Sel4Lean.Spec.M.Object_Notification.receiveBlocked
NotificationDecls_H.completeSignal	ExecSpec.NotificationDecls_H	Sel4Lean.Spec.M.Object_Endpoint.completeSignal
MachineTypes.RISCV64.faultRegister	ExecSpec.MachineTypes	Sel4Lean.Spec.M.Kernel_Thread.faultRegister
MachineTypes.RISCV64.badgeRegister	ExecSpec.MachineTypes	Sel4Lean.Spec.M.Object_Notification.badgeRegister
MachineOps.RISCV64.resetTimer_impl	ExecSpec.MachineOps	Sel4Lean.Spec.MachineOps.resetTimer_impl
MachineOps.RISCV64.non_kernel_IRQs	ExecSpec.MachineOps	Sel4Lean.Spec.MachineOps.non_kernel_IRQs
Kernel_Config.CONFIG_TIMER_TICK_MS	ExecSpec.Kernel_Config	Sel4Lean.Spec.KernelConfig.CONFIG_TIMER_TICK_MS
Kernel_Config.CONFIG_NO_BENCHMARKS	ExecSpec.Kernel_Config	Sel4Lean.Spec.KernelConfig.CONFIG_NO_BENCHMARKS
Kernel_Config.CONFIG_MAX_NUM_NODES	ExecSpec.Kernel_Config	Sel4Lean.Spec.KernelConfig.CONFIG_MAX_NUM_NODES
KernelInitMonad_H.biCapASIDControl	ExecSpec.KernelInitMonad_H	Sel4Lean.Spec.KernelInit.biCapASIDControl
Invocations_H.tcbinvocation.Resume	ExecSpec.Invocations_H	Sel4Lean.Spec.TCBInvocation.Resume
Invocations_H.invocation.InvokeTCB	ExecSpec.Invocations_H	Sel4Lean.Spec.Invocation.InvokeTCB
InterruptDecls_H.performIRQControl	ExecSpec.InterruptDecls_H	Sel4Lean.Spec.M.Object_ObjectType.performIRQControl
Hardware_H.RISCV64_H.pte.pteRights	ExecSpec.Hardware_H	Sel4Lean.Spec.PTE.pteRights
Hardware_H.RISCV64_H.pte.pteGlobal	ExecSpec.Hardware_H	Sel4Lean.Spec.PTE.pteGlobal
Fault_H.syscall_error.FailedLookup	ExecSpec.Fault_H	Sel4Lean.Spec.SyscallError.FailedLookup
Fault_H.lookup_failure.InvalidRoot	ExecSpec.Fault_H	Sel4Lean.Spec.LookupFailure.InvalidRoot
Fault_H.fault.unknownSyscallNumber	ExecSpec.Fault_H	Sel4Lean.Spec.Fault.unknownSyscallNumber
CSpaceDecls_H.lookupSlotForCNodeOp	ExecSpec.CSpaceDecls_H	Sel4Lean.Spec.M.Kernel_CSpace.lookupSlotForCNodeOp
ArchTypes_H.apiobject_type.Untyped	ExecSpec.ArchTypes_H	Sel4Lean.Spec.APIObjectType.Untyped
ArchTCB_H.RISCV64_H.decodeTransfer	ExecSpec.ArchTCB_H	Sel4Lean.Spec.M.Object_TCB.RISCV64.decodeTransfer
ArchPSpace_H.RISCV64_H.deleteGhost	ExecSpec.ArchPSpace_H	Sel4Lean.Spec.M.Model_PSpace_RISCV64.deleteGhost
Untyped_H.decodeUntypedInvocation	ExecSpec.Untyped_H	Sel4Lean.Spec.M.Object_ObjectType.decodeUntypedInvocation
Types_H.message_info.msgExtraCaps	ExecSpec.Types_H	Sel4Lean.Spec.MessageInfo.msgExtraCaps
ThreadDecls_H.configureIdleThread	ExecSpec.ThreadDecls_H	Sel4Lean.Spec.M.Kernel_Thread_RISCV64.configureIdleThread
TCBDecls_H.decodeBindNotification	ExecSpec.TCBDecls_H	Sel4Lean.Spec.M.Object_TCB.decodeBindNotification
Structures_H.thread_state.Running	ExecSpec.Structures_H	Sel4Lean.Spec.ThreadState.Running
Structures_H.thread_state.Restart	ExecSpec.Structures_H	Sel4Lean.Spec.ThreadState.Restart
Structures_H.notification.ntfnObj	ExecSpec.Structures_H	Sel4Lean.Spec.Notification.ntfnObj
Structures_H.mdbnode.mdbRevocable	ExecSpec.Structures_H	Sel4Lean.Spec.MDBNode.mdbRevocable
Structures_H.kernel_object.KOArch	ExecSpec.Structures_H	Sel4Lean.Spec.KernelObject.KOArch
Structures_H.kernelObjectTypeName	ExecSpec.Structures_H	Sel4Lean.Spec.M.Model_PSpace.kernelObjectTypeName
Structures_H.irqstate.IRQReserved	ExecSpec.Structures_H	Sel4Lean.Spec.IRQState.IRQReserved
Structures_H.irqstate.IRQInactive	ExecSpec.Structures_H	Sel4Lean.Spec.IRQState.IRQInactive
Structures_H.capability.capTCBPtr	ExecSpec.Structures_H	Sel4Lean.Spec.Capability.capTCBPtr
Structures_H.capability.ThreadCap	ExecSpec.Structures_H	Sel4Lean.Spec.Capability.ThreadCap
Structures_H.capability.DomainCap	ExecSpec.Structures_H	Sel4Lean.Spec.Capability.DomainCap
State_H.RISCV64_H.tlsBaseRegister	ExecSpec.State_H	Sel4Lean.Spec.M.Machine_RegisterSet.RISCV64.tlsBaseRegister
State_H.RISCV64_H.msgInfoRegister	ExecSpec.State_H	Sel4Lean.Spec.M.Machine_RegisterSet_RISCV64.msgInfoRegister
RetypeDecls_H.hasCancelSendRights	ExecSpec.RetypeDecls_H	Sel4Lean.Spec.M.Object_ObjectType.hasCancelSendRights
NotificationDecls_H.receiveSignal	ExecSpec.NotificationDecls_H	Sel4Lean.Spec.M.Object_Notification.receiveSignal
MachineTypes.RISCV64.register.S11	ExecSpec.MachineTypes	Sel4Lean.Spec.RISCV64.Register.S11
MachineTypes.RISCV64.register.S10	ExecSpec.MachineTypes	Sel4Lean.Spec.RISCV64.Register.S10
MachineTypes.RISCV64.msgRegisters	ExecSpec.MachineTypes	Sel4Lean.Spec.M.Object_TCB.msgRegisters
MachineOps.RISCV64.memory_regions	ExecSpec.MachineOps	Sel4Lean.Spec.MachineOps.memory_regions
MachineOps.RISCV64.initTimer_impl	ExecSpec.MachineOps	Sel4Lean.Spec.MachineOps.initTimer_impl
MachineOps.RISCV64.configureTimer	ExecSpec.MachineOps	Sel4Lean.Spec.M.Object_Interrupt.configureTimer
Kernel_Config.config_PLAT_BCM2837	ExecSpec.Kernel_Config	Sel4Lean.Spec.KernelConfig.config_PLAT_BCM2837
Kernel_Config.config_ARCH_RISCV64	ExecSpec.Kernel_Config	Sel4Lean.Spec.KernelConfig.config_ARCH_RISCV64
Kernel_Config.config_ARCH_RISCV32	ExecSpec.Kernel_Config	Sel4Lean.Spec.KernelConfig.config_ARCH_RISCV32
Kernel_Config.config_ARCH_AARCH64	ExecSpec.Kernel_Config	Sel4Lean.Spec.KernelConfig.config_ARCH_AARCH64
Kernel_Config.config_ARCH_AARCH32	ExecSpec.Kernel_Config	Sel4Lean.Spec.KernelConfig.config_ARCH_AARCH32
KernelStateData_H.modifyWorkUnits	ExecSpec.KernelStateData_H	Sel4Lean.Spec.M.Model_StateData.modifyWorkUnits
KernelStateData_H.modifyArchState	ExecSpec.KernelStateData_H	Sel4Lean.Spec.M.Model_StateData.modifyArchState
KernelInitMonad_H.biFrameSizeBits	ExecSpec.KernelInitMonad_H	Sel4Lean.Spec.M.Kernel_BootInfo.biFrameSizeBits
KernelInitMonad_H.biCapITASIDPool	ExecSpec.KernelInitMonad_H	Sel4Lean.Spec.KernelInit.biCapITASIDPool
KernelInitMonad_H.biCapIRQControl	ExecSpec.KernelInitMonad_H	Sel4Lean.Spec.M.Kernel_BootInfo.biCapIRQControl
Invocations_H.isCancelBadgedSends	ExecSpec.Invocations_H	Sel4Lean.Spec.isCancelBadgedSends
InterruptDecls_H.invokeIRQHandler	ExecSpec.InterruptDecls_H	Sel4Lean.Spec.M.Object_ObjectType.invokeIRQHandler
Intermediate_H.Arch_createNewCaps	ExecSpec.Intermediate_H	Sel4Lean.Spec.Intermediate.Arch_createNewCaps
Hardware_H.RISCV64_H.isInvalidPTE	ExecSpec.Hardware_H	Sel4Lean.Spec.isInvalidPTE
Hardware_H.RISCV64_H.VMAttributes	ExecSpec.Hardware_H	Sel4Lean.Spec.VMAttributes
Fault_H.syscall_error.RevokeFirst	ExecSpec.Fault_H	Sel4Lean.Spec.SyscallError.RevokeFirst
Fault_H.syscall_error.DeleteFirst	ExecSpec.Fault_H	Sel4Lean.Spec.SyscallError.DeleteFirst
Fault_H.isUnknownSyscallException	ExecSpec.Fault_H	Sel4Lean.Spec.isUnknownSyscallException
Fault_H.fault.userExceptionNumber	ExecSpec.Fault_H	Sel4Lean.Spec.Fault.userExceptionNumber
FaultMonad_H.lookupErrorOnFailure	ExecSpec.FaultMonad_H	Sel4Lean.Spec.M.Model_Failures.lookupErrorOnFailure
EndpointDecls_H.cancelBadgedSends	ExecSpec.EndpointDecls_H	Sel4Lean.Spec.M.Object_CNode.cancelBadgedSends
CSpaceDecls_H.lookupSlotForThread	ExecSpec.CSpaceDecls_H	Sel4Lean.Spec.M.Kernel_CSpace.lookupSlotForThread
ArchTypes_H.RISCV64_H.isFrameType	ExecSpec.ArchTypes_H	Sel4Lean.Spec.M.API_Types.RISCV64.isFrameType
ArchTypes_H.RISCV64_H.fromAPIType	ExecSpec.ArchTypes_H	Sel4Lean.Spec.M.API_Types_RISCV64.fromAPIType
ArchTCB_H.RISCV64_H.archThreadSet	ExecSpec.ArchTCB_H	Sel4Lean.Spec.M.Object_TCB.archThreadSet
ArchTCB_H.RISCV64_H.archThreadGet	ExecSpec.ArchTCB_H	Sel4Lean.Spec.M.Object_TCB.archThreadGet
Types_H.init_data.initVPtrOffset	ExecSpec.Types_H	Sel4Lean.Spec.DesignOnly.HaskellInitData.initVPtrOffset
Types_H.init_data.initSlotPosMax	ExecSpec.Types_H	Sel4Lean.Spec.InitData.initSlotPosMax
Types_H.init_data.initSlotPosCur	ExecSpec.Types_H	Sel4Lean.Spec.InitData.initSlotPosCur
Types_H.init_data.initFreeMemory	ExecSpec.Types_H	Sel4Lean.Spec.DesignOnly.HaskellInitData.initFreeMemory
Types_H.cap_rights.capAllowWrite	ExecSpec.Types_H	Sel4Lean.Spec.CapRights.capAllowWrite
Types_H.cap_rights.capAllowGrant	ExecSpec.Types_H	Sel4Lean.Spec.CapRights.capAllowGrant
Types_H.biframe_data.bifUIPTCaps	ExecSpec.Types_H	Sel4Lean.Spec.BIFrameData.bifUIPTCaps
Types_H.biframe_data.bifUIPDCaps	ExecSpec.Types_H	Sel4Lean.Spec.BIFrameData.bifUIPDCaps
Types_H.biframe_data.bifNumNodes	ExecSpec.Types_H	Sel4Lean.Spec.BIFrameData.bifNumNodes
Types_H.biframe_data.bifNullCaps	ExecSpec.Types_H	Sel4Lean.Spec.BIFrameData.bifNullCaps
Types_H.biframe_data.BIFrameData	ExecSpec.Types_H	Sel4Lean.Spec.BIFrameData
ThreadDecls_H.switchToIdleThread	ExecSpec.ThreadDecls_H	Sel4Lean.Spec.M.Kernel_Thread.RISCV64.switchToIdleThread
ThreadDecls_H.rescheduleRequired	ExecSpec.ThreadDecls_H	Sel4Lean.Spec.M.Object_Endpoint.rescheduleRequired
Structures_H.tcb.tcbFaultHandler	ExecSpec.Structures_H	Sel4Lean.Spec.TCB.tcbFaultHandler
Structures_H.kernel_object.KOTCB	ExecSpec.Structures_H	Sel4Lean.Spec.KernelObject.KOTCB
Structures_H.kernel_object.KOCTE	ExecSpec.Structures_H	Sel4Lean.Spec.KernelObject.KOCTE
Structures_H.capability.capEPPtr	ExecSpec.Structures_H	Sel4Lean.Spec.Capability.capEPPtr
Structures_H.capability.ReplyCap	ExecSpec.Structures_H	Sel4Lean.Spec.Capability.ReplyCap
Structures_H.capability.CNodeCap	ExecSpec.Structures_H	Sel4Lean.Spec.Capability.CNodeCap
State_H.RISCV64_H.syscallMessage	ExecSpec.State_H	Sel4Lean.Spec.M.Machine_RegisterSet.RISCV64.syscallMessage
State_H.RISCV64_H.frameRegisters	ExecSpec.State_H	Sel4Lean.Spec.M.Machine_RegisterSet.RISCV64.frameRegisters
PSpaceFuns_H.cNodePartialOverlap	ExecSpec.PSpaceFuns_H	Sel4Lean.Spec.M.Model_PSpace.cNodePartialOverlap
NotificationDecls_H.cancelSignal	ExecSpec.NotificationDecls_H	Sel4Lean.Spec.M.Object_Endpoint.cancelSignal
MachineTypes.RISCV64.sstatusSPIE	ExecSpec.MachineTypes	Sel4Lean.Spec.M.Machine_RegisterSet_RISCV64.sstatusSPIE
MachineTypes.RISCV64.register.TP	ExecSpec.MachineTypes	Sel4Lean.Spec.RISCV64.Register.TP
MachineTypes.RISCV64.register.T6	ExecSpec.MachineTypes	Sel4Lean.Spec.RISCV64.Register.T6
MachineTypes.RISCV64.register.T5	ExecSpec.MachineTypes	Sel4Lean.Spec.RISCV64.Register.T5
MachineTypes.RISCV64.register.T4	ExecSpec.MachineTypes	Sel4Lean.Spec.RISCV64.Register.T4
MachineTypes.RISCV64.register.T3	ExecSpec.MachineTypes	Sel4Lean.Spec.RISCV64.Register.T3
MachineTypes.RISCV64.register.T2	ExecSpec.MachineTypes	Sel4Lean.Spec.RISCV64.Register.T2
MachineTypes.RISCV64.register.T1	ExecSpec.MachineTypes	Sel4Lean.Spec.RISCV64.Register.T1
MachineTypes.RISCV64.register.T0	ExecSpec.MachineTypes	Sel4Lean.Spec.RISCV64.Register.T0
MachineTypes.RISCV64.register.SP	ExecSpec.MachineTypes	Sel4Lean.Spec.RISCV64.Register.SP
MachineTypes.RISCV64.register.S9	ExecSpec.MachineTypes	Sel4Lean.Spec.RISCV64.Register.S9
MachineTypes.RISCV64.register.S8	ExecSpec.MachineTypes	Sel4Lean.Spec.RISCV64.Register.S8
MachineTypes.RISCV64.register.S7	ExecSpec.MachineTypes	Sel4Lean.Spec.RISCV64.Register.S7
MachineTypes.RISCV64.register.S6	ExecSpec.MachineTypes	Sel4Lean.Spec.RISCV64.Register.S6
MachineTypes.RISCV64.register.S5	ExecSpec.MachineTypes	Sel4Lean.Spec.RISCV64.Register.S5
MachineTypes.RISCV64.register.S4	ExecSpec.MachineTypes	Sel4Lean.Spec.RISCV64.Register.S4
MachineTypes.RISCV64.register.S3	ExecSpec.MachineTypes	Sel4Lean.Spec.RISCV64.Register.S3
MachineTypes.RISCV64.register.S2	ExecSpec.MachineTypes	Sel4Lean.Spec.RISCV64.Register.S2
MachineTypes.RISCV64.register.S1	ExecSpec.MachineTypes	Sel4Lean.Spec.RISCV64.Register.S1
MachineTypes.RISCV64.register.S0	ExecSpec.MachineTypes	Sel4Lean.Spec.RISCV64.Register.S0
MachineTypes.RISCV64.register.LR	ExecSpec.MachineTypes	Sel4Lean.Spec.RISCV64.Register.LR
MachineTypes.RISCV64.register.GP	ExecSpec.MachineTypes	Sel4Lean.Spec.RISCV64.Register.GP
MachineTypes.RISCV64.register.A7	ExecSpec.MachineTypes	Sel4Lean.Spec.RISCV64.Register.A7
MachineTypes.RISCV64.register.A6	ExecSpec.MachineTypes	Sel4Lean.Spec.RISCV64.Register.A6
MachineTypes.RISCV64.register.A5	ExecSpec.MachineTypes	Sel4Lean.Spec.RISCV64.Register.A5
MachineTypes.RISCV64.register.A4	ExecSpec.MachineTypes	Sel4Lean.Spec.RISCV64.Register.A4
MachineTypes.RISCV64.register.A3	ExecSpec.MachineTypes	Sel4Lean.Spec.RISCV64.Register.A3
MachineTypes.RISCV64.register.A2	ExecSpec.MachineTypes	Sel4Lean.Spec.RISCV64.Register.A2
MachineTypes.RISCV64.register.A1	ExecSpec.MachineTypes	Sel4Lean.Spec.RISCV64.Register.A1
MachineTypes.RISCV64.register.A0	ExecSpec.MachineTypes	Sel4Lean.Spec.RISCV64.Register.A0
MachineTypes.RISCV64.initContext	ExecSpec.MachineTypes	Sel4Lean.Spec.M.Machine_RegisterSet_RISCV64.initContext
MachineTypes.RISCV64.gpRegisters	ExecSpec.MachineTypes	Sel4Lean.Spec.M.Machine_RegisterSet.RISCV64.gpRegisters
MachineTypes.RISCV64.capRegister	ExecSpec.MachineTypes	Sel4Lean.Spec.M.Machine_RegisterSet_RISCV64.capRegister
MachineOps.RISCV64.setVSpaceRoot	ExecSpec.MachineOps	Sel4Lean.Spec.M.Machine_Hardware_RISCV64.setVSpaceRoot
MachineOps.RISCV64.setIRQTrigger	ExecSpec.MachineOps	Sel4Lean.Spec.M.Machine_Hardware_RISCV64.setIRQTrigger
MachineOps.RISCV64.maskInterrupt	ExecSpec.MachineOps	Sel4Lean.Spec.MachineOps.maskInterrupt
MachineOps.RISCV64.clearMemoryVM	ExecSpec.MachineOps	Sel4Lean.Spec.M.Machine_Hardware_RISCV64.clearMemoryVM
Kernel_Config.config_PLAT_AM335X	ExecSpec.Kernel_Config	Sel4Lean.Spec.KernelConfig.config_PLAT_AM335X
Kernel_Config.config_ARCH_X86_64	ExecSpec.Kernel_Config	Sel4Lean.Spec.KernelConfig.config_ARCH_X86_64
KernelStateData_H.capHasProperty	ExecSpec.KernelStateData_H	Sel4Lean.Spec.M.Model_StateData.capHasProperty
KernelInit_H.newKSDomScheduleIdx	ExecSpec.KernelInit_H	Sel4Lean.Spec.KernelInit.newKSDomScheduleIdx
KernelInitMonad_H.nopBIFrameData	ExecSpec.KernelInitMonad_H	Sel4Lean.Spec.KernelInit.nopBIFrameData
InterruptDecls_H.handleInterrupt	ExecSpec.InterruptDecls_H	Sel4Lean.Spec.M.Object_Interrupt.handleInterrupt
Hardware_H.RISCV64_H.pte.pteUser	ExecSpec.Hardware_H	Sel4Lean.Spec.PTE.pteUser
Hardware_H.RISCV64_H.pte.PagePTE	ExecSpec.Hardware_H	Sel4Lean.Spec.PTE.PagePTE
Hardware_H.RISCV64_H.getVMRights	ExecSpec.Hardware_H	Sel4Lean.Spec.M.Machine_Hardware_RISCV64.getVMRights
Fault_H.syscall_error.memoryLeft	ExecSpec.Fault_H	Sel4Lean.Spec.SyscallError.memoryLeft
Fault_H.syscall_error.RangeError	ExecSpec.Fault_H	Sel4Lean.Spec.SyscallError.RangeError
FaultHandlerDecls_H.sendFaultIPC	ExecSpec.FaultHandlerDecls_H	Sel4Lean.Spec.M.Kernel_FaultHandler.sendFaultIPC
Domain_H.domainScheduleConfigure	ExecSpec.Domain_H	Sel4Lean.Spec.M.Object_Domain.domainScheduleConfigure
CSpaceDecls_H.resolveAddressBits	ExecSpec.CSpaceDecls_H	Sel4Lean.Spec.M.Kernel_CSpace.resolveAddressBits
CNode_H.slotCapLongRunningDelete	ExecSpec.CNode_H	Sel4Lean.Spec.M.Object_CNode.slotCapLongRunningDelete
ArchTCB_H.RISCV64_H.postSetFlags	ExecSpec.ArchTCB_H	Sel4Lean.Spec.M.Object_TCB_RISCV64.postSetFlags
Types_H.cap_rights.capAllowRead	ExecSpec.Types_H	Sel4Lean.Spec.CapRights.capAllowRead
ThreadDecls_H.countLeadingZeros	ExecSpec.ThreadDecls_H	Sel4Lean.Spec.M.Kernel_Thread.countLeadingZeros
TCBDecls_H.decodeWriteRegisters	ExecSpec.TCBDecls_H	Sel4Lean.Spec.M.Object_TCB.decodeWriteRegisters
TCBDecls_H.decodeSetSchedParams	ExecSpec.TCBDecls_H	Sel4Lean.Spec.M.Object_TCB.decodeSetSchedParams
Structures_H.user_data.UserData	ExecSpec.Structures_H	Sel4Lean.Spec.UserData.UserData
Structures_H.isBlockedOnReceive	ExecSpec.Structures_H	Sel4Lean.Spec.isBlockedOnReceive
Structures_H.irqstate.IRQSignal	ExecSpec.Structures_H	Sel4Lean.Spec.IRQState.IRQSignal
Structures_H.capability.NullCap	ExecSpec.Structures_H	Sel4Lean.Spec.Capability.NullCap
State_H.RISCV64_H.faultRegister	ExecSpec.State_H	Sel4Lean.Spec.M.Kernel_Thread.faultRegister
State_H.RISCV64_H.badgeRegister	ExecSpec.State_H	Sel4Lean.Spec.M.Object_Notification.badgeRegister
RetypeDecls_H.performInvocation	ExecSpec.RetypeDecls_H	Sel4Lean.Spec.M.Object_ObjectType.performInvocation
RetypeDecls_H.deletedIRQHandler	ExecSpec.RetypeDecls_H	Sel4Lean.Spec.M.Object_ObjectType.deletedIRQHandler
Platform.RISCV64.pptrBaseOffset	ExecSpec.Platform	Sel4Lean.Spec.M.Machine_Hardware.pptrBaseOffset
Platform.RISCV64.pageColourBits	ExecSpec.Platform	Sel4Lean.Spec.M.Machine_Hardware.RISCV64.pageColourBits
PSpaceStorable_H.magnitudeCheck	ExecSpec.PSpaceStorable_H	Sel4Lean.Spec.magnitudeCheck
MachineOps.RISCV64.getRestartPC	ExecSpec.MachineOps	Sel4Lean.Spec.M.API_Faults_RISCV64.getRestartPC
MachineOps.RISCV64.getActiveIRQ	ExecSpec.MachineOps	Sel4Lean.Spec.M.Model_Preemption.getActiveIRQ
MachineOps.RISCV64.ackInterrupt	ExecSpec.MachineOps	Sel4Lean.Spec.M.Machine_Hardware.RISCV64.ackInterrupt
Kernel_Config.retypeFanOutLimit	ExecSpec.Kernel_Config	Sel4Lean.Spec.M.Config.retypeFanOutLimit
Kernel_Config.config_PLAT_OMAP3	ExecSpec.Kernel_Config	Sel4Lean.Spec.KernelConfig.config_PLAT_OMAP3
Kernel_Config.config_ARM_GIC_V3	ExecSpec.Kernel_Config	Sel4Lean.Spec.KernelConfig.config_ARM_GIC_V3
KernelStateData_H.setIdleThread	ExecSpec.KernelStateData_H	Sel4Lean.Spec.M.Model_StateData.setIdleThread
KernelStateData_H.getIdleThread	ExecSpec.KernelStateData_H	Sel4Lean.Spec.M.Kernel_Thread_RISCV64.getIdleThread
KernelStateData_H.getDomainTime	ExecSpec.KernelStateData_H	Sel4Lean.Spec.M.Kernel_Thread.getDomainTime
KernelStateData_H.decDomainTime	ExecSpec.KernelStateData_H	Sel4Lean.Spec.M.Model_StateData.decDomainTime
KernelInitMonad_H.noInitFailure	ExecSpec.KernelInitMonad_H	Sel4Lean.Spec.KernelInit.noInitFailure
KernelInitMonad_H.biCapITIPCBuf	ExecSpec.KernelInitMonad_H	Sel4Lean.Spec.KernelInit.biCapITIPCBuf
KernelInitMonad_H.biCapDynStart	ExecSpec.KernelInitMonad_H	Sel4Lean.Spec.KernelInit.biCapDynStart
KI_Decls_H.maxNumFreememRegions	ExecSpec.KI_Decls_H	Sel4Lean.Spec.M.Kernel_Init.maxNumFreememRegions
Invocations_H.isIssueIRQHandler	ExecSpec.Invocations_H	Sel4Lean.Spec.isIssueIRQHandler
Invocations_H.isInvokeDomainSet	ExecSpec.Invocations_H	Sel4Lean.Spec.isInvokeDomainSet
Invocations_H.isClearIRQHandler	ExecSpec.Invocations_H	Sel4Lean.Spec.isClearIRQHandler
Invocations_H.genInvocationType	ExecSpec.Invocations_H	Sel4Lean.Spec.M.Object_CNode.genInvocationType
Hardware_H.RISCV64_H.pte.ptePPN	ExecSpec.Hardware_H	Sel4Lean.Spec.PTE.ptePPN
Hardware_H.RISCV64_H.allowWrite	ExecSpec.Hardware_H	Sel4Lean.Spec.M.Machine_Hardware_RISCV64.allowWrite
FaultHandler_H.makeFaultMessage	ExecSpec.FaultHandler_H	Sel4Lean.Spec.M.Kernel_Thread.makeFaultMessage
FaultHandler_H.handleFaultReply	ExecSpec.FaultHandler_H	Sel4Lean.Spec.M.API_Faults.handleFaultReply
FaultHandlerDecls_H.handleFault	ExecSpec.FaultHandlerDecls_H	Sel4Lean.Spec.M.Kernel_FaultHandler.handleFault
EndpointDecls_H.replyFromKernel	ExecSpec.EndpointDecls_H	Sel4Lean.Spec.M.Object_Endpoint.replyFromKernel
Domain_H.decodeDomainInvocation	ExecSpec.Domain_H	Sel4Lean.Spec.M.Object_ObjectType.decodeDomainInvocation
ArchTypes_H.RISCV64_H.toAPIType	ExecSpec.ArchTypes_H	Sel4Lean.Spec.M.Object_ObjectType.toAPIType
ArchStructures_H.RISCV64_H.ASID	ExecSpec.ArchStructures_H	Sel4Lean.Spec.ASID
Types_H.message_info.msgLength	ExecSpec.Types_H	Sel4Lean.Spec.MessageInfo.msgLength
Types_H.init_data.initBootInfo	ExecSpec.Types_H	Sel4Lean.Spec.InitData.initBootInfo
Types_H.biframe_data.bifNodeID	ExecSpec.Types_H	Sel4Lean.Spec.BIFrameData.bifNodeID
ThreadDecls_H.removeFromBitmap	ExecSpec.ThreadDecls_H	Sel4Lean.Spec.M.Kernel_Thread.removeFromBitmap
ThreadDecls_H.possibleSwitchTo	ExecSpec.ThreadDecls_H	Sel4Lean.Spec.M.Object_Notification.possibleSwitchTo
ThreadDecls_H.doNormalTransfer	ExecSpec.ThreadDecls_H	Sel4Lean.Spec.M.Kernel_Thread.doNormalTransfer
TCBDecls_H.getThreadVSpaceRoot	ExecSpec.TCBDecls_H	Sel4Lean.Spec.M.Object_TCB.getThreadVSpaceRoot
TCBDecls_H.getThreadCallerSlot	ExecSpec.TCBDecls_H	Sel4Lean.Spec.M.Object_TCB.getThreadCallerSlot
TCBDecls_H.getThreadCSpaceRoot	ExecSpec.TCBDecls_H	Sel4Lean.Spec.M.Kernel_Init.getThreadCSpaceRoot
TCBDecls_H.getThreadBufferSlot	ExecSpec.TCBDecls_H	Sel4Lean.Spec.M.Object_TCB.getThreadBufferSlot
TCBDecls_H.decodeTCBInvocation	ExecSpec.TCBDecls_H	Sel4Lean.Spec.M.Object_ObjectType.decodeTCBInvocation
TCBDecls_H.decodeSetMCPriority	ExecSpec.TCBDecls_H	Sel4Lean.Spec.M.Object_TCB.decodeSetMCPriority
TCBDecls_H.decodeReadRegisters	ExecSpec.TCBDecls_H	Sel4Lean.Spec.M.Object_TCB.decodeReadRegisters
TCBDecls_H.decodeCopyRegisters	ExecSpec.TCBDecls_H	Sel4Lean.Spec.M.Object_TCB.decodeCopyRegisters
Structures_H.notification.NTFN	ExecSpec.Structures_H	Sel4Lean.Spec.Notification.NTFN
Structures_H.maxDomainDuration	ExecSpec.Structures_H	Sel4Lean.Spec.M.Object_Structures.maxDomainDuration
Structures_H.isNotificationCap	ExecSpec.Structures_H	Sel4Lean.Spec.M.Object_Interrupt.isNotificationCap
Structures_H.isIdleThreadState	ExecSpec.Structures_H	Sel4Lean.Spec.isIdleThreadState
Structures_H.isChooseNewThread	ExecSpec.Structures_H	Sel4Lean.Spec.isChooseNewThread
Structures_H.irqstate.IRQTimer	ExecSpec.Structures_H	Sel4Lean.Spec.IRQState.IRQTimer
Structures_H.capability.capPtr	ExecSpec.Structures_H	Sel4Lean.Spec.Capability.capPtr
Structures_H.capability.capIRQ	ExecSpec.Structures_H	Sel4Lean.Spec.Capability.capIRQ
Structures_H.capability.capCap	ExecSpec.Structures_H	Sel4Lean.Spec.Capability.capCap
Structures_H.capability.Zombie	ExecSpec.Structures_H	Sel4Lean.Spec.Capability.Zombie
Structs_B.tcb_flag.FpuDisabled	ExecSpec.Structs_B	Sel4Lean.Spec.TcbFlag.FpuDisabled
State_H.RISCV64_H.msgRegisters	ExecSpec.State_H	Sel4Lean.Spec.M.Object_TCB.msgRegisters
RetypeDecls_H.decodeInvocation	ExecSpec.RetypeDecls_H	Sel4Lean.Spec.M.Object_ObjectType.decodeInvocation
Platform.RISCV64.kernelELFBase	ExecSpec.Platform	Sel4Lean.Spec.M.Machine_Hardware_RISCV64.kernelELFBase
Platform.RISCV64.canonical_bit	ExecSpec.Platform	Sel4Lean.Spec.Platform.canonical_bit
Platform.RISCV64.addrFromKPPtr	ExecSpec.Platform	Sel4Lean.Spec.M.Machine_Hardware.RISCV64.addrFromKPPtr
PSpaceFuns_H.pointerInUserData	ExecSpec.PSpaceFuns_H	Sel4Lean.Spec.M.Model_PSpace.pointerInUserData
NotificationDecls_H.sendSignal	ExecSpec.NotificationDecls_H	Sel4Lean.Spec.M.Object_Notification.sendSignal
MachineOps.RISCV64.storeWordVM	ExecSpec.MachineOps	Sel4Lean.Spec.M.Machine_Hardware.RISCV64.storeWordVM
MachineOps.RISCV64.sfence_impl	ExecSpec.MachineOps	Sel4Lean.Spec.MachineOps.sfence_impl
MachineOps.RISCV64.setRegister	ExecSpec.MachineOps	Sel4Lean.Spec.M.Machine_RegisterSet_RISCV64.setRegister
MachineOps.RISCV64.initL2Cache	ExecSpec.MachineOps	Sel4Lean.Spec.M.Machine_Hardware.initL2Cache
MachineOps.RISCV64.hwASIDFlush	ExecSpec.MachineOps	Sel4Lean.Spec.M.Kernel_VSpace_RISCV64.hwASIDFlush
MachineOps.RISCV64.getRegister	ExecSpec.MachineOps	Sel4Lean.Spec.M.Machine_Hardware_RISCV64.getRegister
MachineOps.RISCV64.clearMemory	ExecSpec.MachineOps	Sel4Lean.Spec.MachineOps.clearMemory
MachineMonad.machine_rest_lift	ExecSpec.MachineMonad	Sel4Lean.Spec.MachineOps.machine_rest_lift
Kernel_Config.config_ARCH_IA32	ExecSpec.Kernel_Config	Sel4Lean.Spec.KernelConfig.config_ARCH_IA32
Kernel_Config.CONFIG_WORD_SIZE	ExecSpec.Kernel_Config	Sel4Lean.Spec.KernelConfig.CONFIG_WORD_SIZE
KernelStateData_H.setWorkUnits	ExecSpec.KernelStateData_H	Sel4Lean.Spec.M.Model_Preemption.setWorkUnits
KernelStateData_H.setCurThread	ExecSpec.KernelStateData_H	Sel4Lean.Spec.M.Kernel_Init.setCurThread
KernelStateData_H.getWorkUnits	ExecSpec.KernelStateData_H	Sel4Lean.Spec.M.Model_StateData.getWorkUnits
KernelStateData_H.getCurThread	ExecSpec.KernelStateData_H	Sel4Lean.Spec.M.Kernel_Thread.getCurThread
KernelInitMonad_H.biCapITCNode	ExecSpec.KernelInitMonad_H	Sel4Lean.Spec.M.Kernel_Init.biCapITCNode
KernelInitMonad_H.biCapIOSpace	ExecSpec.KernelInitMonad_H	Sel4Lean.Spec.KernelInit.biCapIOSpace
KernelInitMonad_H.biCapBIFrame	ExecSpec.KernelInitMonad_H	Sel4Lean.Spec.M.Kernel_BootInfo.biCapBIFrame
KI_Decls_H.createUntypedObject	ExecSpec.KI_Decls_H	Sel4Lean.Spec.M.Kernel_Init.createUntypedObject
KI_Decls_H.createInitialThread	ExecSpec.KI_Decls_H	Sel4Lean.Spec.M.Kernel_Init.createInitialThread
Invocations_H.isWriteRegisters	ExecSpec.Invocations_H	Sel4Lean.Spec.isWriteRegisters
Invocations_H.isArchIRQControl	ExecSpec.Invocations_H	Sel4Lean.Spec.isArchIRQControl
Hardware_H.RISCV64_H.isPagePTE	ExecSpec.Hardware_H	Sel4Lean.Spec.isPagePTE
Hardware_H.RISCV64_H.fromPAddr	ExecSpec.Hardware_H	Sel4Lean.Spec.M.Machine_Hardware.RISCV64.fromPAddr
Hardware_H.RISCV64_H.allowRead	ExecSpec.Hardware_H	Sel4Lean.Spec.M.Machine_Hardware_RISCV64.allowRead
FaultMonad_H.withoutPreemption	ExecSpec.FaultMonad_H	Sel4Lean.Spec.M.Object_ObjectType.withoutPreemption
FaultMonad_H.capFaultOnFailure	ExecSpec.FaultMonad_H	Sel4Lean.Spec.M.API_Syscall.capFaultOnFailure
Domain_H.decodeDomainConfigure	ExecSpec.Domain_H	Sel4Lean.Spec.M.Object_Domain.decodeDomainConfigure
CSpaceDecls_H.lookupTargetSlot	ExecSpec.CSpaceDecls_H	Sel4Lean.Spec.M.Object_Untyped.lookupTargetSlot
CSpaceDecls_H.lookupSourceSlot	ExecSpec.CSpaceDecls_H	Sel4Lean.Spec.M.Object_CNode.lookupSourceSlot
CSpaceDecls_H.lookupCapAndSlot	ExecSpec.CSpaceDecls_H	Sel4Lean.Spec.M.Object_TCB.lookupCapAndSlot
CNode_H.updateTrackedFreeIndex	ExecSpec.CNode_H	Sel4Lean.Spec.M.Object_CNode.updateTrackedFreeIndex
ArchTypes_H.RISCV64_H.pageType	ExecSpec.ArchTypes_H	Sel4Lean.Spec.M.API_Types.pageType
API_H.fastpathKernelAssertions	ExecSpec.API_H	Sel4Lean.Spec.DesignOnly.fastpathKernelAssertions
Types_H.message_info.msgLabel	ExecSpec.Types_H	Sel4Lean.Spec.MessageInfo.msgLabel
ThreadDecls_H.updateRestartPC	ExecSpec.ThreadDecls_H	Sel4Lean.Spec.M.Kernel_Thread.updateRestartPC
ThreadDecls_H.tcbSchedEnqueue	ExecSpec.ThreadDecls_H	Sel4Lean.Spec.M.Object_Endpoint.tcbSchedEnqueue
ThreadDecls_H.tcbSchedDequeue	ExecSpec.ThreadDecls_H	Sel4Lean.Spec.M.Kernel_Thread.tcbSchedDequeue
ThreadDecls_H.tcbQueuePrepend	ExecSpec.ThreadDecls_H	Sel4Lean.Spec.M.Kernel_Thread.tcbQueuePrepend
ThreadDecls_H.doReplyTransfer	ExecSpec.ThreadDecls_H	Sel4Lean.Spec.M.Kernel_Thread.doReplyTransfer
ThreadDecls_H.doFaultTransfer	ExecSpec.ThreadDecls_H	Sel4Lean.Spec.M.Kernel_Thread.doFaultTransfer
TCBDecls_H.getThreadReplySlot	ExecSpec.TCBDecls_H	Sel4Lean.Spec.M.Object_TCB.getThreadReplySlot
TCBDecls_H.decodeTCBConfigure	ExecSpec.TCBDecls_H	Sel4Lean.Spec.M.Object_TCB.decodeTCBConfigure
TCBDecls_H.decodeSetIPCBuffer	ExecSpec.TCBDecls_H	Sel4Lean.Spec.M.Object_TCB.decodeSetIPCBuffer
Structures_H.untypedZeroRange	ExecSpec.Structures_H	Sel4Lean.Spec.M.Object_Structures.untypedZeroRange
Structures_H.tcbIPCBufferSlot	ExecSpec.Structures_H	Sel4Lean.Spec.M.Object_Structures.tcbIPCBufferSlot
Structures_H.tcb.tcbTimeSlice	ExecSpec.Structures_H	Sel4Lean.Spec.TCB.tcbTimeSlice
Structures_H.tcb.tcbSchedPrev	ExecSpec.Structures_H	Sel4Lean.Spec.TCB.tcbSchedPrev
Structures_H.tcb.tcbSchedNext	ExecSpec.Structures_H	Sel4Lean.Spec.TCB.tcbSchedNext
Structures_H.tcb.tcbIPCBuffer	ExecSpec.Structures_H	Sel4Lean.Spec.TCB.tcbIPCBuffer
Structures_H.ntfn.WaitingNtfn	ExecSpec.Structures_H	Sel4Lean.Spec.NTFN.WaitingNtfn
Structures_H.isSwitchToThread	ExecSpec.Structures_H	Sel4Lean.Spec.isSwitchToThread
Structures_H.isBlockedOnReply	ExecSpec.Structures_H	Sel4Lean.Spec.isBlockedOnReply
Structures_H.endpoint.epQueue	ExecSpec.Structures_H	Sel4Lean.Spec.Endpoint.epQueue
State_H.RISCV64_H.nullPointer	ExecSpec.State_H	Sel4Lean.Spec.M.Kernel_Thread.nullPointer
State_H.RISCV64_H.gpRegisters	ExecSpec.State_H	Sel4Lean.Spec.M.Machine_RegisterSet.RISCV64.gpRegisters
State_H.RISCV64_H.capRegister	ExecSpec.State_H	Sel4Lean.Spec.M.Machine_RegisterSet_RISCV64.capRegister
RetypeDecls_H.postCapDeletion	ExecSpec.RetypeDecls_H	Sel4Lean.Spec.M.Object_ObjectType.RISCV64.postCapDeletion
Platform.RISCV64.ptrFromPAddr	ExecSpec.Platform	Sel4Lean.Spec.M.Machine_Hardware.ptrFromPAddr
Platform.RISCV64.addrFromPPtr	ExecSpec.Platform	Sel4Lean.Spec.M.Kernel_Init.addrFromPPtr
MachineTypes.RISCV64.pageBits	ExecSpec.MachineTypes	Sel4Lean.Spec.M.Object_Interrupt.pageBits
MachineOps.RISCV64.resetTimer	ExecSpec.MachineOps	Sel4Lean.Spec.M.Object_Interrupt.resetTimer
MachineOps.RISCV64.read_stval	ExecSpec.MachineOps	Sel4Lean.Spec.MachineOps.read_stval
MachineOps.RISCV64.initMemory	ExecSpec.MachineOps	Sel4Lean.Spec.M.Machine_Hardware_RISCV64.initMemory
MachineOps.RISCV64.freeMemory	ExecSpec.MachineOps	Sel4Lean.Spec.M.Machine_Hardware_RISCV64.freeMemory
MachineOps.RISCV64.debugPrint	ExecSpec.MachineOps	Sel4Lean.Spec.M.Machine_Hardware.debugPrint
Kernel_Config.config_HAVE_FPU	ExecSpec.Kernel_Config	Sel4Lean.Spec.KernelConfig.config_HAVE_FPU
Kernel_Config.CONFIG_FASTPATH	ExecSpec.Kernel_Config	Sel4Lean.Spec.KernelConfig.CONFIG_FASTPATH
KernelStateData_H.doMachineOp	ExecSpec.KernelStateData_H	Sel4Lean.Spec.doMachineOp
KernelInit_H.newKSDomSchedule	ExecSpec.KernelInit_H	Sel4Lean.Spec.KernelInit.newKSDomSchedule
KernelInitMonad_H.biCapIOPort	ExecSpec.KernelInitMonad_H	Sel4Lean.Spec.KernelInit.biCapIOPort
KI_Decls_H.minNum4kUntypedObj	ExecSpec.KI_Decls_H	Sel4Lean.Spec.M.Kernel_Init.minNum4kUntypedObj
Invocations_H.isThreadControl	ExecSpec.Invocations_H	Sel4Lean.Spec.isThreadControl
Invocations_H.isSetIRQHandler	ExecSpec.Invocations_H	Sel4Lean.Spec.isSetIRQHandler
Invocations_H.isReadRegisters	ExecSpec.Invocations_H	Sel4Lean.Spec.isReadRegisters
Invocations_H.isCopyRegisters	ExecSpec.Invocations_H	Sel4Lean.Spec.isCopyRegisters
Intermediate_H.createObjects'	ExecSpec.Intermediate_H	Sel4Lean.Spec.Intermediate.createObjects'
Fault_H.init_failure.IFailure	ExecSpec.Fault_H	Sel4Lean.Spec.InitFailure.IFailure
Fault_H.fault.capFaultFailure	ExecSpec.Fault_H	Sel4Lean.Spec.Fault.capFaultFailure
Fault_H.fault.capFaultAddress	ExecSpec.Fault_H	Sel4Lean.Spec.Fault.capFaultAddress
FaultMonad_H.nullCapOnFailure	ExecSpec.FaultMonad_H	Sel4Lean.Spec.M.Model_Failures.nullCapOnFailure
FaultMonad_H.nothingOnFailure	ExecSpec.FaultMonad_H	Sel4Lean.Spec.DesignOnly.nothingOnFailure
Event_H.event.HypervisorEvent	ExecSpec.Event_H	Sel4Lean.Spec.Event.HypervisorEvent
Domain_H.decodeDomainSetStart	ExecSpec.Domain_H	Sel4Lean.Spec.M.Object_Domain.decodeDomainSetStart
CSpaceDecls_H.lookupPivotSlot	ExecSpec.CSpaceDecls_H	Sel4Lean.Spec.M.Kernel_CSpace.lookupPivotSlot
CNode_H.decodeCNodeInvocation	ExecSpec.CNode_H	Sel4Lean.Spec.M.Object_ObjectType.decodeCNodeInvocation
CNode_H.clearUntypedFreeIndex	ExecSpec.CNode_H	Sel4Lean.Spec.M.Object_CNode.clearUntypedFreeIndex
Types_H.cap_rights.CapRights	ExecSpec.Types_H	Sel4Lean.Spec.CapRights
Thread_H.transferCapsToSlots	ExecSpec.Thread_H	Sel4Lean.Spec.M.Kernel_Thread.transferCapsToSlots
ThreadDecls_H.tcbSchedAppend	ExecSpec.ThreadDecls_H	Sel4Lean.Spec.M.Kernel_Thread.tcbSchedAppend
ThreadDecls_H.tcbQueueRemove	ExecSpec.ThreadDecls_H	Sel4Lean.Spec.M.Kernel_Thread.tcbQueueRemove
ThreadDecls_H.tcbQueueInsert	ExecSpec.ThreadDecls_H	Sel4Lean.Spec.M.Kernel_Thread.tcbQueueInsert
ThreadDecls_H.tcbQueueAppend	ExecSpec.ThreadDecls_H	Sel4Lean.Spec.M.Kernel_Thread.tcbQueueAppend
ThreadDecls_H.switchToThread	ExecSpec.ThreadDecls_H	Sel4Lean.Spec.M.Kernel_Thread_RISCV64.switchToThread
ThreadDecls_H.setThreadState	ExecSpec.ThreadDecls_H	Sel4Lean.Spec.M.Object_Endpoint.setThreadState
ThreadDecls_H.getThreadState	ExecSpec.ThreadDecls_H	Sel4Lean.Spec.M.API_Syscall.getThreadState
ThreadDecls_H.getHighestPrio	ExecSpec.ThreadDecls_H	Sel4Lean.Spec.M.Kernel_Thread.getHighestPrio
ThreadDecls_H.activateThread	ExecSpec.ThreadDecls_H	Sel4Lean.Spec.M.Kernel_Thread.activateThread
TCBDecls_H.decodeSetPriority	ExecSpec.TCBDecls_H	Sel4Lean.Spec.M.Object_TCB.decodeSetPriority
Structures_H.tcb.tcbPriority	ExecSpec.Structures_H	Sel4Lean.Spec.TCB.tcbPriority
Structures_H.ntfn.ActiveNtfn	ExecSpec.Structures_H	Sel4Lean.Spec.NTFN.ActiveNtfn
Structures_H.mdbnode.mdbPrev	ExecSpec.Structures_H	Sel4Lean.Spec.MDBNode.mdbPrev
Structures_H.mdbnode.mdbNext	ExecSpec.Structures_H	Sel4Lean.Spec.MDBNode.mdbNext
Structures_H.isIRQHandlerCap	ExecSpec.Structures_H	Sel4Lean.Spec.isIRQHandlerCap
Structures_H.isIRQControlCap	ExecSpec.Structures_H	Sel4Lean.Spec.M.Object_Structures.isIRQControlCap
Structures_H.isBlockedOnSend	ExecSpec.Structures_H	Sel4Lean.Spec.isBlockedOnSend
Structures_H.isArchObjectCap	ExecSpec.Structures_H	Sel4Lean.Spec.isArchObjectCap
Structures_H.endpoint.SendEP	ExecSpec.Structures_H	Sel4Lean.Spec.Endpoint.SendEP
Structures_H.endpoint.RecvEP	ExecSpec.Structures_H	Sel4Lean.Spec.Endpoint.RecvEP
Structures_H.endpoint.IdleEP	ExecSpec.Structures_H	Sel4Lean.Spec.Endpoint.IdleEP
Structures_H.domainEndMarker	ExecSpec.Structures_H	Sel4Lean.Spec.M.Model_StateData.domainEndMarker
RetypeDecls_H.isCapRevocable	ExecSpec.RetypeDecls_H	Sel4Lean.Spec.M.Object_ObjectType.RISCV64.isCapRevocable
RetypeDecls_H.capUntypedSize	ExecSpec.RetypeDecls_H	Sel4Lean.Spec.M.Object_ObjectType.RISCV64.capUntypedSize
Platform.RISCV64.pptrUserTop	ExecSpec.Platform	Sel4Lean.Spec.M.Kernel_VSpace_RISCV64.pptrUserTop
PSpaceFuns_H.placeNewObject'	ExecSpec.PSpaceFuns_H	Sel4Lean.Spec.M.Model_PSpace.placeNewObject'
MachineOps.RISCV64.stval_val	ExecSpec.MachineOps	Sel4Lean.Spec.MachineOps.stval_val
MachineOps.RISCV64.storeWord	ExecSpec.MachineOps	Sel4Lean.Spec.M.Machine_Hardware.RISCV64.storeWord
MachineOps.RISCV64.setNextPC	ExecSpec.MachineOps	Sel4Lean.Spec.M.Machine_Hardware.RISCV64.setNextPC
MachineOps.RISCV64.initTimer	ExecSpec.MachineOps	Sel4Lean.Spec.MachineOps.initTimer
MachineMonad.machine_op_lift	ExecSpec.MachineMonad	Sel4Lean.Spec.MachineOps.machine_op_lift
Kernel_Config.workUnitsLimit	ExecSpec.Kernel_Config	Sel4Lean.Spec.KernelConfig.workUnitsLimit
Kernel_Config.resetChunkBits	ExecSpec.Kernel_Config	Sel4Lean.Spec.KernelConfig.resetChunkBits
Kernel_Config.config_ARM_HYP	ExecSpec.Kernel_Config	Sel4Lean.Spec.KernelConfig.config_ARM_HYP
KernelStateData_H.nextDomain	ExecSpec.KernelStateData_H	Sel4Lean.Spec.M.Model_StateData.nextDomain
KernelInit_H.newKSDomainTime	ExecSpec.KernelInit_H	Sel4Lean.Spec.KernelInit.newKSDomainTime
KernelInitMonad_H.doKernelOp	ExecSpec.KernelInitMonad_H	Sel4Lean.Spec.M.Object_Interrupt.doKernelOp
KernelInitMonad_H.biCapITTCB	ExecSpec.KernelInitMonad_H	Sel4Lean.Spec.M.Kernel_BootInfo.biCapITTCB
KI_Decls_H.provideUntypedCap	ExecSpec.KI_Decls_H	Sel4Lean.Spec.M.Kernel_Init.provideUntypedCap
Invocations_H.invocationType	ExecSpec.Invocations_H	Sel4Lean.Spec.M.API_InvocationLabels.invocationType
InterruptDecls_H.setIRQState	ExecSpec.InterruptDecls_H	Sel4Lean.Spec.M.Object_Interrupt.setIRQState
InterruptDecls_H.isIRQActive	ExecSpec.InterruptDecls_H	Sel4Lean.Spec.M.Object_Interrupt_RISCV64.isIRQActive
InterruptDecls_H.getIRQState	ExecSpec.InterruptDecls_H	Sel4Lean.Spec.M.Object_Interrupt.getIRQState
Intermediate_H.insertNewCaps	ExecSpec.Intermediate_H	Sel4Lean.Spec.Intermediate.insertNewCaps
Intermediate_H.createObjects	ExecSpec.Intermediate_H	Sel4Lean.Spec.Intermediate.createObjects
Intermediate_H.createNewCaps	ExecSpec.Intermediate_H	Sel4Lean.Spec.Intermediate.createNewCaps
Hardware_H.RISCV64_H.pteBits	ExecSpec.Hardware_H	Sel4Lean.Spec.M.Kernel_VSpace_RISCV64.pteBits
Fault_H.msgFromLookupFailure	ExecSpec.Fault_H	Sel4Lean.Spec.M.API_Faults.msgFromLookupFailure
FaultMonad_H.preemptionPoint	ExecSpec.FaultMonad_H	Sel4Lean.Spec.M.Object_CNode.preemptionPoint
Event_H.syscall.SysReplyRecv	ExecSpec.Event_H	Sel4Lean.Spec.Syscall.SysReplyRecv
Event_H.event.UserLevelFault	ExecSpec.Event_H	Sel4Lean.Spec.Event.UserLevelFault
Event_H.event.UnknownSyscall	ExecSpec.Event_H	Sel4Lean.Spec.Event.UnknownSyscall
EndpointDecls_H.cancelAllIPC	ExecSpec.EndpointDecls_H	Sel4Lean.Spec.M.Object_Endpoint.cancelAllIPC
CNode_H.capTransferFromWords	ExecSpec.CNode_H	Sel4Lean.Spec.M.Object_CNode.capTransferFromWords
Types_H.wordFromMessageInfo	ExecSpec.Types_H	Sel4Lean.Spec.M.Object_TCB.wordFromMessageInfo
Types_H.messageInfoFromWord	ExecSpec.Types_H	Sel4Lean.Spec.M.Object_TCB.messageInfoFromWord
Types_H.capTransferDataSize	ExecSpec.Types_H	Sel4Lean.Spec.M.API_Types.capTransferDataSize
ThreadDecls_H.setMCPriority	ExecSpec.ThreadDecls_H	Sel4Lean.Spec.M.Kernel_Thread.setMCPriority
ThreadDecls_H.prioToL1Index	ExecSpec.ThreadDecls_H	Sel4Lean.Spec.M.Kernel_Thread.prioToL1Index
ThreadDecls_H.l1IndexToPrio	ExecSpec.ThreadDecls_H	Sel4Lean.Spec.M.Kernel_Thread.l1IndexToPrio
ThreadDecls_H.isHighestPrio	ExecSpec.ThreadDecls_H	Sel4Lean.Spec.M.Kernel_Thread.isHighestPrio
ThreadDecls_H.invertL1Index	ExecSpec.ThreadDecls_H	Sel4Lean.Spec.M.Kernel_Thread.invertL1Index
ThreadDecls_H.doIPCTransfer	ExecSpec.ThreadDecls_H	Sel4Lean.Spec.M.Kernel_Thread.doIPCTransfer
TCBDecls_H.decodeSetTLSBase	ExecSpec.TCBDecls_H	Sel4Lean.Spec.M.Object_TCB.decodeSetTLSBase
TCBDecls_H.bufferCPtrOffset	ExecSpec.TCBDecls_H	Sel4Lean.Spec.M.Object_TCB.bufferCPtrOffset
Structures_H.ntfn.ntfnQueue	ExecSpec.Structures_H	Sel4Lean.Spec.NTFN.ntfnQueue
Structures_H.cte.cteMDBNode	ExecSpec.Structures_H	Sel4Lean.Spec.CTE.cteMDBNode
RetypeDecls_H.updateCapData	ExecSpec.RetypeDecls_H	Sel4Lean.Spec.M.Object_ObjectType_RISCV64.updateCapData
RetypeDecls_H.maskCapRights	ExecSpec.RetypeDecls_H	Sel4Lean.Spec.M.Object_ObjectType.maskCapRights
RetypeDecls_H.isPhysicalCap	ExecSpec.RetypeDecls_H	Sel4Lean.Spec.M.Object_ObjectType_RISCV64.isPhysicalCap
RetypeDecls_H.capUntypedPtr	ExecSpec.RetypeDecls_H	Sel4Lean.Spec.M.Object_ObjectType.capUntypedPtr
Platform.RISCV64.irqInvalid	ExecSpec.Platform	Sel4Lean.Spec.M.Machine_Hardware_RISCV64_Spike.irqInvalid
PSpaceStorable_H.alignError	ExecSpec.PSpaceStorable_H	Sel4Lean.Spec.alignError
PSpaceStorable_H.alignCheck	ExecSpec.PSpaceStorable_H	Sel4Lean.Spec.alignCheck
PSpaceFuns_H.placeNewObject	ExecSpec.PSpaceFuns_H	Sel4Lean.Spec.M.Kernel_Init.placeNewObject
PSpaceFuns_H.deletionIsSafe	ExecSpec.PSpaceFuns_H	Sel4Lean.Spec.M.Model_PSpace.deletionIsSafe
MachineOps.RISCV64.loadWord	ExecSpec.MachineOps	Sel4Lean.Spec.M.Machine_Hardware.loadWord
MachineMonad.ignore_failure	ExecSpec.MachineMonad	Sel4Lean.Spec.MachineOps.ignore_failure
Kernel_Config.numPriorities	ExecSpec.Kernel_Config	Sel4Lean.Spec.KernelConfig.numPriorities
Kernel_Config.CONFIG_CTZ_64	ExecSpec.Kernel_Config	Sel4Lean.Spec.KernelConfig.CONFIG_CTZ_64
Kernel_Config.CONFIG_CLZ_64	ExecSpec.Kernel_Config	Sel4Lean.Spec.KernelConfig.CONFIG_CLZ_64
KernelStateData_H.curDomain	ExecSpec.KernelStateData_H	Sel4Lean.Spec.M.Object_ObjectType.curDomain
KernelInit_H.newKernelState	ExecSpec.KernelInit_H	Sel4Lean.Spec.M.Model_StateData.newKernelState
KernelInit_H.newKSCurDomain	ExecSpec.KernelInit_H	Sel4Lean.Spec.KernelInit.newKSCurDomain
KernelInitMonad_H.biCapNull	ExecSpec.KernelInitMonad_H	Sel4Lean.Spec.M.Kernel_BootInfo.biCapNull
KernelInitMonad_H.biCapITPD	ExecSpec.KernelInitMonad_H	Sel4Lean.Spec.KernelInit.biCapITPD
KI_Decls_H.createIdleThread	ExecSpec.KI_Decls_H	Sel4Lean.Spec.M.Kernel_Init.createIdleThread
InterruptDecls_H.getIRQSlot	ExecSpec.InterruptDecls_H	Sel4Lean.Spec.M.Object_Interrupt.getIRQSlot
Hardware_H.RISCV64_H.ptBits	ExecSpec.Hardware_H	Sel4Lean.Spec.M.Machine_Hardware_RISCV64.ptBits
Hardware_H.RISCV64_H.maxIRQ	ExecSpec.Hardware_H	Sel4Lean.Spec.M.Object_Interrupt_RISCV64.maxIRQ
Fault_H.msgFromSyscallError	ExecSpec.Fault_H	Sel4Lean.Spec.M.API_Syscall.msgFromSyscallError
Fault_H.isMissingCapability	ExecSpec.Fault_H	Sel4Lean.Spec.isMissingCapability
Fault_H.isInvalidCapability	ExecSpec.Fault_H	Sel4Lean.Spec.isInvalidCapability
Fault_H.fault.UserException	ExecSpec.Fault_H	Sel4Lean.Spec.Fault.UserException
FaultMonad_H.workUnitsLimit	ExecSpec.FaultMonad_H	Sel4Lean.Spec.KernelConfig.workUnitsLimit
FaultMonad_H.withoutFailure	ExecSpec.FaultMonad_H	Sel4Lean.Spec.M.Kernel_CSpace.withoutFailure
FaultMonad_H.rethrowFailure	ExecSpec.FaultMonad_H	Sel4Lean.Spec.M.Model_Failures.rethrowFailure
FaultMonad_H.emptyOnFailure	ExecSpec.FaultMonad_H	Sel4Lean.Spec.M.Object_CNode.emptyOnFailure
FaultMonad_H.constOnFailure	ExecSpec.FaultMonad_H	Sel4Lean.Spec.M.Model_Failures.constOnFailure
EndpointDecls_H.setEndpoint	ExecSpec.EndpointDecls_H	Sel4Lean.Spec.M.Object_Endpoint.setEndpoint
EndpointDecls_H.getEndpoint	ExecSpec.EndpointDecls_H	Sel4Lean.Spec.M.Object_Endpoint.getEndpoint
CSpace_H.resolveAddressBits	ExecSpec.CSpace_H	Sel4Lean.Spec.M.Kernel_CSpace.resolveAddressBits
CNode_H.setUntypedCapAsFull	ExecSpec.CNode_H	Sel4Lean.Spec.M.Object_CNode.setUntypedCapAsFull
Types_H.ptrFromPAddrRegion	ExecSpec.Types_H	Sel4Lean.Spec.M.Kernel_Init.ptrFromPAddrRegion
Types_H.init_data.InitData	ExecSpec.Types_H	Sel4Lean.Spec.InitData
ThreadDecls_H.transferCaps	ExecSpec.ThreadDecls_H	Sel4Lean.Spec.M.Kernel_Thread.transferCaps
ThreadDecls_H.chooseThread	ExecSpec.ThreadDecls_H	Sel4Lean.Spec.M.Kernel_Thread.chooseThread
TCBDecls_H.lookupExtraCaps	ExecSpec.TCBDecls_H	Sel4Lean.Spec.M.API_Syscall.lookupExtraCaps
TCBDecls_H.deleteCallerCap	ExecSpec.TCBDecls_H	Sel4Lean.Spec.M.API_Syscall.deleteCallerCap
Syscall_H.handleInvocation	ExecSpec.Syscall_H	Sel4Lean.Spec.M.API_Syscall.handleInvocation
Structures_H.tcbVTableSlot	ExecSpec.Structures_H	Sel4Lean.Spec.M.Object_TCB.tcbVTableSlot
Structures_H.tcbQueueEmpty	ExecSpec.Structures_H	Sel4Lean.Spec.M.Kernel_Thread.tcbQueueEmpty
Structures_H.tcbCallerSlot	ExecSpec.Structures_H	Sel4Lean.Spec.M.Object_Structures.tcbCallerSlot
Structures_H.tcbCTableSlot	ExecSpec.Structures_H	Sel4Lean.Spec.M.Object_Structures.tcbCTableSlot
Structures_H.tcb.tcbVTable	ExecSpec.Structures_H	Sel4Lean.Spec.TCB.tcbVTable
Structures_H.tcb.tcbQueued	ExecSpec.Structures_H	Sel4Lean.Spec.TCB.tcbQueued
Structures_H.tcb.tcbDomain	ExecSpec.Structures_H	Sel4Lean.Spec.TCB.tcbDomain
Structures_H.tcb.tcbCaller	ExecSpec.Structures_H	Sel4Lean.Spec.TCB.tcbCaller
Structures_H.tcb.tcbCTable	ExecSpec.Structures_H	Sel4Lean.Spec.TCB.tcbCTable
Structures_H.ntfn.IdleNtfn	ExecSpec.Structures_H	Sel4Lean.Spec.NTFN.IdleNtfn
Structures_H.isZombieCNode	ExecSpec.Structures_H	Sel4Lean.Spec.isZombieCNode
Structures_H.isWaitingNtfn	ExecSpec.Structures_H	Sel4Lean.Spec.isWaitingNtfn
Structures_H.isEndpointCap	ExecSpec.Structures_H	Sel4Lean.Spec.isEndpointCap
State_H.countTrailingZeros	ExecSpec.State_H	Sel4Lean.Spec.M.Data_WordLib.countTrailingZeros
State_H.RISCV64_H.wordBits	ExecSpec.State_H	Sel4Lean.Spec.M.Object_Structures.wordBits
State_H.RISCV64_H.fromVPtr	ExecSpec.State_H	Sel4Lean.Spec.VPtr.fromVPtr
State_H.RISCV64_H.fromPPtr	ExecSpec.State_H	Sel4Lean.Spec.DesignOnly.fromPPtr
State_H.RISCV64_H.Register	ExecSpec.State_H	Sel4Lean.Spec.Register.Register
RetypeDecls_H.sameRegionAs	ExecSpec.RetypeDecls_H	Sel4Lean.Spec.M.Object_ObjectType.RISCV64.sameRegionAs
RetypeDecls_H.sameObjectAs	ExecSpec.RetypeDecls_H	Sel4Lean.Spec.M.Object_ObjectType_RISCV64.sameObjectAs
RetypeDecls_H.createObject	ExecSpec.RetypeDecls_H	Sel4Lean.Spec.M.Object_ObjectType_RISCV64.createObject
Platform.RISCV64.paddrBase	ExecSpec.Platform	Sel4Lean.Spec.M.Machine_Hardware_RISCV64.paddrBase
Platform.RISCV64.fromPAddr	ExecSpec.Platform	Sel4Lean.Spec.M.Machine_Hardware.RISCV64.fromPAddr
PSpaceStorable_H.typeError	ExecSpec.PSpaceStorable_H	Sel4Lean.Spec.typeError
PSpaceFuns_H.storeWordUser	ExecSpec.PSpaceFuns_H	Sel4Lean.Spec.M.Model_PSpace.storeWordUser
PSpaceFuns_H.lookupAround2	ExecSpec.PSpaceFuns_H	Sel4Lean.Spec.M.Model_PSpace.lookupAround2
PSpaceFuns_H.ksASIDMapSafe	ExecSpec.PSpaceFuns_H	Sel4Lean.Spec.M.Model_PSpace.ksASIDMapSafe
PSpaceFuns_H.deleteObjects	ExecSpec.PSpaceFuns_H	Sel4Lean.Spec.M.Object_Untyped.deleteObjects
Kernel_Config.maxNumIOAPIC	ExecSpec.Kernel_Config	Sel4Lean.Spec.KernelConfig.maxNumIOAPIC
KernelStateData_H.setQueue	ExecSpec.KernelStateData_H	Sel4Lean.Spec.M.Kernel_Thread.setQueue
KernelStateData_H.getQueue	ExecSpec.KernelStateData_H	Sel4Lean.Spec.M.Kernel_Thread.getQueue
KI_Decls_H.finaliseBIFrame	ExecSpec.KI_Decls_H	Sel4Lean.Spec.M.Kernel_Init.finaliseBIFrame
Invocations_H.isSetTLSBase	ExecSpec.Invocations_H	Sel4Lean.Spec.isSetTLSBase
Invocations_H.isSaveCaller	ExecSpec.Invocations_H	Sel4Lean.Spec.isSaveCaller
Fault_H.isTruncatedMessage	ExecSpec.Fault_H	Sel4Lean.Spec.isTruncatedMessage
Fault_H.isIllegalOperation	ExecSpec.Fault_H	Sel4Lean.Spec.isIllegalOperation
FaultMonad_H.ignoreFailure	ExecSpec.FaultMonad_H	Sel4Lean.Spec.M.Kernel_VSpace_RISCV64.ignoreFailure
Event_H.event.VMFaultEvent	ExecSpec.Event_H	Sel4Lean.Spec.Event.VMFaultEvent
Event_H.event.SyscallEvent	ExecSpec.Event_H	Sel4Lean.Spec.Event.SyscallEvent
EndpointDecls_H.receiveIPC	ExecSpec.EndpointDecls_H	Sel4Lean.Spec.M.API_Syscall.receiveIPC
CNode_H.updateNewFreeIndex	ExecSpec.CNode_H	Sel4Lean.Spec.M.Object_CNode.updateNewFreeIndex
API_H.kernelExitAssertions	ExecSpec.API_H	Sel4Lean.Spec.DesignOnly.kernelExitAssertions
Untyped_H.resetUntypedCap	ExecSpec.Untyped_H	Sel4Lean.Spec.M.Object_Untyped.resetUntypedCap
ThreadDecls_H.setPriority	ExecSpec.ThreadDecls_H	Sel4Lean.Spec.M.Object_TCB.setPriority
ThreadDecls_H.addToBitmap	ExecSpec.ThreadDecls_H	Sel4Lean.Spec.M.Kernel_Thread.addToBitmap
TCBDecls_H.setupCallerCap	ExecSpec.TCBDecls_H	Sel4Lean.Spec.M.Object_TCB.setupCallerCap
TCBDecls_H.setMessageInfo	ExecSpec.TCBDecls_H	Sel4Lean.Spec.M.Object_TCB.setMessageInfo
TCBDecls_H.invokeSetFlags	ExecSpec.TCBDecls_H	Sel4Lean.Spec.M.Object_TCB.invokeSetFlags
TCBDecls_H.getMessageInfo	ExecSpec.TCBDecls_H	Sel4Lean.Spec.M.Object_TCB.getMessageInfo
TCBDecls_H.decodeSetSpace	ExecSpec.TCBDecls_H	Sel4Lean.Spec.M.Object_TCB.decodeSetSpace
TCBDecls_H.decodeSetFlags	ExecSpec.TCBDecls_H	Sel4Lean.Spec.M.Object_TCB.decodeSetFlags
Structures_H.tcbReplySlot	ExecSpec.Structures_H	Sel4Lean.Spec.M.Object_TCB.tcbReplySlot
Structures_H.tcbQueueHead	ExecSpec.Structures_H	Sel4Lean.Spec.TcbQueue.tcbQueueHead
Structures_H.tcb.tcbState	ExecSpec.Structures_H	Sel4Lean.Spec.TCB.tcbState
Structures_H.tcb.tcbReply	ExecSpec.Structures_H	Sel4Lean.Spec.TCB.tcbReply
Structures_H.tcb.tcbFlags	ExecSpec.Structures_H	Sel4Lean.Spec.TCB.tcbFlags
Structures_H.tcb.tcbFault	ExecSpec.Structures_H	Sel4Lean.Spec.TCB.tcbFault
Structures_H.maxFreeIndex	ExecSpec.Structures_H	Sel4Lean.Spec.M.Object_Structures.maxFreeIndex
Structures_H.l2BitmapSize	ExecSpec.Structures_H	Sel4Lean.Spec.M.Object_Structures.l2BitmapSize
Structures_H.isUntypedCap	ExecSpec.Structures_H	Sel4Lean.Spec.isUntypedCap
Structures_H.isActiveNtfn	ExecSpec.Structures_H	Sel4Lean.Spec.isActiveNtfn
Structures_H.getFreeIndex	ExecSpec.Structures_H	Sel4Lean.Spec.M.Object_Structures.getFreeIndex
RetypeDecls_H.finaliseCap	ExecSpec.RetypeDecls_H	Sel4Lean.Spec.M.Object_CNode.finaliseCap
Platform.RISCV64.pptrBase	ExecSpec.Platform	Sel4Lean.Spec.M.Kernel_VSpace_RISCV64.pptrBase
Platform.RISCV64.kdevBase	ExecSpec.Platform	Sel4Lean.Spec.Platform.kdevBase
PSpaceStorable_H.koTypeOf	ExecSpec.PSpaceStorable_H	Sel4Lean.Spec.koTypeOf
PSpaceFuns_H.reserveFrame	ExecSpec.PSpaceFuns_H	Sel4Lean.Spec.M.Kernel_Init.reserveFrame
PSpaceFuns_H.loadWordUser	ExecSpec.PSpaceFuns_H	Sel4Lean.Spec.M.Object_CNode.loadWordUser
MachineOps.RISCV64.sfence	ExecSpec.MachineOps	Sel4Lean.Spec.M.Machine_Hardware_RISCV64.sfence
KernelInitMonad_H.runInit	ExecSpec.KernelInitMonad_H	Sel4Lean.Spec.M.Kernel_Init.runInit
KI_Decls_H.mapTaskRegions	ExecSpec.KI_Decls_H	Sel4Lean.Spec.M.Kernel_Init.mapTaskRegions
Fault_H.isNotEnoughMemory	ExecSpec.Fault_H	Sel4Lean.Spec.isNotEnoughMemory
Fault_H.isInvalidArgument	ExecSpec.Fault_H	Sel4Lean.Spec.isInvalidArgument
FaultMonad_H.unifyFailure	ExecSpec.FaultMonad_H	Sel4Lean.Spec.M.Object_CNode.unifyFailure
FaultMonad_H.catchFailure	ExecSpec.FaultMonad_H	Sel4Lean.Spec.M.API_Syscall.catchFailure
Event_H.syscall.SysNBSend	ExecSpec.Event_H	Sel4Lean.Spec.Syscall.SysNBSend
Event_H.syscall.SysNBRecv	ExecSpec.Event_H	Sel4Lean.Spec.Syscall.SysNBRecv
EndpointDecls_H.cancelIPC	ExecSpec.EndpointDecls_H	Sel4Lean.Spec.M.Object_Endpoint.cancelIPC
CNode_H.longRunningDelete	ExecSpec.CNode_H	Sel4Lean.Spec.M.Object_CNode.longRunningDelete
CNode_H.isFinalCapability	ExecSpec.CNode_H	Sel4Lean.Spec.M.Kernel_VSpace_RISCV64.isFinalCapability
CNode_H.archMDBAssertions	ExecSpec.CNode_H	Sel4Lean.Spec.M.Object_CNode.archMDBAssertions
ThreadDecls_H.isRunnable	ExecSpec.ThreadDecls_H	Sel4Lean.Spec.M.Kernel_Thread.isRunnable
TCBDecls_H.setExtraBadge	ExecSpec.TCBDecls_H	Sel4Lean.Spec.M.Object_TCB.setExtraBadge
TCBDecls_H.getExtraCPtrs	ExecSpec.TCBDecls_H	Sel4Lean.Spec.M.Object_TCB.getExtraCPtrs
TCBDecls_H.assertDerived	ExecSpec.TCBDecls_H	Sel4Lean.Spec.M.Object_TCB.assertDerived
Structures_H.tcbQueueEnd	ExecSpec.Structures_H	Sel4Lean.Spec.TcbQueue.tcbQueueEnd
Structures_H.tcb.tcbArch	ExecSpec.Structures_H	Sel4Lean.Spec.TCB.tcbArch
Structures_H.nullMDBNode	ExecSpec.Structures_H	Sel4Lean.Spec.M.Object_Structures.nullMDBNode
Structures_H.minPriority	ExecSpec.Structures_H	Sel4Lean.Spec.M.Object_Structures.minPriority
Structures_H.mdbnode.MDB	ExecSpec.Structures_H	Sel4Lean.Spec.MDBNode.MDB
Structures_H.maxPriority	ExecSpec.Structures_H	Sel4Lean.Spec.M.Object_Structures.maxPriority
Structures_H.isZombieTCB	ExecSpec.Structures_H	Sel4Lean.Spec.isZombieTCB
Structures_H.isThreadCap	ExecSpec.Structures_H	Sel4Lean.Spec.isThreadCap
Structures_H.isDomainCap	ExecSpec.Structures_H	Sel4Lean.Spec.M.Object_Structures.isDomainCap
Platform.RISCV64.toPAddr	ExecSpec.Platform	Sel4Lean.Spec.M.Machine_Hardware_RISCV64.toPAddr
Platform.RISCV64.pptrTop	ExecSpec.Platform	Sel4Lean.Spec.M.Machine_Hardware_RISCV64.pptrTop
Platform.RISCV64.irq_len	ExecSpec.Platform	Sel4Lean.Spec.DesignOnly.irq_len
PSpaceFuns_H.deleteRange	ExecSpec.PSpaceFuns_H	Sel4Lean.Spec.deleteRange
Kernel_Config.numDomains	ExecSpec.Kernel_Config	Sel4Lean.Spec.M.Object_Structures.numDomains
Kernel_Config.config_VTX	ExecSpec.Kernel_Config	Sel4Lean.Spec.KernelConfig.config_VTX
KernelInit_H.syncBIFrame	ExecSpec.KernelInit_H	Sel4Lean.Spec.KernelInit.syncBIFrame
KernelInitMonad_H.itASID	ExecSpec.KernelInitMonad_H	Sel4Lean.Spec.M.Kernel_BootInfo.itASID
KI_Decls_H.noInitFailure	ExecSpec.KI_Decls_H	Sel4Lean.Spec.KernelInit.noInitFailure
KI_Decls_H.makeRootCNode	ExecSpec.KI_Decls_H	Sel4Lean.Spec.M.Kernel_Init.makeRootCNode
Invocations_H.isSetFlags	ExecSpec.Invocations_H	Sel4Lean.Spec.isSetFlags
Fault_H.isAlignmentError	ExecSpec.Fault_H	Sel4Lean.Spec.isAlignmentError
Event_H.syscall.SysYield	ExecSpec.Event_H	Sel4Lean.Spec.Syscall.SysYield
Event_H.syscall.SysReply	ExecSpec.Event_H	Sel4Lean.Spec.Syscall.SysReply
EndpointDecls_H.isActive	ExecSpec.EndpointDecls_H	Sel4Lean.Spec.M.Object_Endpoint.isActive
Domain_H.decodeDomainSet	ExecSpec.Domain_H	Sel4Lean.Spec.M.Object_Domain.decodeDomainSet
CNode_H.setupReplyMaster	ExecSpec.CNode_H	Sel4Lean.Spec.M.Kernel_Thread.setupReplyMaster
CNode_H.ensureNoChildren	ExecSpec.CNode_H	Sel4Lean.Spec.M.Object_CNode.ensureNoChildren
CNode_H.createNewObjects	ExecSpec.CNode_H	Sel4Lean.Spec.M.Object_CNode.createNewObjects
CNode_H.capSwapForDelete	ExecSpec.CNode_H	Sel4Lean.Spec.M.Object_CNode.capSwapForDelete
ArchTypes_H.ntfnSizeBits	ExecSpec.ArchTypes_H	Sel4Lean.Spec.M.Object_Structures.ntfnSizeBits
Untyped_H.invokeUntyped	ExecSpec.Untyped_H	Sel4Lean.Spec.M.Object_ObjectType.invokeUntyped
Types_H.msgMaxExtraCaps	ExecSpec.Types_H	Sel4Lean.Spec.M.Object_CNode.msgMaxExtraCaps
Types_H.msgExtraCapBits	ExecSpec.Types_H	Sel4Lean.Spec.M.API_Types.msgExtraCapBits
Types_H.message_info.MI	ExecSpec.Types_H	Sel4Lean.Spec.MessageInfo.MI
Types_H.cap_transfer.CT	ExecSpec.Types_H	Sel4Lean.Spec.CapTransfer.CT
ThreadDecls_H.timerTick	ExecSpec.ThreadDecls_H	Sel4Lean.Spec.M.Object_Interrupt.timerTick
ThreadDecls_H.setDomain	ExecSpec.ThreadDecls_H	Sel4Lean.Spec.M.Kernel_Thread.setDomain
ThreadDecls_H.isStopped	ExecSpec.ThreadDecls_H	Sel4Lean.Spec.M.Kernel_Thread.isStopped
TCBDecls_H.getExtraCPtr	ExecSpec.TCBDecls_H	Sel4Lean.Spec.M.Object_TCB.getExtraCPtr
Structures_H.tcb.tcbMCP	ExecSpec.Structures_H	Sel4Lean.Spec.TCB.tcbMCP
Structures_H.tcb.Thread	ExecSpec.Structures_H	Sel4Lean.Spec.TCB.Thread
Structures_H.isReplyCap	ExecSpec.Structures_H	Sel4Lean.Spec.isReplyCap
Structures_H.isInactive	ExecSpec.Structures_H	Sel4Lean.Spec.isInactive
Structures_H.isIdleNtfn	ExecSpec.Structures_H	Sel4Lean.Spec.isIdleNtfn
Structures_H.isCNodeCap	ExecSpec.Structures_H	Sel4Lean.Spec.isCNodeCap
Structures_H.getFreeRef	ExecSpec.Structures_H	Sel4Lean.Spec.M.Object_Untyped.getFreeRef
Structures_H.emptyQueue	ExecSpec.Structures_H	Sel4Lean.Spec.M.Kernel_Thread.emptyQueue
Structures_H.dschLength	ExecSpec.Structures_H	Sel4Lean.Spec.M.Object_Structures.dschLength
Structures_H.dschDomain	ExecSpec.Structures_H	Sel4Lean.Spec.M.Model_StateData.dschDomain
Structures_H.cte.cteCap	ExecSpec.Structures_H	Sel4Lean.Spec.CTE.cteCap
Structs_B.tcbFlagToWord	ExecSpec.Structs_B	Sel4Lean.Spec.M.Object_Structures.tcbFlagToWord
RetypeDecls_H.deriveCap	ExecSpec.RetypeDecls_H	Sel4Lean.Spec.M.Object_ObjectType_RISCV64.deriveCap
RetypeDecls_H.badgeBits	ExecSpec.RetypeDecls_H	Sel4Lean.Spec.M.Object_ObjectType.badgeBits
Platform.RISCV64.minIRQ	ExecSpec.Platform	Sel4Lean.Spec.M.Machine_Hardware.minIRQ
Platform.RISCV64.maxIRQ	ExecSpec.Platform	Sel4Lean.Spec.M.Object_Interrupt_RISCV64.maxIRQ
PSpaceFuns_H.initPSpace	ExecSpec.PSpaceFuns_H	Sel4Lean.Spec.M.Kernel_Init.initPSpace
MachineTypes.irq_oracle	ExecSpec.MachineTypes	Sel4Lean.Spec.MachineOps.irq_oracle
Kernel_Config.timeSlice	ExecSpec.Kernel_Config	Sel4Lean.Spec.M.Config.timeSlice
Invocations_H.isSuspend	ExecSpec.Invocations_H	Sel4Lean.Spec.isSuspend
InterruptDecls_H.toBool	ExecSpec.InterruptDecls_H	Sel4Lean.Spec.M.Object_Interrupt.toBool
Fault_H.isUserException	ExecSpec.Fault_H	Sel4Lean.Spec.isUserException
Fault_H.isGuardMismatch	ExecSpec.Fault_H	Sel4Lean.Spec.isGuardMismatch
Fault_H.isDepthMismatch	ExecSpec.Fault_H	Sel4Lean.Spec.isDepthMismatch
Fault_H.fault.archFault	ExecSpec.Fault_H	Sel4Lean.Spec.Fault.archFault
Fault_H.fault.ArchFault	ExecSpec.Fault_H	Sel4Lean.Spec.ArchFault
FaultMonad_H.rangeCheck	ExecSpec.FaultMonad_H	Sel4Lean.Spec.M.Model_Failures.rangeCheck
Event_H.syscall.SysSend	ExecSpec.Event_H	Sel4Lean.Spec.Syscall.SysSend
Event_H.syscall.SysRecv	ExecSpec.Event_H	Sel4Lean.Spec.Syscall.SysRecv
Event_H.syscall.SysCall	ExecSpec.Event_H	Sel4Lean.Spec.Syscall.SysCall
Event_H.event.Interrupt	ExecSpec.Event_H	Sel4Lean.Spec.Event.Interrupt
EndpointDecls_H.sendIPC	ExecSpec.EndpointDecls_H	Sel4Lean.Spec.M.Object_Endpoint.sendIPC
Domain_H.domainSetStart	ExecSpec.Domain_H	Sel4Lean.Spec.M.Object_Domain.domainSetStart
Config_H.minSmallBlocks	ExecSpec.Config_H	Sel4Lean.Spec.M.Config.minSmallBlocks
CSpaceDecls_H.lookupCap	ExecSpec.CSpaceDecls_H	Sel4Lean.Spec.M.Kernel_FaultHandler.lookupCap
CNode_H.updateFreeIndex	ExecSpec.CNode_H	Sel4Lean.Spec.M.Kernel_VSpace_RISCV64.updateFreeIndex
CNode_H.locateSlotCNode	ExecSpec.CNode_H	Sel4Lean.Spec.M.Object_CNode.locateSlotCNode
CNode_H.locateSlotBasic	ExecSpec.CNode_H	Sel4Lean.Spec.M.Object_CNode.locateSlotBasic
CNode_H.loadCapTransfer	ExecSpec.CNode_H	Sel4Lean.Spec.M.Object_CNode.loadCapTransfer
CNode_H.getReceiveSlots	ExecSpec.CNode_H	Sel4Lean.Spec.M.Kernel_Thread.getReceiveSlots
CNode_H.ensureEmptySlot	ExecSpec.CNode_H	Sel4Lean.Spec.M.Object_Untyped.ensureEmptySlot
CNode_H.capCyclicZombie	ExecSpec.CNode_H	Sel4Lean.Spec.M.Object_CNode.capCyclicZombie
ArchTypes_H.cteSizeBits	ExecSpec.ArchTypes_H	Sel4Lean.Spec.M.API_Types_Universal.cteSizeBits
Untyped_H.cNodeOverlap	ExecSpec.Untyped_H	Sel4Lean.Spec.M.Object_Untyped.cNodeOverlap
Types_H.wordFromRights	ExecSpec.Types_H	Sel4Lean.Spec.M.API_Types.wordFromRights
Types_H.rightsFromWord	ExecSpec.Types_H	Sel4Lean.Spec.M.API_Types.rightsFromWord
ThreadDecls_H.wordLog2	ExecSpec.ThreadDecls_H	Sel4Lean.Spec.M.Kernel_Thread.wordLog2
ThreadDecls_H.setFlags	ExecSpec.ThreadDecls_H	Sel4Lean.Spec.M.Kernel_Thread.setFlags
ThreadDecls_H.schedule	ExecSpec.ThreadDecls_H	Sel4Lean.Spec.M.Kernel_Thread.schedule
Structures_H.objBitsKO	ExecSpec.Structures_H	Sel4Lean.Spec.M.Model_PSpace.objBitsKO
Structures_H.maxDomain	ExecSpec.Structures_H	Sel4Lean.Spec.M.Object_Structures.maxDomain
Structures_H.isRunning	ExecSpec.Structures_H	Sel4Lean.Spec.isRunning
Structures_H.isRestart	ExecSpec.Structures_H	Sel4Lean.Spec.isRestart
Structures_H.isReceive	ExecSpec.Structures_H	Sel4Lean.Spec.M.Object_Endpoint.isReceive
Structures_H.isNullCap	ExecSpec.Structures_H	Sel4Lean.Spec.M.Object_TCB.isNullCap
Structures_H.isFlagSet	ExecSpec.Structures_H	Sel4Lean.Spec.M.Object_Structures.isFlagSet
State_H.RISCV64_H.Word	ExecSpec.State_H	Sel4Lean.Spec.RISCV64.Word
State_H.RISCV64_H.VPtr	ExecSpec.State_H	Sel4Lean.Spec.VPtr
State_H.RISCV64_H.PPtr	ExecSpec.State_H	Sel4Lean.Spec.DesignOnly.State_H.PPtr
PSpaceStruct_H.ptrBits	ExecSpec.PSpaceStruct_H	Sel4Lean.Spec.DesignOnly.ptrBits
PSpaceFuns_H.setObject	ExecSpec.PSpaceFuns_H	Sel4Lean.Spec.M.Object_Notification.setObject
PSpaceFuns_H.newPSpace	ExecSpec.PSpaceFuns_H	Sel4Lean.Spec.M.Model_StateData.newPSpace
PSpaceFuns_H.getObject	ExecSpec.PSpaceFuns_H	Sel4Lean.Spec.M.Object_CNode.getObject
MachineOps.RISCV64.IRQ	ExecSpec.MachineOps	Sel4Lean.Spec.IRQ.IRQ
Kernel_Config.physBase	ExecSpec.Kernel_Config	Sel4Lean.Spec.M.Machine_Hardware_RISCV64_Spike.physBase
KI_Decls_H.initFreemem	ExecSpec.KI_Decls_H	Sel4Lean.Spec.M.Kernel_Init.initFreemem
KI_Decls_H.getAPRegion	ExecSpec.KI_Decls_H	Sel4Lean.Spec.M.Kernel_Init.getAPRegion
KI_Decls_H.allocRegion	ExecSpec.KI_Decls_H	Sel4Lean.Spec.M.Kernel_Init.allocRegion
Invocations_H.isRotate	ExecSpec.Invocations_H	Sel4Lean.Spec.isRotate
Invocations_H.isRevoke	ExecSpec.Invocations_H	Sel4Lean.Spec.isRevoke
Invocations_H.isResume	ExecSpec.Invocations_H	Sel4Lean.Spec.isResume
Invocations_H.isInsert	ExecSpec.Invocations_H	Sel4Lean.Spec.isInsert
Invocations_H.isDelete	ExecSpec.Invocations_H	Sel4Lean.Spec.isDelete
Invocations_H.isAckIRQ	ExecSpec.Invocations_H	Sel4Lean.Spec.isAckIRQ
Fault_H.isFailedLookup	ExecSpec.Fault_H	Sel4Lean.Spec.isFailedLookup
Fault_H.fault.CapFault	ExecSpec.Fault_H	Sel4Lean.Spec.Fault.CapFault
Delete_H.finaliseSlot'	ExecSpec.Delete_H	Sel4Lean.Spec.DesignOnly.finaliseSlot'
Delete_H.cteDeleteOne'	ExecSpec.Delete_H	Sel4Lean.Spec.DesignOnly.cteDeleteOne'
Config_H.rootCNodeSize	ExecSpec.Config_H	Sel4Lean.Spec.M.Kernel_Init.rootCNodeSize
Config_H.numPriorities	ExecSpec.Config_H	Sel4Lean.Spec.KernelConfig.numPriorities
CNode_H.noReplyCapsFor	ExecSpec.CNode_H	Sel4Lean.Spec.M.Object_CNode.noReplyCapsFor
ArchTypes_H.epSizeBits	ExecSpec.ArchTypes_H	Sel4Lean.Spec.M.Object_Structures.epSizeBits
VSpace_H.initPlatform	ExecSpec.VSpace_H	Sel4Lean.Spec.M.Kernel_Init.initPlatform
VSpace_H.initKernelVM	ExecSpec.VSpace_H	Sel4Lean.Spec.M.Kernel_Init.initKernelVM
Untyped_H.archOverlap	ExecSpec.Untyped_H	Sel4Lean.Spec.M.Object_Untyped.archOverlap
Types_H.msgLengthBits	ExecSpec.Types_H	Sel4Lean.Spec.M.API_Types.msgLengthBits
ThreadDecls_H.suspend	ExecSpec.ThreadDecls_H	Sel4Lean.Spec.M.Object_ObjectType.suspend
ThreadDecls_H.restart	ExecSpec.ThreadDecls_H	Sel4Lean.Spec.M.Kernel_Thread.restart
TCBDecls_H.checkCapAt	ExecSpec.TCBDecls_H	Sel4Lean.Spec.M.Object_TCB.checkCapAt
Syscall_H.handleYield	ExecSpec.Syscall_H	Sel4Lean.Spec.M.API_Syscall.handleYield
Syscall_H.handleReply	ExecSpec.Syscall_H	Sel4Lean.Spec.M.API_Syscall.handleReply
Syscall_H.handleEvent	ExecSpec.Syscall_H	Sel4Lean.Spec.M.SEL4.handleEvent
Structures_H.isZombie	ExecSpec.Structures_H	Sel4Lean.Spec.isZombie
Structures_H.isSendEP	ExecSpec.Structures_H	Sel4Lean.Spec.isSendEP
Structures_H.isRecvEP	ExecSpec.Structures_H	Sel4Lean.Spec.isRecvEP
Structures_H.isIdleEP	ExecSpec.Structures_H	Sel4Lean.Spec.isIdleEP
Structs_B.tcbFlagMask	ExecSpec.Structs_B	Sel4Lean.Spec.M.Object_TCB.tcbFlagMask
PSpaceStruct_H.PSpace	ExecSpec.PSpaceStruct_H	Sel4Lean.Spec.PSpace.PSpace
Kernel_Config.irqBits	ExecSpec.Kernel_Config	Sel4Lean.Spec.KernelConfig.irqBits
KI_Decls_H.provideCap	ExecSpec.KI_Decls_H	Sel4Lean.Spec.M.Kernel_Init.provideCap
KI_Decls_H.initKernel	ExecSpec.KI_Decls_H	Sel4Lean.Spec.M.Kernel_Init.initKernel
KI_Decls_H.allocFrame	ExecSpec.KI_Decls_H	Sel4Lean.Spec.M.Kernel_Init.allocFrame
Fault_H.isRevokeFirst	ExecSpec.Fault_H	Sel4Lean.Spec.isRevokeFirst
Fault_H.isInvalidRoot	ExecSpec.Fault_H	Sel4Lean.Spec.isInvalidRoot
Fault_H.isDeleteFirst	ExecSpec.Fault_H	Sel4Lean.Spec.isDeleteFirst
Domain_H.invokeDomain	ExecSpec.Domain_H	Sel4Lean.Spec.M.Object_Domain.invokeDomain
Delete_H.slotsPointed	ExecSpec.Delete_H	Sel4Lean.Spec.DesignOnly.slotsPointed
Config_H.minFreeSlots	ExecSpec.Config_H	Sel4Lean.Spec.M.Config.minFreeSlots
CNode_H.locateSlotTCB	ExecSpec.CNode_H	Sel4Lean.Spec.M.Object_CNode.locateSlotTCB
CNode_H.locateSlotCap	ExecSpec.CNode_H	Sel4Lean.Spec.M.Object_Untyped.locateSlotCap
CNode_H.isMDBParentOf	ExecSpec.CNode_H	Sel4Lean.Spec.M.Object_CNode.isMDBParentOf
CNode_H.insertInitCap	ExecSpec.CNode_H	Sel4Lean.Spec.M.Kernel_Init.insertInitCap
Types_H.priorityBits	ExecSpec.Types_H	Sel4Lean.Spec.M.API_Types.priorityBits
Types_H.msgMaxLength	ExecSpec.Types_H	Sel4Lean.Spec.M.Object_CNode.msgMaxLength
Types_H.msgLabelBits	ExecSpec.Types_H	Sel4Lean.Spec.M.API_Types.msgLabelBits
Types_H.msgAlignBits	ExecSpec.Types_H	Sel4Lean.Spec.M.API_Types.msgAlignBits
Types_H.andCapRights	ExecSpec.Types_H	Sel4Lean.Spec.M.API_Types.andCapRights
TCBDecls_H.threadSet	ExecSpec.TCBDecls_H	Sel4Lean.Spec.M.Kernel_Thread.threadSet
TCBDecls_H.threadGet	ExecSpec.TCBDecls_H	Sel4Lean.Spec.M.Kernel_FaultHandler.threadGet
TCBDecls_H.invokeTCB	ExecSpec.TCBDecls_H	Sel4Lean.Spec.M.Object_ObjectType.invokeTCB
TCBDecls_H.checkPrio	ExecSpec.TCBDecls_H	Sel4Lean.Spec.M.Object_TCB.checkPrio
Syscall_H.handleSend	ExecSpec.Syscall_H	Sel4Lean.Spec.M.API_Syscall.handleSend
Syscall_H.handleRecv	ExecSpec.Syscall_H	Sel4Lean.Spec.M.API_Syscall.handleRecv
Syscall_H.handleCall	ExecSpec.Syscall_H	Sel4Lean.Spec.M.API_Syscall.handleCall
Structures_H.isReply	ExecSpec.Structures_H	Sel4Lean.Spec.M.Kernel_Thread.isReply
Structures_H.cte.CTE	ExecSpec.Structures_H	Sel4Lean.Spec.CTE
Structs_B.timeArgLen	ExecSpec.Structs_B	Sel4Lean.Spec.M.Object_Structures_RISCV64.timeArgLen
State_H.wordSizeCase	ExecSpec.State_H	Sel4Lean.Spec.M.Object_ObjectType.wordSizeCase
PSpaceStruct_H.psMap	ExecSpec.PSpaceStruct_H	Sel4Lean.Spec.PSpace.psMap
Kernel_Config.maxIRQ	ExecSpec.Kernel_Config	Sel4Lean.Spec.M.Object_Interrupt_RISCV64.maxIRQ
KernelInit_H.coverOf	ExecSpec.KernelInit_H	Sel4Lean.Spec.KernelInit.coverOf
Invocations_H.isMove	ExecSpec.Invocations_H	Sel4Lean.Spec.isMove
Fault_H.isRangeError	ExecSpec.Fault_H	Sel4Lean.Spec.isRangeError
CNode_H.reduceZombie	ExecSpec.CNode_H	Sel4Lean.Spec.M.Object_CNode.reduceZombie
CNode_H.insertNewCap	ExecSpec.CNode_H	Sel4Lean.Spec.M.Object_CNode.insertNewCap
CNode_H.finaliseSlot	ExecSpec.CNode_H	Sel4Lean.Spec.M.Object_CNode.finaliseSlot
CNode_H.cteDeleteOne	ExecSpec.CNode_H	Sel4Lean.Spec.M.Object_TCB.cteDeleteOne
CNode_H.capRemovable	ExecSpec.CNode_H	Sel4Lean.Spec.M.Object_CNode.capRemovable
Structures_H.noFlag	ExecSpec.Structures_H	Sel4Lean.Spec.M.Object_Structures.noFlag
Structures_H.isSend	ExecSpec.Structures_H	Sel4Lean.Spec.M.Object_Structures.isSend
Fault_H.isArchFault	ExecSpec.Fault_H	Sel4Lean.Spec.isArchFault
CNode_H.invokeCNode	ExecSpec.CNode_H	Sel4Lean.Spec.M.Object_ObjectType.invokeCNode
Types_H.fromRegion	ExecSpec.Types_H	Sel4Lean.Spec.Region.fromRegion
Types_H.SlotRegion	ExecSpec.Types_H	Sel4Lean.Spec.SlotRegion.SlotRegion
TCBDecls_H.copyMRs	ExecSpec.TCBDecls_H	Sel4Lean.Spec.M.Kernel_Thread.copyMRs
KI_Decls_H.coverOf	ExecSpec.KI_Decls_H	Sel4Lean.Spec.KernelInit.coverOf
Fault_H.isCapFault	ExecSpec.Fault_H	Sel4Lean.Spec.isCapFault
FaultMonad_H.throw	ExecSpec.FaultMonad_H	Sel4Lean.Spec.M.Object_Interrupt_RISCV64.throw
Domain_H.domainSet	ExecSpec.Domain_H	Sel4Lean.Spec.M.Object_Domain.domainSet
Delete_H.sethelper	ExecSpec.Delete_H	Sel4Lean.Spec.DesignOnly.sethelper
CNode_H.getSlotCap	ExecSpec.CNode_H	Sel4Lean.Spec.M.Object_CNode.getSlotCap
Untyped_H.alignUp	ExecSpec.Untyped_H	Sel4Lean.Spec.M.Object_Untyped.alignUp
Types_H.allRights	ExecSpec.Types_H	Sel4Lean.Spec.M.API_Types.allRights
TCBDecls_H.setMRs	ExecSpec.TCBDecls_H	Sel4Lean.Spec.M.Kernel_Thread.setMRs
TCBDecls_H.getMRs	ExecSpec.TCBDecls_H	Sel4Lean.Spec.M.API_Syscall.getMRs
TCBDecls_H.asUser	ExecSpec.TCBDecls_H	Sel4Lean.Spec.M.Kernel_FaultHandler.asUser
Syscall_H.syscall	ExecSpec.Syscall_H	Sel4Lean.Spec.M.Model_Syscall.syscall
State_H.wordRadix	ExecSpec.State_H	Sel4Lean.Spec.M.Kernel_Thread.wordRadix
CNode_H.updateMDB	ExecSpec.CNode_H	Sel4Lean.Spec.M.Object_CNode.updateMDB
CNode_H.updateCap	ExecSpec.CNode_H	Sel4Lean.Spec.M.Object_CNode.updateCap
CNode_H.emptySlot	ExecSpec.CNode_H	Sel4Lean.Spec.M.Object_CNode.emptySlot
CNode_H.cteRevoke	ExecSpec.CNode_H	Sel4Lean.Spec.M.Object_CNode.cteRevoke
CNode_H.cteInsert	ExecSpec.CNode_H	Sel4Lean.Spec.M.Kernel_Thread.cteInsert
CNode_H.cteDelete	ExecSpec.CNode_H	Sel4Lean.Spec.M.Object_CNode.cteDelete
VSpace_H.initCPU	ExecSpec.VSpace_H	Sel4Lean.Spec.M.Kernel_Init.initCPU
Types_H.noRights	ExecSpec.Types_H	Sel4Lean.Spec.M.API_Types.noRights
Types_H.fromCPtr	ExecSpec.Types_H	Sel4Lean.Spec.CPtr.fromCPtr
Thread_H.initTCB	ExecSpec.Thread_H	Sel4Lean.Spec.M.Kernel_Init.initTCB
State_H.wordSize	ExecSpec.State_H	Sel4Lean.Spec.M.Data_WordLib.wordSize
API_H.callKernel	ExecSpec.API_H	Sel4Lean.Spec.M.SEL4.callKernel
CNode_H.cteSwap	ExecSpec.CNode_H	Sel4Lean.Spec.M.Object_CNode.cteSwap
CNode_H.cteMove	ExecSpec.CNode_H	Sel4Lean.Spec.M.Object_CNode.cteMove
Types_H.Region	ExecSpec.Types_H	Sel4Lean.Spec.Region
TCB_H.mapMaybe	ExecSpec.TCB_H	Sel4Lean.Spec.M.Data_Helpers.mapMaybe
CNode_H.setCTE	ExecSpec.CNode_H	Sel4Lean.Spec.M.Object_CNode.setCTE
CNode_H.getCTE	ExecSpec.CNode_H	Sel4Lean.Spec.M.Object_TCB.getCTE
Types_H.CPtr	ExecSpec.Types_H	Sel4Lean.Spec.CPtr
